"","Field1","Project_Ti","Grantee","Grantee_Ty","Project_Sp","County","Project_La","Amount_Spe","Practices","Project_Su","Town","Zip_Code","Cropland","Rangeland","Orchard","Subsistenc","Forest_Lan","Wildlife_H","Cover_crop","Planting_h","Establishi","No_till_co","Multi_crop","Crop_lives","Planned_gr","Bale_grazi","Mulching","Compost_ap","Microbial_","Wetland_ri","Other","Eligible_E","Creator","Editor","X","Y","FID","EditDate","CreationDa","Acres","Project_Ye"
"1",1,"Pilot Project to Improve Soils at Villanueva Fields","Villanueva Fields Farm","Individual Applicant","Tierra y Montes SWCD","San Miguel","Cropland",2731.79,"No-till; subsoil plowing","Transform dirt to healthy, regenerating soil on 6 acequia-irrigated acres with low fertility, so that food and cover crops grow sucessfully, and vigor and diversity improve, via these three objectives: 1. Improve my long-term soil improvement plan by working with soil health consultants to diagnose problems and refine farm practices to keep living roots in the soil and maximize soil and plant biodiversity. This will improve my ability to keep soil covered.
2. Purchase and/or contract equipment to help jumpstart soil improvement to address compaction that is inhibiting the establishment of roots by using a subsoil plow on 2 acres and address poor plant diversity by using a no-till drill on 5 acres (1 acre overlap).
3. Enrich the local agricultural community by involving neighbors and youth in the process of learning to improve area soils, so the community has more diverse and current models long-term agricultural, economic and biological success and diversity.","Villanueva
",87583,"Y","N","N","N","N","N","N","N","N","Y","N","N","N","N","N","N","N","N","Y","Tierra y Montes SWCD","NMSU_SparcLab","NMSU_SparcLab",-11729374.4922,4199458.7325,1,"2023-06-11","2023-06-11",6,2020
"2",2,"Reduced tillage with permanent raised bed establishment and living mulch trial to improve soil health in furrow irrigated specialty crop production.","NMSU Cooperative Extension","Individual Applicant","N/A","Valencia","Cropland; Urban Garden",8789,"Diverse cover crop; conservation tillage; living mulch; pollinator habitat","During the 2020 production season, a pilot study will be conducted to 1) establish reduced tillage, permanent raised bed production (PRB) research sites and 2) select living mulch cultivars that provide a) nutrients, cover, and a living root to normally exposed soil, b) a floral resource for pollinators, and c) act as a secondary crop for producers. The combination of these practices will reduce erosion and the impact of furrow irrigation on soil health and structure.","Los Lunas",87031,"Y","N","N","Y","N","N","Y","N","N","Y","N","N","N","N","N","N","N","N","Y","NMSU Cooperative Extension Service","NMSU_SparcLab","NMSU_SparcLab",-11884520.6124,4132551.3856,2,"2023-06-11","2023-06-11",2,2020
"3",3,"Using Cover Crops/Livestock/Adaptive Grazing to Restore Soil Health","CS Ranch","Individual Applicant","Colfax SWCD","Colfax","Cropland; Rangeland",7845.66,"Diverse cover crop; no-till; rotational grazing; rangeland grass restoration","This project will address an old alfalfa/brome hay field (South Hayward Field) that was farmed/hayed for decades, beginning in the 1930’s. The 360 acres has not been irrigated since 2008. The drought and lack of irrigation caused this field to decline rapidly in the last 10 years with over 50% bare ground on parts of the farmed areas of this 748-acre field. Planting a diverse cover crop with a no-till drill in the spring of 2020, applying high-intensity adaptive grazing with cattle during the growing season will significantly speed up the process of re-establishing armor/cover on the field to improve soil health.","Cimarron",87714,"Y","Y","N","N","N","N","Y","N","Y","Y","N","N","Y","N","N","N","N","N","N","Colfax SWCD","NMSU_SparcLab","NMSU_SparcLab",-11677188.5999,4370017.3539,3,"2023-06-11","2023-06-11",360,2020
"4",4,"New Beginnings: Use of Ground Cover and Livestock to Improve Soil Health","M-Scar Farm & Ranch
","Individual Applicant","Colfax SWCD","Colfax","Cropland; Rangeland",17393.25,"Restoring conservation grass cover; no-till seeding; intensive grazing & stockwater development; bale grazing","Covering the ground with multiple species of plants is important for improving soil health.  This project will utilize both warm and cool season seed mixes to plant cropland and pastureland to regenerate soil.  Integration of livestock will add fertilizer and incorporate organic matter into the ground.  Using this project as a backdrop for educating children in the ways of generating healthy soil is a viable agricultural setting for future generations.","Maxwell",87728,"Y","Y","N","N","N","N","N","N","Y","Y","N","N","Y","Y","N","N","N","N","N","Colfax SWCD","NMSU_SparcLab","NMSU_SparcLab",-11645473.6913,4376748.5173,4,"2023-06-11","2023-06-11",410,2020
"5",5,"Semillas de Los Griegos Community Garden Soil Enhancement Project","Semillas de Los Griegos Community Garden","Individual Applicant","Ciudad SWCD","Bernalillo","Urban Garden",698.05,"Diverse cover crop, no-till, compost production & application; pollinator habitat; hedgerows
","Our garden is located on 5 acres of deserted baseball fields, which have been lying fallow for 5 years. The soil is poor and compacted, with minimal vegetation to prevent wind erosion. Our objectives are to improve the capacity of the soil to function as a vital, living ecosystem that sustains plants, animals, and humans.","Albuquerque",87107,"N","N","N","Y","N","N","Y","Y","Y","Y","N","N","N","N","N","Y","N","N","Y","Ciudad SWCD","NMSU_SparcLab","NMSU_SparcLab",-11873929.2701,4182266.1473,5,"2023-06-11","2023-06-11",5,2020
"6",6,"Healthy Soil Program Proposal","Bo Wallace","Individual Applicant","Canadian River SWCD","Quay","Cropland",2988.03,"Cover crop; ditch lining","My proposal for the Healthy Soil Program is to improve soil conditions on a 80 acre farm located near Tucumcari, New Mexico. I would achieve this by increasing biodiversity, improving soil coverage, and reducing water waste. My first objective is to establish a 20 acre alfalfa field that is currently being used for wheat. Planting a perennial crop would reduce soil distubance and provide year round soil coverage. The importance of this would be to recude the current loss of top soil to high winds. The second objective is to reduce water waste by lining a dirt irrigation ditch and reservoir that is currently being used on the farm.","Tucumcari",88401,"Y","N","N","N","N","N","Y","N","N","N","N","N","N","N","N","N","N","N","Y","Canadian River SWCD","NMSU_SparcLab","NMSU_SparcLab",-11534480.4163,4183492.9251,6,"2023-06-11","2023-06-11",20,2020
"7",7,"Rio Fernando Park: Regenerative Agriculture Restoration Project","Taos Land Trust","Individual Applicant","N/A","Taos","Cropland",17391.49,"Diverse cover crop; no-till; compost application; pollinator habitat","An extensive community Master Planning process helped to define the vision for the park, part of which matches our goal under this grant program: to operate as an agricultural demonstration area for the practice of healthy soil principles and regenerative ag practices. To this end, approximately 8 of the 20 acres is being farmed and restored towards functioning, productive agrciultural use. Specifically, we will plant 6 acres with rye, wheat, and barley using a no-till seeder; the remaining 2 acres will be planted as native pollinator habitat. All 8 acres will be flood-irrigated and treated with soil amendments; high-quality compost created on the property will be spread as compost extract to further encourage microbial health.","Taos",87514,"Y","N","N","N","N","N","Y","N","Y","Y","N","N","N","N","N","Y","N","N","N","Vigil y Romo Acequia","NMSU_SparcLab","NMSU_SparcLab",-11753870.6797,4355750.559,7,"2023-06-11","2023-06-11",8,2020
"8",8,"Building Soil for our Future","Cecilia Rosacker","Individual Applicant","Socorro SWCD","Socorro","Cropland",610,"Diverse cover crop, conservation till; livestock integration in cropland","On our 28 acre flood irrigated farm located in Polvadera, New Mexico, we would like to do trials on 8 acres to regenerate the soil and improve soil health in order to improve crop production. We currently raise livestock (mainly cows and occasionally chickens and pigs) on our pastured fields and we grow two acres of specialty vegetable crops for sale to restaurants, grocery stores, and farmers markets. We have always practiced cover cropping, rotational grazing, and crop rotational gardening and would like to continue this practice and expand it to our other fields.","Polvadera",87823,"Y","N","N","N","N","N","Y","N","N","Y","N","Y","N","N","N","N","N","N","N","Socorro SWCD","NMSU_SparcLab","NMSU_SparcLab",-11901588.859,4056154.0293,8,"2023-06-11","2023-06-11",8,2020
"9",9,"Berm & Swale ""HugelKeltur"" Runoff Catchment Food Forest","Wildharber Farm","Individual Applicant","East Rio Arriba SWCD","Rio Arriba","Cropland",1722.09,"Diverse cover crop; mulching; Hugelkultur","I intend to use a German method of growing called ""hugelkultur"", in which logs, brush, and mulch are buried and covered with soil to create growing mounds with rich organic matter interiors. In New Mexico, I have adapted this method to be more subterranean and in a floodirrigated system because of our arid climate. I have found that this method works well to keep the soil covered, minimize soil disturbance on cropland, maximize biodiversity, and maintain a living root. I will also plant a food forest and local cover crops to maximize the efforts of regenerating the soil.","Española",87532,"Y","N","N","N","N","N","Y","N","N","N","N","N","N","N","Y","N","N","N","Y","East Rio Arriba SWCD","NMSU_SparcLab","NMSU_SparcLab",-11807905.1174,4295388.2497,9,"2023-06-11","2023-06-11",0,2020
"10",10,"Re-establishing Soil Health on a Family Farm with Deep Roots","El Rincon Farm","Individual Applicant","East Rio Arriba SWCD","Rio Arriba","Cropland",9426.31,"Cover crop; no-till; mulching; livestock integration on cropland","Our overarching purpose is to improve compromised soil on 2 acres of a larger, 25-acre family run farm to establish long term fertility, create resilience to the changing climate, and to jumpstart a regenerative model guiding the family practices on the remaining acreage.","Chimayo",87522,"Y","N","N","N","N","N","Y","N","N","Y","N","Y","N","N","Y","N","N","N","N","East Rio Arriba SWCD","NMSU_SparcLab","NMSU_SparcLab",-11791954.9462,4301966.2104,10,"2023-06-11","2023-06-11",2,2020
"11",11,"Land Restoration through the Flood Irrigation of a Perennial Multi-species Cover Crop","Solarpunk Farm","Individual Applicant","Ciudad SWCD","Bernalillo","Cropland",638.05,"Diverse cover crop","The primary goal for this project is to restore the soil health and bring into vegetable production an ⅛-acre field which has been fallow for many years, and currently has high weed pressure.  Roughly half of the target area has been leveled by hand and seeded with a basic cover crop. The resources requested will permit the remainder of the land to be efficiently irrigated so that a perennial multi-species cover crop can be established.","Albuquerque",87104,"Y","N","N","N","N","N","Y","N","N","N","N","N","N","N","N","N","N","N","N","Ciudad SWCD","NMSU_SparcLab","NMSU_SparcLab",-11874998.8273,4179763.2719,11,"2023-06-11","2023-06-11",0,2020
"12",12,"ReLeaf Farm - Integration of Sustainable Soil Management","Natural ReLeaf Farm","Individual Applicant","Doña Ana SWCD","Doña Ana","Cropland",1072.2,"Cover crop","Rio Fernando Park is a 20-acre multi-use public park in the heart of downtown Taos. Owned by Taos Land Trust, Rio Fernando Park operates in part as an agricultural demonstration area for the practice of healthy soil principles and regenerative agriculture. 2021 will be our third growing season practicing healthy soil principles, including testing soil and adjusting practices based on those results.","Berino",88048,"Y","N","N","N","N","N","Y","N","N","N","N","N","N","N","N","N","N","N","N","Doña Ana SWCD","NMSU_SparcLab","NMSU_SparcLab",-11869057.802,3772679.2888,12,"2023-06-11","2023-06-11",35,2020
"13",13,"Sandia Pueblo Agricultural Science, Education, and Community Garden Project","Pueblo of Sandia","Individual Applicant","Coronado SWCD","Sandoval","Cropland",15508.56,"Diverse cover crop; livestock integration on cropland; polinator habitat","The goal of this project is to help our current and future farmers/ranchers better understand the need for soil testing fertilization, crop cover, minimizing soil disturbance with as little plowing/tilling as possible to maintain a living root, while maintaining moisture in the soil, introducing a pllinator enhancement plan to bring back pollinators to all fields and ordchards to help pollinate all crops, both above and below ground pollinator dwellers. Also, a bison berd will be kept within the community garden during the fall and winter season to fertilize and cultivate the cropland, thus maximizing the biodiversity and integrating animals into land management. Finally a community hoop house will be constructed and a part-time gardener will be hired to oversee project operations and maintain equipment and garden wellness.","Bernalillo",87004,"Y","N","N","N","N","N","Y","N","Y","N","N","Y","N","N","N","N","N","N","N","Coronado SWCD","NMSU_SparcLab","NMSU_SparcLab",-11863689.4337,4198581.3863,13,"2023-06-11","2023-06-11",7,2020
"14",14,"Soil and land restoration in Jaconita, NM","Christopher & Kimberly Sheehan","Individual Applicant","N/A","Santa Fe","Cropland",5783.4,"Cover crop; mulchung; keyline countouring","Overall project goal: We are new farmers in Jaconita, New Mexico working to establish a small-scale, biodynamic farm on 6 acres of fallow lands that has only been used for grazing horses. Objectives to attain the overall goal: -Perform Keyline contouring in the areas of the farm that need work for even distribution of the acequia water resource. -Seeding using the Keyline approach and a gentle imprint seeder in order to establish a healthy ground cover. -By March of 2020 we propose to mulch the orchard as awell as a portion of the irrigable acreage in preparation for planting row crops using no till practices. -Conduct soil testing before and after implementation of the project.","Jaconita",87506,"Y","N","N","N","N","N","Y","N","N","N","N","N","N","N","Y","N","N","N","Y","Acequia de la Otra Banda","NMSU_SparcLab","NMSU_SparcLab",-11803322.9304,4285797.1448,14,"2023-06-11","2023-06-11",3,2020
"15",15,"Restoring Urban Interace to Native NM Grassland","Timsan & Sandi Wilkie","Individual Applicant","Carlsbad SWCD","Eddy","Cropland",7504.74,"Compost application; mulch application; range planting; planned grazing; bale grazing","The plan is to use grazing disturbance and natural fertilization to encourage restoration and ecosystem health. Weanling aged cattle will be rotated throughout the study site using high-frequency/low-intensity methods to promote regenerative plant growth; seeding and mulching will be implemented to further increase soil health and biodiversity.","Carlsbad",88220,"Y","N","N","N","N","N","N","N","Y","N","N","N","Y","Y","Y","Y","N","N","N","Carlsbad SWCD","NMSU_SparcLab","NMSU_SparcLab",-11606923.9211,3815059.2589,15,"2023-06-11","2023-06-11",3,2020
"16",16,"Building a Community Garden from the Ground Down","Jeffrey Parks","Individual Applicant","Ciudad SWCD","Bernalillo","Urban Garden",5570.92,"Diverse cover crop; compost applincation; mulch","We are hoping to set the standard for community gardens. The plan is to grow cover crops used as mulch and compost, creating a sustainable garden and using the ""Triple Drip®"" irrigation to grow both up and down. We plan to spread 1"" of compost, rototill 6"" deep, plant cover crops (legumes etc.), mulch, spring harvest the cover crops, plant vegetables, mulch and harvest.","Albuquerque",87106,"N","N","N","Y","N","N","Y","N","N","N","N","N","N","N","Y","Y","N","N","N","Ciudad SWCD","NMSU_SparcLab","NMSU_SparcLab",-11867636.8237,4172183.4753,16,"2023-06-11","2023-06-11",1,2020
"17",17,"Improving Pasture and Farm Soil by Adding Microbiology","Helms and Armijo Farms","Individual Applicant","Sierra SWCD","Sierra","Cropland",688,"Compost application","Our goal is to improve soil on the Helms and Armijo farms by applying a compost tea full of beneficial bacteria and fungi which will work to maximize biodiversity and capture carbon in the soil. We believe this project will eliminate the need for chemical fertilizers and reduce the amount of irrigation water needed on these farm fields.","Williamsburg",87942,"Y","N","N","N","N","N","N","N","N","N","N","N","N","N","N","Y","N","N","N","Sierra SWCD","NMSU_SparcLab","NMSU_SparcLab",-11951364.425,3908153.9682,17,"2023-06-11","2023-06-11",10,2021
"18",18,"New Beginnings Phase 2- Use of Ground Cover & Livestock to Improve Soil Health","M-Scar Farm","Individual Applicant","Colfax SWCD","Colfax","Cropland; Rangeland",16783.15,"Planting cover crops; adopting no-till; integrating crop-livestock systems; bale grazing","New Beginnings Phase 2, will continue to improve soil health by utilizing all 5 soil health principles. We plan to continue to bale graze and cover bare ground on our 410 acres in Maxwell, New Mexico. As we begin our second year of operation, last year’s improvements have been accomplished as we have reduced bare ground by 25% on our farm. Our goal this year is to cover 100% of our bare ground.","Maxwell",87728,"Y","Y","N","N","N","N","Y","N","N","Y","N","Y","N","Y","N","N","N","N","N","Colfax SWCD","NMSU_SparcLab","NMSU_SparcLab",-11639676.4049,4377890.4363,18,"2023-06-11","2023-06-11",410,2021
"19",19,"Covering the soil and introducing beneficial microbes with biochar compost in forested ranch","American Creek Properties","Individual Applicant","Colfax SWCD","Colfax","Rangeland",3145.8,"Compost application;  biochar application","We propose to “keep the soil covered” and “maximize biodiversity” by deploying a biochar- compost mixture across 20 acres of actively grazed lands that are currently underperforming in terms of plant productivity and are at risk of erosion. We will assess the benefits to the soil, plants, and cattle and share our results publicly.","Eagle Nest",87718,"N","Y","N","N","N","N","N","N","N","N","N","N","N","N","N","Y","N","N","Y","Colfax SWCD","NMSU_SparcLab","NMSU_SparcLab",-11718700.3869,4366475.9652,19,"2023-06-11","2023-06-11",20,2021
"20",20,"Martinez Ranch transition to Regenerative Practices","Martinez Ranch","Individual Applicant","Taos SWCD","Taos","Cropland; Rangeland",1887,"Planting cover crops; adopting no-till;  planned grazing","The project will be to begin transitioning the applicant’s crop and pasture land to the regenerative agriculture model.  The focus will be to plant diverse plant species using “no-till” practices.  Soil testing will be used establish the current baseline of the soil.  The goal will be to improve the productivity of the land through plant diversity, improved water retention, nutrient cycling, and livestock.","Taos",87571,"Y","Y","N","N","N","N","Y","N","N","Y","N","Y","Y","N","Y","Y","Y","N","Y","Taos SWCD","NMSU_SparcLab","NMSU_SparcLab",-11755890.3505,4356117.5775,20,"2023-06-11","2023-06-11",44,2021
"21",21,"Quay Ranch Orchard and Rangeland Soil Health Improvement Project","Quay Ranch","Individual Applicant","Canadian River SWCD","Quay","Cropland; Rangeland; Orchard",10310.44,"Cover cropping; mulching; reduced tillage; compost production & application; microbial inoculation; integrating crop-livestock system; managed grazing plan for chickens","The proposed project aims to implement soil restoration practices that retain soil and water across 10 acres of degraded rangelands on the Quay Ranch. The project includes two locations: (a) an orchard development area at the higher elevation of the ranch and (b) a degraded grazing area at the lower end of the property with a potential to retain water and soil. Both sites address all Five Soil Health Principles.","Tucumcari",88401,"Y","Y","Y","N","N","N","Y","N","N","N","N","N","N","N","N","N","N","N","N","Canadian River SWCD","NMSU_SparcLab","NMSU_SparcLab",-11551329.5191,4195251.1051,21,"2023-06-11","2023-06-11",10,2021
"22",22,"Cover Cropping Systems for Dryland Farming","Randall Rush","Individual Applicant","SW Quay SWCD","Quay","Cropland",20824.2,"Planting cover crops; planned grazing","The goal of this project is to better understand and establish a cover cropping system on dry land that  1) is economically feasible  2) improves upon soil organic matter content 3) controls erosion  4) integrates with a weed management program and 5) discovers and utilizes plant species that are suitable for Eastern NM. Upon completion, the land should be healthier and add consistency to crop and forage yields.","McAlister",88427,"Y","N","N","N","N","N","Y","N","N","N","N","N","Y","N","N","N","N","N","N","Southwest Quay SWCD","NMSU_SparcLab","NMSU_SparcLab",-11545508.5273,4138637.8046,22,"2023-06-11","2023-06-11",571,2021
"23",23,"Building Healthy Soil While Replanting an Orchard","Tedford Farm","Individual Applicant","Santa Fe-Pojoaque SWCD","Santa Fe","Rangeland; Orchard",3865.03,"Establishing native grass conservation cover","Tedford Farm aims to build soil health while replanting trees in an old orchard. By removing the shrubs that have invaded and planting a orchard cover crop among the trees and a dry grassland and forb mix, we will increase biodiversity and promote beneficial microbial and pollinator populations, reduce bare ground, and maintain living roots through the variety of perennial vegetation.","La Puebla",87532,"N","Y","Y","N","N","N","N","N","Y","N","N","N","N","N","N","N","N","N","N","Santa Fe-Pojoaque SWCD","NMSU_SparcLab","NMSU_SparcLab",-11799414.2846,4297636.0002,23,"2023-06-11","2023-06-11",4,2021
"24",24,"Adding compost to vegetable garden beds","Amelia Vogel","Individual Applicant","Valencia SWCD","Valencia","Cropland",939.68,"Mulching; compost application","Our efforts to create vegetable garden beds through sheet-mulching are already showing lots of promise. So far, we have used corrugated cardboard and arborist woodchips, materials that are abundant and available for free in our community. We would like to purchase compost to increase water retention and cation exchange capacity as well as to nourish microbes and other soil organisms…to grow healthy food.","Belen",87002,"Y","N","N","N","N","N","N","N","N","N","N","N","N","N","Y","Y","N","N","N","Valencia SWCD","NMSU_SparcLab","NMSU_SparcLab",-11883900.5564,4117030.9825,24,"2023-06-11","2023-06-11",1,2021
"25",25,"Native Grasses, Lavender, and Alpacas","Bluefly Farms","Individual Applicant","Valencia SWCD","Valencia","Cropland",2500,"Planting native grasses, & other native vegetation cover","We aim to establish a mix of native, drought tolerant grasses in our production lavender field as perennial living mulch and row cover as well as forage for our alpacas.","Peralta",87042,"Y","N","N","N","N","N","N","N","Y","N","N","N","N","N","N","N","N","N","N","Valencia SWCD","NMSU_SparcLab","NMSU_SparcLab",-11879010.9005,4140405.988,25,"2023-06-11","2023-06-11",0,2021
"26",26,"Implementing Regenerative Ag Practices","Skrak Farm","Individual Applicant","Coronado SWCD","Sandoval","Cropland",30597,"Planting cover crops; compost application","Utilizing the application of soil plant biodiversity/rotation and livestock rotation to improve organic matter in soil utilizing organic products and practices.  I base my approach from taking soil samples and utilizing the Haney soil testing to have a greater understanding of my soil needs.   I have attached a most recent Haney soil review.","Peña Blanca",87041,"Y","N","N","N","N","N","Y","N","N","N","N","N","N","N","N","Y","N","N","N","Coronado SWCD","NMSU_SparcLab","NMSU_SparcLab",-11838813.1826,4240788.5318,26,"2023-06-11","2023-06-11",40,2021
"27",27,"Spirithaven Healthy Soils Grant Proposal 2020","Spirithaven Ranch","Individual Applicant","Guadalupe SWCD","Guadalupe","Cropland; Rangeland",20641.3,"Planting cover crops; planned grazing","The Spirithaven Healthy Soils Project (HSP) focuses on 65 agriculturally productive acres where we will implement a combination of proven soil health improvement practices, managed grazing practices and data collection protocols to demonstrate the efficacy of soil health and improvement practices in conjunction with the correct managed grazing practices.","Santa Rosa",88345,"Y","Y","N","N","N","N","Y","N","N","N","N","N","Y","N","N","N","N","N","N","Guadalupe SWCD","NMSU_SparcLab","NMSU_SparcLab",-11649319.5255,4150022.7858,27,"2023-06-11","2023-06-11",65,2021
"28",28,"Improve Soils and Water Conservation at Dobie Farms Pecan Orchard (Mesilla, NM)","Dobie Farms Pecan Orchard / Jean Fulton & Sonya Cooper","Individual Applicant","Doña Ana SWCD","Doña Ana","Orchard",2233.07,"Planting cover crops; introducing earthworms","Improve soils by re-seeding with shade-tolerant and drought-resistant “Persist” Orchard Grass seed. Introduce beneficial insects such as ladybugs to live in the root/soil matrix. Introduce keystone species, including earthworms. Work with the NMDA and 3Tier Tech (3tiertech.com)  consultants to improve the soil microbial ecosystem. Provide complete project documentation.","Mesilla",88005,"N","N","Y","N","N","N","Y","N","N","N","N","N","N","N","N","N","N","N","Y","Doña Ana SWCD","NMSU_SparcLab","NMSU_SparcLab",-11889230.1774,3797454.8742,28,"2023-06-11","2023-06-11",18,2021
"29",29,"La Carreta Farm and Orchard Healthy Soil Improvements for 2021","La Carreta Farm","Individual Applicant","East Rio Arriba SWCD","Rio Arriba","Cropland; Rangeland",4148.6,"Planting cover crops; composted manure application","The purpose of this healthy Soil Proposal is to replenish health to soil on the farm that once had pasture grasses and green manure cover crop. Besides planting new cover crops and pasture grass, I also would like to enhance the soil by new additions of compost, aged manure, Vermiculture worm castings . This approach helps to prevent erosion, manage weeds, integrate habitat for wild pollinators simultaneously.","Dixon",87527,"Y","Y","N","N","N","N","Y","N","N","N","N","N","N","N","N","Y","N","N","N","East Rio Arriba SWCD","NMSU_SparcLab","NMSU_SparcLab",-11783763.8484,4326832.0829,29,"2023-06-11","2023-06-11",0,2021
"30",30,"Firstfruit Orchards Inc.","Firstfruit Orchards Inc.","Individual Applicant","Doña Ana SWCD","Doña Ana","Orchard",6910,"Planting cover crops; integrated crop-livestock system; compost application","Cover Crop seeding of land under Pecan trees. In 2020 we grazed under the pecan trees.. We inoculate with Bacteria and Fungi each month of the growing season to stimulate the microbes and increase digestion of animal manure and cover crop residues which also improves the nutrient cycling. Our goal is  also to improve water infiltration and water holding capacity by improved organic matter. Also, we have stopped conventional/synthetic inputs and mainly utilize organic inputs for NPK and other nutrients. Our goal is to regenerate our soils and raise yield and quality of the crop simultaneously.","Mesquite",88048,"N","N","Y","N","N","N","Y","N","N","N","N","Y","N","N","N","Y","N","N","N","Doña Ana SWCD","NMSU_SparcLab","NMSU_SparcLab",-11878003.5951,3783841.312,30,"2023-06-11","2023-06-11",120,2021
"31",31,"Holistic Cover Cropping for Produce Production","Brett Ellison & August Young","Individual Applicant","East Rio Arriba SWCD","Rio Arriba","Cropland",6339.97,"Planting cover crops; adopting no-till","This project will incorporate a variety of living covers in permanent produce aisles and introduce annual cover crops in bed tops. The increased soil health, water-saving, and pollinator and insect attraction from cover cropping will create long-term benefits for our farm and the surrounding natural habitats of the Rio Grande river corridor.","El Guique",87566,"Y","N","N","N","N","N","Y","N","N","Y","N","N","N","N","N","N","N","N","N","East Rio Arriba SWCD","NMSU_SparcLab","NMSU_SparcLab",-11807034.7689,4314407.9985,31,"2023-06-11","2023-06-11",20,2021
"32",32,"Regenerative Agriculture Restoration at Rio Fernando Park","Taos Land Trust","Individual Applicant","N/A","Taos","Wildlife Habitat",6621.3,"Planting cover crops; adopting no-till; mulching; compost application; microbial stimulation; planting pollinator habitat","Project consists of cover cropping 200 acres.  75 landowner/producers will participate.  6 videos (youth film makers) and 500 durable local soil health guides will be created.  Producers will be serviced via initial and final rapid field soil assessments and initial soil test.  1 livestock management workshop and 6 general soil workshops will be held.","Taos",87571,"N","N","N","N","N","Y","Y","N","Y","Y","N","N","N","N","Y","Y","Y","N","N","Vigil y Romo Acequia","NMSU_SparcLab","NMSU_SparcLab",-11753870.6797,4355750.559,32,"2023-06-11","2023-06-11",8,2021
"33",33,"Los Ranchos’ Agri-Nature Center Growing Healthy Soils Project","Los Ranchos' Agri-Nature Center","Individual Applicant","Ciudad SWCD","Bernalillo","Cropland",3508.33,"Planting cover crops; adopting no-till; compost application;  compost production","This project focuses on two main goals intended to use Healthy Soil Principles to begin growing healthy soils and maximizing biodiversity: 1) planting four selected cover crops and wild flowers between test plots to evaluate which most effectively increase organic matter & 2) building and equipping a compost demonstration site to compare different composting approaches and test their effectiveness in our field.","Los Ranchos de Albuquerque",87107,"Y","N","N","N","N","N","Y","N","N","Y","N","N","N","N","N","Y","N","N","Y","Ciudad SWCD","NMSU_SparcLab","NMSU_SparcLab",-11873538.707,4183894.5078,33,"2023-06-11","2023-06-11",4,2021
"34",34,"Atrisco Community Farm Pasture and Orchard Regeneration","Artisco Community Farm","Individual Applicant","Ciudad SWCD","Bernalillo","Cropland; Rangeland; Orchard",2881.5,"Planting cover crops, planting perennial grasses & flowering hedge; multi-cropping; adopting no-till; planned grazing; compost application","We aim to improve soil health at Atrisco Community farm in Albuquerque’s South Valley. This site has a long history of agricultural use but has been seriously neglected for the past decade, until we began working on it several years ago. Our project has historically addressed all of the elements of the healthy soil principles, and we wish to refine and expand these efforts. We will continue to improve soil health by regenerating abandoned pastures, installing a mixed orchard, and continuing to make cropland improvements.","Albuquerque",87105,"Y","Y","Y","N","N","N","Y","N","Y","Y","Y","N","Y","N","N","Y","N","N","N","Ciudad SWCD","NMSU_SparcLab","NMSU_SparcLab",-11878181.0146,4169232.2502,34,"2023-06-11","2023-06-11",1,2021
"35",35,"Enabling Soil Regeneration to Increase Food Security","Brazos View Farm","Individual Applicant","Upper Chama SWCD","Rio Arriba","Cropland",4496.13,"Planting cover crops; mulching; compost production; improved irrigation; planting pollinator habitat; mob grazing","My long-term goal is to establish soil resilience on the farm to protect my agricultural operation against extended droughts and climate change. The proposed project is the first phase of a multi-year effort to regenerate the soil and establish a thriving food production operation in the face of climate change.","Los Ojos",87551,"Y","N","N","N","N","N","Y","N","Y","N","N","N","Y","N","Y","N","N","N","Y","Upper Chama SWCD","NMSU_SparcLab","NMSU_SparcLab",-11862960.422,4403945.4974,35,"2023-06-11","2023-06-11",11,2021
"36",36,"Growing Forward Farm Healthy Soils Demonstration Project","San Juan County Extension – Growing Forward Farms","Individual Applicant","San Juan SWCD","San Juan","Cropland",22526.91,"Planting cover crops; no-till/reduced till; mulching; compost production & application; riparian buffer strip; pollinator habitat","San Juan County Extension seeks to develop the multi-agency “Growing Forward Farm” Healthy Soils Demonstration Area on 12 acres of county-owned land across from the Extension Office, and within a mile of the San Juan SWCD and NRCS offices. The currently fallow site will be improved via educational demos of cover crops, improved tillage practices, multiple compost methods, and biodiversity planting.","Aztec",87410,"Y","N","N","N","N","N","Y","N","Y","Y","N","N","N","N","Y","Y","N","N","Y","San Juan SWCD","NMSU_SparcLab","NMSU_SparcLab",-12024669.2576,4414513.6525,36,"2023-06-11","2023-06-11",12,2021
"37",37,"A Green Winter in Gila","Dirty Earth Farms","Individual Applicant","Grant SWCD","Grant","Cropland",6547.24,"Planting cover crops; planting pollinator habitat; multi-cropping; adopting no-till or conservation tillage; integrated crop-livestock systems; production & use of mulch, organic soil amendments, and microbial inoculants","The main resource concerns we hope to address are lack of biodiversity & biomass, compaction, and lack of soil structure & ground cover. We are going to help mitigate these concerns by applying cover crop seeds, compost, then straw. We will also build a hawk box for pest control & biodiversity.","Gila",88038,"Y","N","N","N","N","N","Y","N","Y","Y","Y","Y","N","N","Y","Y","Y","N","N","Grant SWCD","NMSU_SparcLab","NMSU_SparcLab",-12089189.6497,3888062.8485,37,"2023-06-11","2023-06-11",1,2022
"38",38,"Rio Grande Community Farm Soil Health Improvements","Rio Grande Community Farm","Individual Applicant","Ciudad SWCD","Bernalillo","Cropland; Wildlife Habitat",3094.7,"Planting diverse cover crop; multi-cropping; no-till seeding; compost application","At Rio Grande Community Farm, resource concerns are bare ground, single crop production, and reduced nutrient cycling. We invoke soil health principles of maintaining cover year-round, minimizing disturbance by no-till techniques, maximizing biodiversity, and maintaining living roots. We intend to maintain heritage, agricultural production, and wildlife for generations to come.","Albuquerque",87107,"Y","N","N","N","N","Y","Y","N","N","Y","Y","N","N","N","N","Y","N","N","N","Ciudad SWCD","NMSU_SparcLab","NMSU_SparcLab",-11873153.9509,4183128.9321,38,"2023-06-11","2023-06-11",17,2022
"39",39,"HEALTHY SOILS ALONG THE ACEQUIA: Orchard Renewal and Restoration in Velarde: Low Cost-High Impact","Barbara Jackson","Individual Applicant","East Rio Arriba SWCD","Rio Arriba","Orchard",9000.8,"Planting cover crops; adopting no-till or conservation tillage; mulching; bokashi compost production & application; soil microbial stimulation and inoculation","This project demonstrates a low cost, effective approach to improving soil health using Bokashi made on site, mulching and cover cropping to address the resource concerns of soil erosion, low soil organic matter, poor soil structure, a need to use water effciently and threats to biodiversity in a fallow orchard.","Velarde",87582,"N","N","Y","N","N","N","Y","N","N","Y","N","N","N","N","Y","Y","Y","N","Y","East Rio Arriba SWCD","NMSU_SparcLab","NMSU_SparcLab",-11797965.9748,4321545.4452,39,"2023-06-11","2023-06-11",3,2022
"40",40,"High Plains Regeneration Project","Kimberly Bostwick","Individual Applicant","Central Curry SWCD","Curry","Cropland; Rangeland",17094,"Planting cover crops; no-till seeding; planned grazing with appropriate graze and recovery periods; integrated crop-livestock systems; bale grazing","This project will address wind erosion and low soil organic matter on cropland and low plant productivity on rangeland. I plan to utilize no-till cover crops to keep the soil covered and a living root in the ground. Animal integration will both fertilize and stimulate plant production on all acres.","Melrose",88124,"Y","Y","N","N","N","N","Y","N","N","Y","N","Y","Y","Y","N","N","N","N","N","Central Curry SWCD","NMSU_SparcLab","NMSU_SparcLab",-11521016.4022,4100062.1876,40,"2023-06-11","2023-06-11",1097,2022
"41",41,"Developing an Integrated Soil Health Demonstration Farm","David & Mary Lucero","Individual Applicant","De Baca SWCD","De Baca","Rangeland; Orchard",10794.96,"Planting cover crops; planting perennial grasses in pastures; planting native shrubs along field edges; no-till seeding; planned grazing with appropriate graze and recovery period; integrated crop-livestock systems; compost application; soil microbial stimulation and inoculation","This project strives to reduce erosion and compaction, improve water infiltration, increase organic matter, and improve soil structure by adding biodiversity to a demonstration farm in DeBaca County. The project will involve adding native plants and perennial grasses, making and spreading compost on-site, and intensifying grazing management.","Fort Sumner",88119,"N","Y","Y","N","N","N","Y","Y","Y","Y","N","Y","Y","N","N","Y","Y","N","N","De Baca SWCD","NMSU_SparcLab","NMSU_SparcLab",-11601808.6024,4090973.2681,41,"2023-06-11","2023-06-11",8,2022
"42",42,"Rockin' L Farm Improvements","Rockin' L Farm","Individual Applicant","Grant SWCD","Grant","Cropland",1634.76,"Planting cover crops; planting hedgerows for windbreak; multi-cropping; mulching","The soil at Rockin' L Farm is gravelly and subject to erosion and baking. A hoophouse will help improve soil health by keeping the soil covered and minimizing disturbance. Planting cover crops and native perennials will increase biodiversity and attract animal life.","San Lorenzo",88041,"Y","N","N","N","N","N","Y","Y","N","N","Y","N","N","N","Y","N","N","N","N","Grant SWCD","NMSU_SparcLab","NMSU_SparcLab",-12013308.9141,3872566.4622,42,"2023-06-11","2023-06-11",1,2022
"43",43,"Building Healthy Soils at Farm Shark Farm","Farm Shark Farm","Individual Applicant","Ciudad SWCD","Bernalillo","Cropland",329.2,"Planting cover crops; multi-cropping; adopting no-till or conservation tillage; integrated crop-livestock systems; mulching","This project will utilize cover cropping, livestock integrated through fields seasonally, mulching and low till soil preparation methods in an effort to improve water infiltration, reduce soil compaction and increase soil organic matter on a diversified vegetable farm.","Albuquerque",87105,"Y","N","N","N","N","N","Y","N","N","Y","Y","Y","N","N","Y","N","N","N","N","Ciudad SWCD","NMSU_SparcLab","NMSU_SparcLab",-11873704.8116,4171503.3532,43,"2023-06-11","2023-06-11",1,2022
"44",44,"Casa San Ysidro Heritage Field Wild Seed Farm for Soil Health, Pollinators, and Habitat Restoration","Rio Grande Return","Individual Applicant","Ciudad SWCD","Sandoval","Cropland; Wildlife Habitat",13256.29,"Planting perennial, native vegetation and pollinator habitat; planting hedgerows; adopting no-till seeding; mulching; compost application; soil microbial stimulation and inoculation
","The Casa San Ysidro Heritage Field is subject to erosion, low SOM, poor soil structure and water retention, and lack of biodiversity. We will construct innovative swale beds with compost, inoculants, mulches, add drip irrigation, and establish perennial native seed production that will build soil and demonstrate native seed production.","Corrales",87048,"Y","N","Y","N","N","N","N","Y","Y","Y","N","N","N","N","Y","Y","Y","N","N","Ciudad SWCD","NMSU_SparcLab","NMSU_SparcLab",-11868441.5027,4195759.1232,44,"2023-06-11","2023-06-11",2,2022
"45",45,"Spirithaven Ranch Healthy Soils Project","Spirithaven Ranch","Individual Applicant","Guadalupe SWCD","Guadalupe","Cropland",9383.22,"Planting cover crops; no-till seeding; planned grazing with appropriate graze and recovery periods; integrated crop-livestock systems; mulching","We plan to address low carbon content and low microbial biodiversity by using the soil health principles of cover cropping, strategic planting and managed grazing.","Santa Rosa",88435,"Y","N","N","N","N","N","Y","N","N","Y","Y","Y","Y","N","Y","N","N","N","N","Guadalupe SWCD","NMSU_SparcLab","NMSU_SparcLab",-11649315.9249,4149992.9771,45,"2023-06-11","2023-06-11",65,2022
"46",46,"Chris Lucero's Healthy Soils Project","Chris Lucero Ranch","Individual Applicant","Guadalupe SWCD","Guadalupe","Cropland",6424,"Planting cover crops; multi-cropping; adopting no-till or conservation tillage; mulching","Mr. Lucero has produced predominately Alfalfa and Orchard grass for hay. The farm has recently taken an interest in a more regenerative approach to farming and is considering converting some fields to permanent pasture and introducing livestock to mitigate the current irregular weather cycles affecting his grass production on rangeland.","Santa Rosa",88435,"Y","N","N","N","N","N","Y","N","N","Y","Y","N","N","N","Y","N","N","N","N","Guadalupe SWCD","NMSU_SparcLab","NMSU_SparcLab",-11697817.663,4188658.2073,46,"2023-06-11","2023-06-11",40,2022
"47",47,"La Carreta/Sylvia Vergara Fruit Orchard, Pollinator and Shrub Healthy Soil Improvements","La Carreta/Sylvia Vergara Farm","Individual Applicant","East Rio Arriba SWCD","Rio Arriba","Orchard",2599.96,"Re-seeding orchard grass cover; planting pollinator garden; multi-cropping; adopting no-till or conservation tillage; planned grazing with appropriate graze and recovery periods; mulching; compost application","The resource concerns the project aims to address are improving the biology of the soil, and mitigate soil compaction. Also, in the orchard areas, I wish to reseed new orchard grass to hold down the soil. Agricultural practices will be adding manure, compost and worm castings to improve soil biology.","Dixon",87527,"N","N","Y","N","N","N","Y","N","Y","Y","Y","N","Y","N","Y","Y","N","N","N","East Rio Arriba SWCD","NMSU_SparcLab","NMSU_SparcLab",-11783763.8484,4326832.0829,47,"2023-06-11","2023-06-11",2,2022
"48",48,"Soil Health- A New Beginning","Cuba Soil & Water Conservation District","Eligible Entity","N/A","Sandoval","Cropland",15700,"Planting cover crops; adopting no-till or conservation tillage; compost application","From beginning to end, this project will emphasize the importance of soil health and utilize the principles of conservation planning. Participants will gain the knowledge and experience necessary to identify, implement, and evaluate the principles of soil health, so they can lead the way towards healthier productive soils.","Cuba",87013,"Y","N","N","N","N","N","Y","N","N","Y","N","N","N","N","N","Y","N","N","N","Cuba SWCD","NMSU_SparcLab","NMSU_SparcLab",-11907785.7907,4299810.3167,48,"2023-06-11","2023-06-11",200,2022
"49",49,"Healthy Soils for Vigil y Romo Parciantes","Vigil y Romo Acequia","Eligible Entity","N/A","Taos","Cropland; Wildlife Habitat",20046.03,"Planting cover crops; multi-cropping; adopting no-till or conservation tillage; mulching; applying compost tea & biochar","Healthy Soils for Vigil y Romo Parciantes addresses resource concerns of compaction, erosion, organic matter, infiltration, biodiversity, invasive species, crop quality, and weed pressure along the VyR acequia through the application of healthy soil principles and the development of a Land Lab to serve regional landowners and additional parciantes.","Taos",87571,"Y","N","N","N","N","Y","Y","N","N","Y","Y","N","N","N","Y","Y","Y","N","N","Vigil y Romo Acequia","NMSU_SparcLab","NMSU_SparcLab",-11753870.6797,4355750.559,49,"2023-06-11","2023-06-11",44,2022
"50",50,"Healthy Soil Principles at Candelaria Nature Preserve","Ciudad Soil and Water Conservation District","Eligible Entity","N/A","Bernalillo","Wildlife Habitat",22865.8,"Planting cover crops, hedgerows, and native vegetation; no-till seeding; planned intensive grazing with goats; mulching; soil microbial stimulation and inoculation","Candelaria Nature Preserve Open Space is converting traditional cash-crop farmland into wildlife crops and urban wildlife habitat. Cuidad SWCD will begin healing soil compaction, poor soil structure and infiltration, and lack of biodiversity using notill drilled cover and pollinator crops, mulches, appropriate grazing, and native hedgerows on 35 acres.","Albuquerque",87109,"N","N","N","N","N","Y","Y","Y","Y","Y","N","N","Y","N","Y","N","Y","N","N","Ciudad SWCD","NMSU_SparcLab","NMSU_SparcLab",-11865208.9519,4186508.9379,50,"2023-06-11","2023-06-11",67,2022
"51",51,"Taos SWCD Healthy Soil Cover Crop Project","Taos Soil & Water Conservation District","Eligible Entity","N/A","Taos","Cropland",11294.75,"Planting cover crops; adopting no-till or conservation tillage;  integrated crop-livestock systems","Taos SWCD will assist 12 producers in 9 communities with cover crop planting. The project will encompass 61 acres. All producers served by this grant have cooperated with Taos SWCD previously on conservation project implementation. All 12 producers can complete their portions of the cover crop project.","Taos",87571,"Y","N","N","N","N","N","Y","N","N","Y","N","Y","N","N","N","N","N","N","N","Taos SWCD","NMSU_SparcLab","NMSU_SparcLab",-11755677.9261,4352370.5707,51,"2023-06-11","2023-06-11",61,2022
"52",52,"Rebuilding Greenhouse and Field Soil at Red Willow Center","Red Willow Center","Individual Applicant","Pueblo of Taos","Taos","Cropland",10872.01,"Planting cover crops; multi-cropping; adopting no-till or conservation tillage; mulching; compost application","Our project focuses on the erosion, lack of organic matter, water infiltration and soil compaction at our farm, as these factors directly affect the nutrition of our food. Through the use of cover crop and other agricultural practices, we hope to improve our soil to better serve our community.","Taos Pueblo",87571,"Y","N","N","N","N","N","Y","N","N","Y","Y","N","N","N","Y","Y","N","N","N","Pueblo of Taos","NMSU_SparcLab","NMSU_SparcLab",-11751255.004,4358784.4783,52,"2023-06-11","2023-06-11",2,2022
"53",53,"Town of Tome Land Grant Community Center - Soil Restoration Project","Town of Tome Land Grant","Eligible Entity","N/A","Valencia","Subsistence/Community Garden; Wildlife Habitat",2908.63,"Planting cover crops; planting native wildflowers for pollinator habitat;  adopting no-till or conservation tillage; mulching; compost application; soil microbial stimulation and inoculation; loosening and improvement of topsoil through (1) shallow tilling, and (2) incorporation of non-clay topsoil to enhance infiltration and root-growth capacities","Major resource concerns are: (1) low soil organic matter; (2) infiltration and percolation; (3) lack of biodiversity; (4) insufficient plant species and composition; (5) poor soil structure; and (6) soil compaction.
Principles the project(s) will address are: (1) maximizing biodiversity; (2) maintaining a living root; and (3) keeping soil covered.","Tome",87060,"N","N","N","Y","N","Y","Y","N","Y","Y","N","N","N","N","Y","Y","Y","N","Y","Town of Tome Land Grant","NMSU_SparcLab","NMSU_SparcLab",-11880849.6924,4128556.0828,53,"2023-06-11","2023-06-11",2,2022
"54",54,"Improving Soil Health on a Community Farm as an Educational, Replicable Model","Reunity Resources","Individual Applicant","Santa Fe-Pojoaque SWCD","Santa Fe","Cropland",6393.04,"Planting cover crops; planting perennial hedgerows; adopting no-till; mulching; compost tea production & application","This project will address heavy compaction on 1.65 acres of cropland while improving water infiltration and erosion resiliency by 1) cover crops with varying root depths and to protect soil surface, 2) mulching the paths, plants and borders, 3) planting perennial bushes and shrubs, and transitioning to no-till farming techniques.","Santa Fe",87507,"Y","N","N","N","N","N","Y","Y","N","Y","N","N","N","N","Y","Y","Y","N","N","Santa Fe-Pojoaque SWCD","NMSU_SparcLab","NMSU_SparcLab",-11801158.692,4254214.432,54,"2023-06-11","2023-06-11",2,2023
"55",55,"Increasing Soil Organic Matter in High Intensity Vegetable Production Systems","Kevin Branum","Individual Applicant","Lava SWCD","Cibola","Cropland",16830,"Planting cover crops; conservation tillage; integrated crop-livestock systems","On 32 acres of cropland the changes in vegetable production through change of practices in the project will help address soil wind erosion, soil water erosion, crop residues, reduced tillage management, and increase soil organic matter and soil health.","Grants",87020,"Y","N","N","N","N","N","Y","N","N","Y","N","Y","N","N","N","N","N","N","N","Lava SWCD","NMSU_SparcLab","NMSU_SparcLab",-12012784.0101,4192390.7914,55,"2023-06-11","2023-06-11",32,2023
"56",56,"The Los Jardines Institute Healthy Soil, Healthy Food, Healthy Community Initiative","Los Jardines Institute","Individual Applicant","Ciudad SWCD","Bernalillo","Cropland",5998.41,"Planting cover crops; planting pollinator habitat; multi-cropping; conservation tillage; mulching; compost application; soil microbial stimulation and inoculation","Our project is on 1.5 acres with just under half an acre producing food. Soil health-related resource concerns we will address include compaction, low soil organic matter, poor soil structure, and erosion through the use of composting, mixed cover cropping, mulching, crop rotation, and by using beneficial plants and insects.","Albuquerque",87105,"Y","N","N","N","N","N","Y","N","Y","Y","Y","N","N","N","Y","Y","Y","N","N","Ciudad SWCD","NMSU_SparcLab","NMSU_SparcLab",-11873984.2238,4171472.8751,56,"2023-06-11","2023-06-11",0,2023
"57",57,"Regenerative Projects at Regeneration Farm!","Regeneration Farm and Toots' Shady Grove Orchard","Individual Applicant","Ciudad SWCD","Bernalillo","Cropland; Orchard",8816.17,"Planting cover crops; planting pollinator habitat field borders; multi-cropping; no-till seeding; transitional subsoil tillage; planned grazing; crop-livestock integration; mulching; compost application","I am improving three fields of my family’s South Valley land: a fallow field, an orchard, and a small over-worked plot, 3.1 acres in total. For each, this year’s priorities are perennial pollinator habitat borders and cover crops with drip irrigation, using mulch to protect and cover the remaining soil.","Albuquerque",87105,"Y","N","Y","N","N","N","Y","Y","Y","Y","Y","Y","Y","N","Y","Y","N","N","N","Ciudad SWCD","NMSU_SparcLab","NMSU_SparcLab",-11878157.0494,4168087.5815,57,"2023-06-11","2023-06-11",3,2023
"58",58,"Ramah Ranch - Bottomland Restoration","Ramah Ranch","Individual Applicant","Lava SWCD","Cibola","Rangeland",8695.19,"Planting cover crops; no-till seeding; planned grazing; bale grazing","Utilizing an annual cover crop to establish a living root, cover the soil, and increase diversity on 100 acres of clayey bottom land that has been overgrazed. Bale grazing will increase organic matter and provide soil cover. Animals will help to incorporate organic matter into the soil.","Ramah",87321,"N","Y","N","N","N","N","Y","N","N","Y","N","N","Y","Y","N","N","N","N","N","Lava SWCD","NMSU_SparcLab","NMSU_SparcLab",-12069424.75,4178286.2039,58,"2023-06-11","2023-06-11",100,2023
"59",59,"Three Sisters Soil Project","Rachel Anderson & Ann Kalcich","Individual Applicant","San Juan SWCD","San Juan","Cropland; Rangeland",21984.5,"Planting cover crops; planting pollinator habitat; multi-cropping; adopting no-till; planned grazing; mulching; compost application; integrated crop livestock systems; mulching; compost application; on-site wetland and riparian restoration","Our project includes 27.6 acres of rangeland, cropland, riparian region and pollinator strips. Resource concerns addressed are the reversal of desertification, the increase of water quality and sources, the enrichment of soil health while repopulating native wildlife. We hope to adapt to climate change and optimize crop/livestock/honey production and quality.","Farmington",87401,"Y","Y","N","N","N","N","Y","N","Y","Y","Y","N","Y","N","Y","Y","N","Y","N","San Juan SWCD","NMSU_SparcLab","NMSU_SparcLab",-12047848.7973,4417535.4345,59,"2023-06-11","2023-06-11",28,2023
"60",60,"Hacienda Dominguez & Chelenzo Farms Healthy Soil Regeneration Initiative","Hacienda Dominguez & Chelenzo Farms","Individual Applicant","Santa Fe-Pojoaque SWCD","Santa Fe","Cropland; Rangeland; Pinon/Juniper",15723.66,"Planting cover crops; planting hedgerows; establishing pollinator habitat; conservation tillage; planned grazing; mulching; soil microbial stimulation and inoculation: berm system planted with drought-resistant agave and cacti (sistemas zanja-bordo)","Our project area spans 2.5 acres of crop and range land. Lacking groundcover and biodiversity, there is widespread erosion. Water is not sufficiently retained. The agricultural practices that we plan to use to remedy these concerns include passive water harvesting, cover-cropping, controlled grazing, brush management, and compost and mulch application.","Cerrillos",87010,"Y","Y","N","N","N","N","Y","Y","Y","Y","N","N","Y","N","Y","N","Y","N","Y","Santa Fe-Pojoaque SWCD","NMSU_SparcLab","NMSU_SparcLab",-11807524.0598,4221931.1231,60,"2023-06-11","2023-06-11",2,2023
"61",61,"Cover Cropping","Robert Haggerty","Individual Applicant","Santa Fe-Pojoaque SWCD","Santa Fe","Cropland; Orchard",757.72,"Planting a cover crop; no-till seeding","I intend to seed 4.5 acres of mixed cropland and orchard with cover crops. These cover crops will help to establish a living root and build topsoil with the ancillary benefit of providing forage for the apiary on site.","Chimayo",87522,"Y","N","Y","N","N","N","Y","N","N","Y","N","N","N","N","N","N","N","N","N","Santa Fe-Pojoaque SWCD","NMSU_SparcLab","NMSU_SparcLab",-11792488.8952,4300509.4566,61,"2023-06-11","2023-06-11",4,2023
"62",62,"Sheep and cover crops improve soil health creating land resilience against erosion, good soil tilth, increase water storage/drainage, low weed pressure and resistance to degradation.","Rosalia Ciddio","Individual Applicant","East Rio Arriba SWCD","Rio Arriba","Cropland",14408.63,"Planting cover crops, perennials, hedgerows, native grasses and other native vegetation; establishing pollinator habitat; multi-cropping; conservation tillage; planned grazing ; integrated crop-livestock systems; mulching; compost application; soil microbial stimulation and inoculation","The project is implemented on 4.7 acres of cropland to address the lack of: soil tilth, sufficient depth, water storage/drainage, populations of beneficial organisms, weed suppression, diaster resilience. Sheep will eradicate invasive species, fertilize with droppings then we plant native grasses behind them, creating cover crop and maintained living root.","Dixon",87527,"Y","N","N","N","N","N","Y","Y","Y","Y","Y","Y","Y","N","Y","Y","Y","N","N","East Rio Arriba SWCD","NMSU_SparcLab","NMSU_SparcLab",-11781350.8693,4325521.8876,62,"2023-06-11","2023-06-11",5,2023
"63",63,"Urban Community Garden Transformation","Backyard Farms","Individual Applicant","Doña Ana SWCD","Doña Ana","Urban Community Farm",16250.28,"Planting cover crops; planting hedrows; multi-cropping; mulching; compost & biochar application; soil microbial stimulation and inoculation","The Urban Ag Community Garden, is an acre of cropland, used to produce food and educate vulnerable populations. We will address issues of erosion, poor soil structure with compaction and low organic matter, and increasing biodiversity; by covering soil, keeping living roots, adding organic inputs, and supporting pollinators and biodiversity.","Las Cruces",88001,"N","N","N","Y","N","N","Y","Y","N","N","Y","N","N","N","Y","Y","Y","N","N","Doña Ana SWCD","NMSU_SparcLab","NMSU_SparcLab",-11884884.149,3801520.8925,63,"2023-06-11","2023-06-11",1,2023
"64",64,"Las Lomas Soil and Vegetation Restoration and Conservation Project","Alfred L. Baca","Individual Applicant","Coronado SWCD","Sandoval","Rangeland",18939.15,"Planting native grasses for range restoration; no-till seeding;  planned grazing with appropriate graze and recovery periods and herd effect; bale grazing","Amount: 45 acres (3-15 acre pastures). Type: Rangeland. Soil type: Sedillo, very gravelly fine sandy loam, high run-off. Concerns: degraded soil due to extended drought, windstorms, previous wash-outs. Agricultural/conservation practices: fencing, year-round rotational bale grazing, seeding, water truck, micro/macro water catchment.","Algodones",87001,"N","Y","N","N","N","N","N","N","Y","Y","N","N","Y","Y","N","N","N","N","N","Coronado SWCD","NMSU_SparcLab","NMSU_SparcLab",-11856730.4721,4214148.3638,64,"2023-06-11","2023-06-11",45,2023
"65",65,"Montecito Earth Alchemy: From Conventional to Regenerative Farming","Jennifer Rizzo","Individual Applicant","East Rio Arriba SWCD","Rio Arriba","Cropland",17426.81,"Planting cover crops, hedgerows and pollinator habitat; multi-cropping; adopting conservation tillage; integrated crop-livestock systems; mulch application; compost application; soil microbial stimulation and inoculation","The 4.75 acres of conventionally farmed cropland has compaction, aggregate instability, lack of biodiversity, low soil organic matter, soil organism habitat loss and erosion concerns. The project addresses these concerns through no-till practices, planting cover crops, adding mulch, compost and manure, establishing field borders, integrating livestock and promoting pollinator habitat.","Dixon",87527,"Y","N","N","N","N","N","Y","Y","Y","Y","Y","Y","N","N","Y","Y","Y","N","N","East Rio Arriba SWCD","NMSU_SparcLab","NMSU_SparcLab",-11783552.2926,4326699.7492,65,"2023-06-11","2023-06-11",5,2023
"66",66,"Sandoval Ranch HSP 22/23","Christopher McCaffrey-Boss","Individual Applicant","Taos SWCD","Mora","Rangeland",5195.6,"Planting cover crops, hedgerows and native grass cover; adopting no-till seeding; planned grazing with appropriate graze and recovery periods and herd effect","This project is on 27 acres rangeland in Guadalupita that has been traditionally farmed and grazed with sheep. The land is pasture, spotted with pine and pinyon, pasture condition is poor due to overgrazing and drought. I have 22 acres of leased land and another 5 acres accessible if fenced.","Guadalupita",87722,"N","Y","N","N","N","N","Y","Y","Y","Y","N","N","Y","N","N","N","N","N","N","Taos SWCD","NMSU_SparcLab","NMSU_SparcLab",-11715488.8684,4315098.9477,66,"2023-06-11","2023-06-11",27,2023
"67",67,"Ancient Waters Farm Soil Health","Ancient Waters Farm","Individual Applicant","East Rio Arriba SWCD","Rio Arriba","Cropland",5083.71,"Planting cover crops, hedgerows, native vegetation, and pollinator habitat; multi-cropping; conservation tillage; applying mulch; producing & applying compost","We acquired our one acre homestead 1 year ago. We have approximately 30,600 square feet of arable, irrigable soil that currently lacks organic matter, is compacted, left bare over the previous years. Our approach to reestablish soil health is to mulch, compost, cover crops, plant perennials and use drip irrigation.","Española",87532,"Y","N","N","N","N","N","Y","Y","Y","Y","Y","N","N","N","Y","Y","N","N","N","East Rio Arriba SWCD","NMSU_SparcLab","NMSU_SparcLab",-11807264.5178,4297170.5855,67,"2023-06-11","2023-06-11",1,2023
"68",68,"Clark Farm Soil Improvement","Clark Farm","Individual Applicant","Canadian River SWCD","Quay","Cropland",19370.29,"Planting cover crops; no-till seeding; planned grazing with appropriate graze and recovery periods and herd effect; compost and manure application","I would like to increase soil organic matter by managing nutrients though the application of Compost or Manure. Soil compaction will be addressed with no till planting of a cover crop mix with various root depths. Finally, prescribed grazing of cover crops will be used to continue increasing organic matter.","Tucumcari",88401,"Y","N","N","N","N","N","Y","N","N","Y","N","Y","Y","N","N","Y","N","N","N","Canadian River SWCD","NMSU_SparcLab","NMSU_SparcLab",-11530747.5357,4185155.1102,68,"2023-06-11","2023-06-11",82,2023
"69",69,"Soil Regeneration of Baca Family Farm","Baca Family Farm","Individual Applicant","Valencia SWCD","Valencia","Cropland",23246.48,"Establishing native grass cover; no-till seeding; planned grazing with appropriate graze and recovery periods and herd effect; integrated crop-livestock systems; mulching; compost application; soil microbial stimulation and inoculation","The 12.6 acres (cropland) has been heavily plowed, tilled, & sprayed with chemical fertilizers, herbicides, & insecticides for > 30 years. Produces low/no crop growth. Has high soil salinity, poor drainage (unlevel), soil compaction, low organic matter & lacks biodiversity. Breaking-up plow pan once, no-till drill, increase microbial biodiversity, increase grazing, & improve moisture retention.","Belen",87002,"Y","N","N","N","N","N","N","N","Y","Y","N","Y","Y","N","Y","Y","Y","N","N","Valencia SWCD","NMSU_SparcLab","NMSU_SparcLab",-11885652.2504,4127127.989,69,"2023-06-11","2023-06-11",13,2023
"70",70,"Operation Cover Crop Pecan Style","On the DL, LLC","Individual Applicant","Carlsbad SWCD","Eddy","Orchard",2849.89,"Planting cover crops; reduced tillage; integrated crop-livestock systems; compost application; soil microbial stimulation and inoculation","The land is 2.5 acres of Pecan Orchard. The orchard soil has soil compaction issues, depleted soil organic matter, low soil organism habitat and an uneven orchard floor. Practices will be to level floor, plant cover crops and fertilize.","Carlsbad",88220,"N","N","Y","N","N","N","Y","N","N","Y","N","Y","N","N","N","Y","Y","N","N","Carlsbad SWCD","NMSU_SparcLab","NMSU_SparcLab",-11609420.2458,3818904.5885,70,"2023-06-11","2023-06-11",2,2023
"71",71,"Conservation Homestead Rangeland Restoration","Santa Fe Conservation Trust","Individual Applicant","Santa Fe-Pojoaque SWCD","Santa Fe","Rangeland",15500.08,"Planting cover crops and establishing native vegetation; prescribed grazing; bale grazing; mulching","The project comprises an 18-acre rangeland site with many patches of bare soil, insufficient plant species composition, low soil biodiversity, low soil organic matter, and decreased plant productivity. Conservation Practices include mulching, minimizing soil disturbance, reseeding native grasses and forbs, and prescribed grazing with goats and sheep.","Lamy",87540,"N","Y","N","N","N","N","Y","N","Y","N","N","N","Y","Y","Y","N","N","N","N","Santa Fe-Pojoaque SWCD","NMSU_SparcLab","NMSU_SparcLab",-11793185.3997,4224340.9399,71,"2023-06-11","2023-06-11",18,2023
"72",72,"Healthy Soils in the Railyard Park: Graze Days and Grassland Restoration","Railyard Park Conservancy","Individual Applicant","Santa Fe-Pojoaque SWCD","Santa Fe","Public city park with native grassland",11649.59,"Planting cover crops; establishing native grasses and other native vegetation; planned grazing with appropriate graze and recovery periods and herd effect; composted mulch application","RPC's project will encompass 2.1 acres of rangeland in Railyard Park. It will address the Concerns of bare ground, soil erosion & compaction, invasive weeds and minimal habitat. We will address all five Principles by implementing the Practices of prescribed grazing, reseeding, weed removal, covering with organic litter and adding compost.","Santa Fe",87505,"N","Y","N","N","N","Y","Y","N","Y","N","N","N","Y","N","Y","Y","N","N","N","Santa Fe-Pojoaque SWCD","NMSU_SparcLab","NMSU_SparcLab",-11794253.1405,4256682.3219,72,"2023-06-11","2023-06-11",2,2023
"73",73,"Increase fruit orchard biodiversity, soil health and erosion control through drought-resistant hedgerow/windbreak and ground cover plantings","Institute of Ecotechnics: Synergia Ranch Organic","Individual Applicant","Santa Fe-Pojoaque SWCD","Santa Fe","Orchard",6284.62,"Planting cover crops; planting hedgerows; no-till seeding; planned grazing; crop-livestock integration; soil microbial stimulation and inoculation","This healthy soil project on 4.5 acres fruit orchard will increase soil cover and reduce soil erosion/compaction by planting diverse native grass/clovers groundcover, creating edgerow/windbreak with drought-resistant native shrubs and trees aiding pollinator habitat, addition of humates to orchard increasing soil organic matter and grazing by sheep/goats to incorporate animals.","Santa Fe",87508,"N","N","Y","N","N","N","Y","Y","N","Y","N","Y","Y","N","N","N","Y","N","N","Santa Fe-Pojoaque SWCD","NMSU_SparcLab","NMSU_SparcLab",-11810473.5171,4230763.5119,73,"2023-06-11","2023-06-11",4,2023
"74",74,"Experimental Restoration of Wittman Property","Kevin Wittman","Individual Applicant","Taos SWCD","Taos","Rangeland",611.24,"Planting mixed cover crops; establishing native grass and vegetation; mulching; soil microbial stimulation and inoculation; invasive plant removal","Using 16 10'x10' test plots, evaluate the effectiveness of using three interventions, physical clearing, herbicide, and halfstrength herbicide, to reduce sage on degraded rangeland and produce more biodiversity which will lead to improved soil health. All five of the conservation principles will be incorporated.","Tres Piedras",87577,"N","Y","N","N","N","N","Y","N","Y","N","N","N","N","N","Y","N","Y","N","Y","Taos SWCD","NMSU_SparcLab","NMSU_SparcLab",-11768843.7448,4379121.3764,74,"2023-06-11","2023-06-11",0,2023
"75",75,"Soil Recovery & crop land development","Jeff Hood","Individual Applicant","East Rio Arriba SWCD","Rio Arriba","Cropland",4072.5,"Planting cover crops; planting hedgerows; conservation tillage; mulching; compost application; soil microbial stimulation and inoculation; invasive plant management","I want to recover 10,000 sq. ft. of land that has been fallow for 30 years by clearing elms, leveling the land, adding compost, shallow tilling, and growing cover crops.","Velarde",87582,"Y","N","N","N","N","N","Y","N","N","Y","Y","N","N","N","Y","Y","Y","N","Y","East Rio Arriba SWCD","NMSU_SparcLab","NMSU_SparcLab",-11797508.8509,4322023.4614,75,"2023-06-11","2023-06-11",0,2023
"76",76,"After Hermit's Peak Fire in Mora County: Ledoux Grange Producer Project","Ledoux Grange","Individual Applicant","Taos SWCD","Mora","Cropland; Rangeland; Orchard",17889.38,"Planting cover crops; establishing native vegetation & pollinator habitat; no-till seeding; planned grazing; integrated crop-livestock systems; mulching; compost production & application; manure application; biochar application; wetland and riparian restoration","33 acres of historically/culturally rich, but degraded, cropland, gardens, orchard, and pasture are threatened by soil erosion, decreased plant productivity, pasture overgrazing, low soil organic matter, bare ground exposure, and riparian destabilization. Using yaks for intensive, grazing/stomping and adding biochar, compost and cover crops will improve healthy soil biodiversity.","Ledoux",87745,"Y","Y","Y","N","N","N","Y","N","Y","Y","N","Y","Y","N","Y","Y","N","Y","Y","Taos SWCD","NMSU_SparcLab","NMSU_SparcLab",-11727913.1582,4289270.1282,76,"2023-06-11","2023-06-11",32,2023
"77",77,"Improving Soil with Beehives","Benjamin James Scott","Individual Applicant","Coronado SWCD","Sandoval","Rangeland; Riparian Habitat",12733.25,"Planting cover crops and pollinator habitat; no-till seeding; planned grazing; integrated crop livestock system; mulching; compost application; on-site wetland and riparian restoration; introducing beehives","Place 10 strong beehives on one (1) acre in the rangeland/riparian near the confluence of the Angostura Arroyo, Jemez River, and Rio Grande as part of a larger project to restore approximately 50-acres of disturbed and eroded land. Sandy loamy soil requires cover crop, rotational grazing, and temporary supplemental water.","Algodones",87001,"N","Y","N","N","N","Y","Y","N","Y","Y","N","Y","Y","N","Y","Y","N","Y","Y","Coronado SWCD","NMSU_SparcLab","NMSU_SparcLab",-11856919.2666,4214044.6409,77,"2023-06-11","2023-06-11",1,2023
"78",78,"Dotty Tree Farm - Soil Enrichment Program","Dotty Tree Farm","Individual Applicant","Coronado SWCD","Sandoval","Cropland; Orchard",15661.24,"Planting cover crops, hedgerows, and other native vegetation; multi-cropping; adopting reduced tillage; planned grazing with appropriate graze and recovery periods and herd effect; integrated crop-livestock systems; mulching; compost application; soil microbial stimulation and inoculation; on-site wetland and riparian restoration","Concerns on our farm are compaction, organic matter depletion, soil organism habitat loss or degradation and aggregate instability. Each of these resource concerns have associated indicators and corrective practices published by the NRCS for us to take corrective action. The soils are anticipated to be significantly depleted.","Placitas",87043,"Y","N","Y","N","N","N","Y","Y","Y","Y","N","Y","Y","N","Y","Y","Y","Y","N","Coronado SWCD","NMSU_SparcLab","NMSU_SparcLab",-11847908.8681,4205804.208,78,"2023-06-11","2023-06-11",8,2023
"79",79,"Hay Feeding and Fertilization","Spur Lake Cattle Company","Individual Applicant","Socorro SWCD","Catron","Rangeland",20580,"Planned grazing with appropriate graze and recovery periods and herd effect; mulching; bale grazing","This project is conducted on 30 acres of rangeland in order to improve soil tilth, water infiltration and fertility. The conservation practice it implements is adding hay as compost as well as soluble n,p &k processed through the rumen of cattle and incorporated into the soil through hoof action.","Luna",87829,"N","Y","N","N","N","N","N","N","N","N","N","N","Y","Y","Y","N","N","N","N","Socorro SWCD","NMSU_SparcLab","NMSU_SparcLab",-12120037.3547,4023881.5724,79,"2023-06-11","2023-06-11",30,2023
"80",80,"Moss Free Farms","Moss Free Farms","Individual Applicant","East Rio Arriba SWCD","Rio Arriba","Cropland; Riparian Habitat",9413.53,"Planting cover crops; planting hedgerows; multi-cropping; reduced tillage; integrated crop-livestock system; mulching; compost and biochar application; soil microbial stimulation and inoculation; on-site wetland and riparian restoration","Releaf Farm is requesting funds to support the integration of a sustainable soil management plan. During the first planting season, Releaf Farm recognized that managing the soil is crucial to improving soil health and increasing crop yields. Several issues on the land have been identified that can begin to be remedied with cover cropping.","La Madera",87549,"Y","N","N","N","N","Y","Y","Y","N","Y","Y","Y","N","N","Y","Y","Y","Y","N","East Rio Arriba SWCD","NMSU_SparcLab","NMSU_SparcLab",-11799375.6785,4357886.9742,80,"2023-06-11","2023-06-11",5,2023
"81",81,"Establishing A Cover Crop Pasture at Bright Corn Farm","Bright Corn Farm","Individual Applicant","Ciudad SWCD","Bernalillo","Cropland; Rangeland",1868.33,"Planting cover crops; no-till seeding; rotational grazing; integrated crop-livestock systems; compost tea application","Bright Corn Farm will transform a portion of our land into a cover crop area to allow us to rotationally graze our small herd of goats. We will also increase vegetable yield through cover cropping & applying compost tea. We aim to build organic matter, increase biodiversity and improve water retention.","Albuquerque",87105,"Y","Y","N","N","N","N","Y","N","N","Y","N","Y","Y","N","N","Y","Y","N","N","Ciudad SWCD","NMSU_SparcLab","NMSU_SparcLab",-11879185.1894,4165575.5094,81,"2023-06-11","2023-06-11",2,2023
"82",82,"Demonstration of keyline design to create drought adapted landscapes","The Ranch at Ojito","Individual Applicant","Cuba SWCD","Rio Arriba","Rangeland",9970.23,"Planting cover crops; soil microbial stimulation and inoculation; keyline plowing","The proposed project will apply keyline design principles and tools to a degraded 10-acre rangeland pasture. We will install shallow (6-10"") swales on contour - not grant funded. In between swales, a keyline plow will create deep (20"") infiltration channels into which microbial inoculant and seed will be added.","Lindrith",87029,"N","Y","N","N","N","N","Y","N","N","N","N","N","N","N","N","N","Y","N","Y","Cuba SWCD","NMSU_SparcLab","NMSU_SparcLab",-11922448.0251,4353635.2347,82,"2023-06-11","2023-06-11",10,2023
"83",83,"Crane's Landing Soil Improvement Project","Mike Gaglio","Individual Applicant","Doña Ana SWCD","Doña Ana","Rangeland; Riparian Wildlife Habitat",24125.29,"Planting cover crops, perennials, hedgerows, native grasses and other native vegetation; multi-cropping; mulching; wetland and riparian restoration; keyline plowing","Keyline plowing, imprinting, seeding, and mulching with the goal of enlivening compacted soils, incorporating residues of existing mulch into topsoil, inhibiting invasive undesirable weeds, and promoting a diverse mix of desirable species of native grasses and wildflowers to support soil health, pollinators, and bird diversity.","Rincon",87940,"N","Y","N","N","N","Y","Y","N","N","N","Y","N","N","N","Y","N","N","N","Y","Doña Ana SWCD","NMSU_SparcLab","NMSU_SparcLab",-11918429.4406,3851902.185,83,"2023-06-11","2023-06-11",73,2023
"84",84,"La Plata Legacy Rangeland Wildlife and Conservation Project","J. Scot and Sheila Fishburn Living Trust","Individual Applicant","San Juan SWCD","San Juan","Rangeland",20563.58,"Planting native grasses and other native vegetation; planned grazing with appropriate graze and recovery periods and herd effect; integrated crop livestock systems; mulching; compost application","La Plata Legacy Rangeland Wildlife and Conservation Project seeks to restore and improve 67 acres of rangeland to counteract erosion, improve grasses that will provide grazing and cover for native species such as deer, pheasants and pronghorn, by providing soil cover, maximizing biodiversity and integrating animals into the land management.","Farmington",87401,"N","Y","N","N","N","N","N","N","Y","N","N","Y","Y","N","Y","Y","N","N","N","San Juan SWCD","NMSU_SparcLab","NMSU_SparcLab",-12048199.9665,4417699.8723,84,"2023-06-11","2023-06-11",67,2023
"85",85,"Wellspring Ranch - Rangeland Improvements","Wellspring Ranch and Stables","Individual Applicant","Colfax SWCD","Colfax","Rangeland",3962.09,"Planting native grasses and other native vegetation; planned grazing with appropriate graze and recovery periods and herd effect; invasive brush management","The project area includes approximately 85 acres of rangeland split between three fenced pastures. Project goals include increasing pasture rotation/rest ability by increasing water access, removing brush (yucca) to control overgrowth, and increasing ground cover and biodiversity on the grazable lands.","Raton",87740,"N","Y","N","N","N","N","N","N","Y","N","N","N","Y","N","N","N","N","N","Y","Colfax SWCD","NMSU_SparcLab","NMSU_SparcLab",-11625870.5273,4426027.8881,85,"2023-06-11","2023-06-11",85,2023
"86",86,"Pipeline & Drinking Tank Installation to Maximize Adaptive Grazing to Enhance Soil Health","CS Ranch","Individual Applicant","Colfax SWCD","Colfax","Rangeland",23653,"Planned grazing with appropriate graze and recovery periods and herd effect","Installation of approximately 4.02 miles (21,260 feet) of pipeline and three drinking tanks that will impact the grazing of 11,565 acres of rangeland on the ranch. This will enhance our ability to maximize the adaptive, high intensity grazing principles we put into practice on the ranch.","Cimarron",87714,"N","Y","N","N","N","N","N","N","N","N","N","N","Y","N","N","N","N","N","N","Colfax SWCD","NMSU_SparcLab","NMSU_SparcLab",-11677160.6874,4370046.8914,86,"2023-06-11","2023-06-11",11565,2023
"87",87,"Umami Gardens Heathy Soils 2022","Umami Gardens","Individual Applicant","East Rio Arriba SWCD","Rio Arriba","Cropland",17217.08,"Planting cover crops; planting hedgerows; establishing pollinator habitat; multi-cropping; conservation tillage; mulching; compost application; soil microbial stimulation and inoculation","Umami Gardens will expand the farm by .5 acres using the soil health principles of cover cropping, no till, organic based soil amendments, mulching and pollinator habitat establishment to address the resource concerns of soil erosion, minimal soil organic matter, aggregate stability, lack of biodiversity and ongoing drought.","Abiquiu",87510,"Y","N","N","N","N","N","Y","Y","Y","Y","Y","N","N","N","Y","Y","Y","N","N","East Rio Arriba SWCD","NMSU_SparcLab","NMSU_SparcLab",-11837653.2767,4329730.7093,87,"2023-06-11","2023-06-11",0,2023
"88",88,"Bee-utiful Farms","Bee-utiful Farms","Individual Applicant","Ciudad SWCD","Sandoval","Cropland; Orchard; Pollinator Habitat; Urban Garden",17334.02,"Planting cover crops; establishing pollinator habitat; multi-cropping; adopting no-till; mulching; compost application","Goals: -Establishing pollinator and bird habitat with fruit/nut trees, cover-crops, cash-crops, wild-flowers, keeping the soil covered to minimize wind & soil disturbance; -Maximizing biodiversity by amending soil with compost/mulch, & integrating pollinators, birds, & earthworms to mitigate low-soil-organic-matter, poor-soil structure, & lack of biodiversity; -Adopting no-till farming to minimize soilcompaction & maintain a living-root; ~0.5acres","Rio Rancho",87144,"Y","N","Y","Y","N","N","Y","N","Y","Y","Y","N","N","N","Y","Y","N","N","N","Ciudad SWCD","NMSU_SparcLab","NMSU_SparcLab",-11866947.323,4204084.1327,88,"2023-06-11","2023-06-11",0,2023
"89",89,"Connecting Rural Youth to Nature, Agricultural, & Outdoor Programming","Northern Youth Project","Individual Applicant","East Rio Arriba SWCD","Rio Arriba","Cropland; Bosque",4589.08,"Planting cover crops, perennials, hedgerows, native grasses and other native vegetation; multi-cropping; conservation tillage; mulching; compost production & application","We are a space where youth learn sustainable farming practices. On our .50 acres, the following will be implemented to improve soil health: optimize irrigation, increase trees, perennials & native plants; improve terraces; improve compost system; increase mulching and no-till beds. All will be completed with hands-on learning for youth.","Abiquiu",87510,"Y","N","N","N","N","Y","Y","N","N","Y","Y","N","N","N","Y","Y","N","N","N","East Rio Arriba SWCD","NMSU_SparcLab","NMSU_SparcLab",-11835532.9539,4329560.6005,89,"2023-06-11","2023-06-11",0,2023
"90",90,"Dryland Soil Cover in Taos County","Taos SWCD","Eligible Entity","N/A","Taos","Cropland; Rangeland",55912.25,"Planting cool season cover crops; education on soil health principles","This project incorporates 2 missions: one physical and one educational. The physical part will be focused on utilizing cool season cover crops to armor soils on 200 acres. The educational part will focus on the importance of soil cover and living roots and effective strategies to rebuild soil cover.","Taos",87571,"Y","Y","N","N","N","N","Y","N","N","N","N","N","N","N","N","N","N","N","N","Taos SWCD","NMSU_SparcLab","NMSU_SparcLab",-11755651.2304,4352352.4527,90,"2023-06-11","2023-06-11",200,2023
"91",91,"San Cristobal Soil Improvement Project","San Cristobal Ditch Association","Eligible Entity","N/A","Taos","Cropland; Rangeland; Orchard",15506.11,"Planting cover crops; no-till seeding; mulching; compost application; on-site wetland and riparian restoration; biochar application","This project will take place on various private properties within the San Cristobal valley that have historic irrigation rights and access to our acequia system. We Plan to use cover cropping, biochar compost, various amendments, mulching and mowing to maintain a ""living root"" and increase our soil biodiversity and heath.","San Cristobal",87564,"Y","Y","Y","N","N","N","Y","N","N","Y","N","N","N","N","Y","N","N","Y","Y","San Cristobal Ditch Association","NMSU_SparcLab","NMSU_SparcLab",-11759761.6908,4383015.3523,91,"2023-06-11","2023-06-11",50,2023
"92",92,"Vigil y Romo Soils Restoration Initiative","Vigil y Romo Acequia Association","Eligible Entity","N/A","Taos","Cropland",19090.4,"Planting cover crops; adopting no-till; mulching; compost application; soil microbial stimulation and inoculation","The project will take place on 35 acres over four parcels, each in a different phase of soil restoration. All acres will be seeded with cover crop mixture. We will develop and demonstrate techniques for building healthy soil in drought conditions through: no-till seeding, cover cropping, mulching, and compost application.","Taos",87571,"Y","N","N","N","N","N","Y","N","N","Y","N","N","N","N","Y","Y","Y","N","N","Vigil y Romo Acequia","NMSU_SparcLab","NMSU_SparcLab",-11753870.6797,4355750.559,92,"2023-06-11","2023-06-11",35,2023
"93",93,"On-site composting to treat mastication chip biomass","Pueblo of Santa Ana","Eligible Entity","N/A","Sandoval","Forest Land",39709.1,"Compost application; soil microbial stimulation and inoculation; on-site wetland and riparian restoration","The Pueblo is requesting funds to treat 9.5 acres of degraded forest by composting on-site wood chips created in mastication operations. Chip biomass is currently covering soil up to a depth of six inches or more preventing reseeding and planting native species or allowing the seed bank to naturally germinate.","Santa Ana Pueblo",87004,"N","N","N","N","Y","N","N","N","N","N","N","N","N","N","N","Y","Y","Y","N","Pueblo of Santa Ana","NMSU_SparcLab","NMSU_SparcLab",-11859020.4598,4210733.9108,93,"2023-06-11","2023-06-11",10,2023
"94",94,"Catalyzing soil health stewardship by providing hands-on learning and materials for farmers and gardeners in Ciudad SWCD","Ciudad SWCD","Eligible Entity","N/A","Bernalillo","Cropland",6877.37,"Planting cover crops; adopting conservation tillage; mulching; compost production & application; soil microbial stimulation and inoculation","This project will offer hands-on workshops and demonstration fields, custom cover crop seed mixes and discounted Johnson-Su bioreactor kits. The project will provide information and tools to encourage the use of soil health principles for both farm and garden soils, to address widespread soil compaction and limited biodiversity.","Albuquerque",87107,"Y","N","N","N","N","N","Y","N","N","Y","N","N","N","N","Y","Y","Y","N","N","Ciudad SWCD","NMSU_SparcLab","NMSU_SparcLab",-11865242.9036,4186440.1239,94,"2023-06-11","2023-06-11",12,2023
"95",95,"Evaluating Treated Municipal Wastewater for Winter Cover Cropping to Protect the Soil, Promote Soil Health, and Protect Freshwater Sources","M-Scar Farm","Eligible Entity","N/A","Quay","Cropland",62409.7,"Planting cover crops; soil microbial stimulation and inoculation; application of nutrient-laden treated municipal wastewater","An evaluation of the effects of treated municipal wastewater irrigation on soil microbes under small grain cover crops that can be used as green manure crops or harvested on 2-acres as well as in different soil types under various annual and perennial cropping systems after 10 years on 85 acres.","Tucumcari",88401,"Y","N","N","N","N","N","Y","N","N","N","N","N","N","N","N","N","Y","N","Y","NMSU Cooperative Extension Service","NMSU_SparcLab","NMSU_SparcLab",-11542824.7009,4191655.3791,95,"2023-06-11","2023-06-11",85,2023
"96",96,"Guadalupe Soil and Water Conservation District Soil & Seed Program","Guadalupe SWCD","Eligible Entity","N/A","Guadalupe","Cropland",73802.11,"Planting cover crops;  no-till seeding; integrated crop-livestock systems","The creation of this program will benefit 150-200 acres of cropland to address loss of topsoil by wind and water erosion, low soil organic matter, and low infiltration and percolation by providing informational soil tests, implementing cover crop, and promoting no-till seeding techniques to all landowners within the district.","Santa Rosa",88435,"Y","N","N","N","N","N","Y","N","N","Y","N","Y","N","N","N","N","N","N","N","Guadalupe SWCD","NMSU_SparcLab","NMSU_SparcLab",-11652993.8251,4155513.5062,96,"2023-06-11","2023-06-11",150,2023
"97",97,"Improving soil quality and health on native rangeland.","Lea SWCD","Eligible Entity","N/A","Lea","Rangeland",88087,"Prescribed grazing; composted maure application","Improve rangeland health and production, applying compost and prescribed grazing over a 350-acre pasture. Compost made from horse manure and bedding and applied after January 2023. The goal, address drought-degraded range using soil health principles of improved cover, microbe diversity, and organic matter to regenerate the grassland.","Lovington",88260,"N","Y","N","N","N","N","N","N","N","N","N","N","Y","N","N","Y","Y","N","N","Lea SWCD","NMSU_SparcLab","NMSU_SparcLab",-11504390.8147,3890747.3104,97,"2023-06-11","2023-06-11",350,2023
"98",98,"Valencia SWCD 2022 Soil Testing Pilot Grant","M-Scar","Eligible Entity","N/A","Valencia","Cropland; Rangeland; Orchard; Forest Land",3705.24,"Soil testing and on-the-ground soil evaluations with tool rentals","The Project will accommodate all of Valencia SWCD boundary. This is a continuation of what Valencia SWCD already does, this project will help land owners understand what is beneath their feed. It will also help with soil tool rental so farmers and ranchers could evaluate their lands.","Belen",87002,"Y","Y","Y","N","Y","N","N","N","N","N","N","N","N","N","N","N","N","N","Y","Valencia SWCD","NMSU_SparcLab","NMSU_SparcLab",-11881808.5289,4118780.6679,98,"2023-06-11","2023-06-11",NA,2023
"99",99,"Soil health strategies for Middle Rio Grande salt-affected soils","Middle Rio Grande Conservancy District","Eligible Entity","N/A","Socorro","Cropland",5720.24,"Planting mixed cover crops; conservation tillage; residue management; compost and manure application; nutrient management","This 10 ac. irrigated cropland project will address these soil resource concerns: compaction; soil organic matter depletion; aggregate instability; and soil organism habitat loss or degradation. This project will implement these conservation practices to address those resource concerns: cover crops; reduced tillage; residue management; irrigation water management; and nutrient/salinity/sodicity management.","Bosque",87006,"Y","N","N","N","N","N","Y","N","N","Y","N","N","N","N","Y","Y","N","N","Y","Middle Rio Grande Conservancy District","NMSU_SparcLab","NMSU_SparcLab",-11891478.452,4087918.6486,99,"2023-06-11","2023-06-11",10,2023
"100",100,"Education, Application, and Analysis of Soil Testing","Southwest Quay SWCD","Eligible Entity","N/A","Quay","Cropland; Rangeland",3864.12,"Soil Testing and Analysis","We will work with all the landowners in our district to conduct soil sample testing throughout 360,000 acres of land. This consists of both crop and range land. This will allow us to show producers what their land is lacking and what practices they can implement to improve soil heath.","Melrose",88124,"Y","Y","N","N","N","N","N","N","N","N","N","N","N","N","N","N","N","N","Y","Southwest Quay SWCD","NMSU_SparcLab","NMSU_SparcLab",-11521058.8679,4089322.9433,100,"2023-06-11","2023-06-11",NA,2023
"101",101,"Pueblo of Tesuque-Soil Fertility Study","Pueblo of Tesuque","Eligible Entity","N/A","Santa Fe","Cropland",18849,"Planting cover crops; multi-cropping; conservation tillage; mulching; compost & manure application; soil microbial stimulation and inoculation","We will test the soil prior to planting, and at the end of the project. We will plant oats, barely, winter wheat, and beans. We will have a control area. We practice reduced till, application of organic matter (manure). We will harvest and measure biomass. We will measure soil fertility.","Tesuque Pueblo",87506,"Y","N","N","N","N","N","Y","N","N","Y","Y","N","N","N","Y","Y","Y","N","N","Pueblo of Tesuque","NMSU_SparcLab","NMSU_SparcLab",-11796808.5423,4275434.547,101,"2023-06-11","2023-06-11",1,2023
"102",102,"Soil Function Rehabilitation and Wildlife Farming at Candelaria Nature Preserve","Ciudad SWCD","Eligible Entity","N/A","Bernalillo","Cropland; Conservation Lands",57361,"Establishing pollinator habitat and hedgerows; no-till; sheet mulching; compost application; soil microbial stimulation and inoculation; invasive species removal","The project will use sheet mulching, inoculation, and increased irrigation efficiencies to develop beds for perennial pollinator support species, while reducing compaction, increasing microbial diversity and water retention. Native species will be planted in basins and hedgerows with mulch to prevent invasive species while wildlife farming utilizes ongoing no-till management.","Albuquerque",87107,"Y","N","N","N","N","Y","N","Y","Y","Y","N","N","N","N","Y","Y","Y","N","Y","Ciudad SWCD","NMSU_SparcLab","NMSU_SparcLab",-11875421.8343,4181916.8232,102,"2023-06-11","2023-06-11",37,2023
"103",103,"Increasing Biodiversity in Torrance County for a Thriving Community","Santa Fe Farms","Individual Applicant","Edgewood SWCD","Torrance","Cropland",11710.73,"Diverse cover crop; livestock-crop integration; bee colonies; hedgerows","SFF is requesting funding to revitalize 500-acres of depleted farmland. SFF will utilize the funding to implement four projects in 2020 that will increase the biodiversity of the property, reduce soil erosion, restore the soil health, and offer educational opportunities to the community. SFF's five­year business model is directly interwoven with education as well as the five soil health principles.","Moriarty",87035,"Y","N","N","N","N","N","Y","Y","N","N","N","Y","N","N","N","N","N","N","Y","Edgewood SWCD","NMSU_SparcLab","NMSU_SparcLab",-11804932.2041,4155964.4198,103,"2023-06-11","2023-06-11",537,2020
"104",104,"Incorporating Livestock Grazing, Cover Crops and Nutrient Management into Soil Health","Loeffler Farms, Bluewater Heritage Ranch, M&R Enterprises, Three Crosses Farms","Individual Applicant","Lava SWCD","Cibola","Cropland; Rangeland",11138.1,"Diverse cover crop; no-till; planned grazing; range planting","Cover crops will be planted using a unique utv pull behind no till drill and will be done on both rangeland and irrigated farmland in this project. The seeding rates and species will be based on the observations and results of previous projects and observations completed on farms and ranches in Cibola County. This project will include evaluations that will look at the benefits of introducing grazing into the soil health journey versus not including grazing to see if soil health benefits are accelerated from including grazing. This project will also evaluate the effectiveness of applying nutrients as recommended from ""standard soils"" tests to determine whether there is any added benefits seen amongst germination and growth of applying nutrients as opposed to simply using cover crops in place of nutrients.","Milan",87021,"Y","Y","N","N","N","N","Y","N","Y","Y","N","N","Y","N","N","N","N","N","N","Lava SWCD","NMSU_SparcLab","NMSU_SparcLab",-12010722.4639,4187178.7689,104,"2023-06-11","2023-06-11",122,2020
"105",105,"JAL Farms LLC","JAL Farms LLC","Individual Applicant","De Baca SWCD","De Baca","Orchard; Irrigated Pasture",20857.85,"Planting native grasses and other native vegetation; Compost application; Soil microbial stimulation and inoculation; Planting cover crops; Planned grazing with appropriate graze and recovery periods and herd effect; Adopting no-till or conservation tillage; Biochar production/application","The proposed project will improve biodiversity by inter-seeding season specific pollinator plants, and by increasing soil organic matter with conditioned biochar plus targeted poultry management to improve permanent establishment of perennial warm season and native species.  Project activities will cover 7.5 acres of irrigated land.","Fort Sumner",88119,"N","Y","Y","N","N","N","Y","N","Y","Y","N","N","Y","N","N","Y","Y","N","Y","De Baca SWCD","NMDA_ndb","NMDA_ndb",-11601796.5147,4090972.637,105,"2024-08-22","2024-08-22",8,2024
"106",106,"Dobie Farms","Jean Fulton and Sonya Cooper, ""Dobie Farms""","Individual Applicant","Doña Ana SWCD","Doña Ana","Orchard",1353.65,"Planting cover crops; Planting perennials/hedgerows; Planting native grasses and other native vegetation; Multi-cropping; Adopting no-till or conservation tillage; Mulching; Soil microbial stimulation and inoculation","Our pecan orchard suffered from long-term tilling under several previous owners. We want to improve our existing cover crop and the soil biodiversity by introducing a nine-species blend of grasses, legumes, and forbs inoculated with a powdered Endomycorrhiza/Ectomycorrhiza blend. Specialized microbial soil testing will quantify the results over time.","Las Cruces",88001,"N","N","Y","N","N","N","Y","Y","Y","Y","Y","N","N","N","Y","N","Y","N","N","Doña Ana SWCD","NMDA_ndb","NMDA_ndb",-11890717.6263,3796668.0856,106,"2024-08-22","2024-08-22",18,2024
"107",107,"Luna Llena Farm","Luna Llena Farm","Individual Applicant","Ciudad SWCD","Bernalillo","Cropland",23250.7,"Planting cover crops; Planting perennials/hedgerows; Planting native grasses and other native vegetation; Multi-cropping; Adopting no-till or conservation tillage; Mulching; Compost application","We at Luna Llena Farm are in the process of transforming a once conventionally managed farm that for the last several years has gone unmanaged into a sustainable, ecologically flourishing, mixed produce farm using healthy soil and regenerative management practices.","Albuquerque",87105,"Y","N","N","N","N","N","Y","Y","Y","Y","Y","N","N","N","Y","Y","N","N","N","Ciudad SWCD","NMDA_ndb","NMDA_ndb",-11878228.7563,4170275.9515,107,"2024-08-22","2024-08-22",1,2024
"108",108,"Harmony Farm","Anastasia Sheldon of Harmony Farm","Individual Applicant","Taos SWCD","Taos","Cropland; Orchard; Subsistence/Community Garden; Wildlife Habitat",7813.3,"Planting cover crops; Planting perennials/hedgerows; Planting native grasses and other native vegetation; Multi-cropping; Adopting no-till or conservation tillage; Mulching; Compost application; Soil microbial stimulation and inoculation","3ac of mixed crop & orchard. a. Prolong water days b. Improve soil  c. Create pollinator habitat by creating  a. irrigation & water storage, b. cover crops c. Bat/bird boxes. Add 3 1000 gal. acequia & rainwater tanks, headgates, irrigation to improve retention, healthy root, environment for keystone species: earthworm.","Taos",87571,"Y","N","N","N","N","N","Y","Y","Y","Y","Y","N","N","N","Y","Y","Y","N","N","Taos SWCD","NMDA_ndb","NMDA_ndb",-11751798.556,4353979.2609,108,"2024-08-22","2024-08-22",3,2024
"109",109,"Jeff LeBlanc","Jeff LeBlanc","Individual Applicant","Grant SWCD","Grant","Cropland",2303.39,"Planting cover crops; Planting perennials/hedgerows; Planting native grasses and other native vegetation; Multi-cropping; Adopting no-till or conservation tillage; Mulching; Compost application; Soil microbial stimulation and inoculation; Syntropic agriculture (crop n' drop)","This is a regenerative agriculture and native species reforestation project on 0.24 acres of cropland. We'll address bare soil, soil compaction, low soil organic matter, poor water infiltration, lack of biodiversity, and poor soil structure by mulching, using cover crops, no-till, creating pollinator habitat, and planting a field border.","Arenas Valley",88022,"Y","N","N","N","N","N","Y","Y","Y","Y","Y","N","N","N","Y","Y","Y","N","Y","Grant SWCD","NMDA_ndb","NMDA_ndb",-12044615.2411,3866373.5693,109,"2024-08-22","2024-08-22",0,2024
"110",110,"David & Christi Windham","David & Christi Windham","Individual Applicant","Central Curry SWCD","Curry","Rangeland",7518.4,"Planned grazing with appropriate graze and recovery periods and herd effect; Soil microbial stimulation and inoculation; Planting cover crops; Planting native grasses and other native vegetation","Our plan to increase soil organic matter and improve infiltration utilizes 9.7 acres of rangeland.   We will address these concerns by: - Interseeding a cover crop and rangeland grass mixture (addresses soil compaction) - Implementing bale grazing (supplemental organic matter) - Grazing Sheep (stimulate plant production) (utilize manure and urine as fertilizer)","Melrose",88124,"N","Y","N","N","N","N","Y","N","Y","N","N","N","Y","N","N","N","Y","N","N","Central Curry SWCD","NMDA_ndb","NMDA_ndb",-11537517.127,4089407.7134,110,"2024-08-22","2024-08-22",10,2024
"111",111,"Gray Mercer","Gray Mercer","Individual Applicant","Taos SWCD","Taos","Cropland; Orchard",8934.86,"Planting cover crops; Adopting no-till or conservation tillage; Mulching; Soil microbial stimulation and inoculation","Amount of land - 7.5 acres.  Type of land - cropland orchard.  Soil health-related resource concerns - increase biodiversity, cover crop density, root aeration increase, soil moisture retention.  Agricultural/conservation practice - remove sagebrush, no till seeding cover crop, no till seeding winter hardy mix 1st quarter, no till seed spring mix in 3rd quarter.","El Prado",87529,"Y","N","Y","N","N","N","Y","N","N","Y","N","N","N","N","Y","N","Y","N","N","Taos SWCD","NMDA_ndb","NMDA_ndb",-11756556.3073,4364563.085,111,"2024-08-22","2024-08-22",8,2024
"112",112,"Goat Tree Orchard","Goat Tree Orchard","Individual Applicant","Taos SWCD","Taos","Cropland; Orchard",2646.04,"Planting cover crops; Planting perennials/hedgerows; Planting native grasses and other native vegetation; Adopting no-till or conservation tillage; Planned grazing with appropriate graze and recovery periods and herd effect; Mulching","Our project will enhance soil health in an heirloom apple orchard and adjoining pasture for sheep (silvopasture) through planting cover crop and native forage on a combined 6.9 acre parcel of cropland. Wind erosion control plantings and installation of tree support system will supplement no-till practices, cover-cropping, and perennial plantings.","El Prado",87529,"Y","N","Y","N","N","N","Y","Y","Y","Y","N","N","Y","N","Y","N","N","N","N","Taos SWCD","NMDA_ndb","NMDA_ndb",-11753543.2372,4359171.383,112,"2024-08-22","2024-08-22",7,2024
"113",113,"Andrew Greer","Andrew Greer","Individual Applicant","Guadalupe SWCD","Guadalupe","Rangeland",6763.42,"Planting cover crops; Adopting no-till or conservation tillage; Multi-cropping; Planned grazing with appropriate graze and recovery periods and herd effect; Soil microbial stimulation and inoculation","This project will address soil health resource concerns of compaction and soil organic matter depletion by implementing prescribed grazing on 53.1 acres of rangeland and pasture and cover cropping/intercropping on 42.8 acres of pasture, in integration with no-till practices and residue management.","Dilia",87724,"N","Y","N","N","N","N","Y","N","N","Y","Y","N","Y","N","N","N","Y","N","N","Guadalupe SWCD","NMDA_ndb","NMDA_ndb",-11696664.7527,4189115.2662,113,"2024-08-22","2024-08-22",53,2024
"114",114,"Campbell Springs, LLC","Campbell Springs, LLC","Individual Applicant","Northeastern SWCD","Union","Rangeland",9678.54,"Planting native grasses and other native vegetation; Planned grazing with appropriate graze and recovery periods and herd effect; Planting cover crops; Compost application","40 acres of degraded rangeland due to long ago crop tillage, previous prairie dogs, drought, erosion and grazing.   Utilize temp electric fencing to keep the cattle out and no-till drill reseed with native cool/warm season grasses to cover soil, reduce bare ground, increase diversity, improve soil aggregate.","Grenville",88424,"N","Y","N","N","N","N","Y","N","Y","N","N","N","Y","N","N","Y","N","N","N","Northeastern SWCD","NMDA_ndb","NMDA_ndb",-11514302.0202,4391396.1377,114,"2024-08-22","2024-08-22",40,2024
"115",115,"Ranch Girls","Ranch Girls","Individual Applicant","San Juan SWCD","San Juan","Cropland; Rangeland; Orchard",16360.3,"Planting perennials/hedgerows; Planting native grasses and other native vegetation; Multi-cropping; Adopting no-till or conservation tillage; Planned grazing with appropriate graze and recovery periods and herd effect; Mulching; Compost application; Soil microbial stimulation and inoculation; Planting cover crops","The project includes 27.6 acres of rangeland, cropland, riparian area and pollinator strips. Resource concerns include the enrichment of soil health, reversing erosion, increasing the rate of rainwater absorption, and repopulation of native wildlife and pollinators. We aim to adapt to climate change and optimize crop/livestock/honey production and quality.","Farmington",87401,"Y","Y","Y","N","N","N","Y","Y","Y","Y","Y","N","Y","N","Y","Y","Y","N","N","San Juan SWCD","NMDA_ndb","NMDA_ndb",-12047839.2537,4417590.6926,115,"2024-08-22","2024-08-22",28,2024
"116",116,"Reynel Orozco","Reynel Orozco","Individual Applicant","East Rio Arriba SWCD","Rio Arriba","Cropland",18624.76,"Planting cover crops; Adopting no-till or conservation tillage; Compost application; Soil microbial stimulation and inoculation","This project will address soil compaction, aggregate and soil surface instability (erosion), soil organic matter depletion, and soil organism habitat loss/degradation on 4.2 acres of farmland by implementing cover cropping, applying compost as a soil amendment and biological inoculant, and beginning low-till/no-till practices.","Española",87566,"Y","N","N","N","N","N","Y","N","N","Y","N","N","N","N","N","Y","Y","N","N","East Rio Arriba SWCD","NMDA_ndb","NMDA_ndb",-11810163.4008,4304814.0456,116,"2024-08-22","2024-08-22",4,2024
"117",117,"Rachel and Bart Exposito","Rachel and Bart Exposito","Individual Applicant","East Rio Arriba SWCD","Rio Arriba","Cropland; Orchard; Subsistence/Community Garden; Forest Land; Wildlife Habitat",8020.46,"Planting cover crops; Mulching; Compost application; Adopting no-till or conservation tillage","Our project will be implemented across approximately one acre of cropland consisting of three separate fields. We will address concerns of organic matter depletion, erosion, plant health and vigor, and inadequate habitat for pollinators and wildlife. Specific practices include spreading compost and biochar, cover cropping, and mulching.","Dixon",87527,"Y","N","N","Y","Y","Y","Y","N","N","Y","N","N","N","N","Y","Y","N","N","N","East Rio Arriba SWCD","NMDA_ndb","NMDA_ndb",-11786094.9229,4327746.6809,117,"2024-08-22","2024-08-22",1,2024
"118",118,"Baca Family Farm, LLC","Baca Family Farm, LLC","Individual Applicant","Valencia SWCD","Valencia","Cropland",16903.81,"Planting cover crops; Planting perennials/hedgerows; Multi-cropping; Adopting no-till or conservation tillage; Planned grazing with appropriate graze and recovery periods and herd effect; Compost application; Soil microbial stimulation and inoculation; Planting native grasses and other native vegetation","12.6 acres (cropland) is in its first yr of regenerative/moisture retentive practices.    The 4 acres (cropland) were conventionally farmed--heavily plowed, tilled, and chemically sprayed-->60 yrs.  Leading to soil compaction, organic matter depletion, decreased water infiltration, and lack of biodiversity.  Remove plow pan, cover crop, nutrient management, and establish biodiversity.","Belen",87002,"Y","N","N","N","N","N","Y","Y","Y","Y","Y","N","Y","N","N","Y","Y","N","N","Valencia SWCD","NMDA_ndb","NMDA_ndb",-11885602.8315,4127255.3696,118,"2024-08-22","2024-08-22",16,2024
"119",119,"Mary Ben","Mary Ben","Individual Applicant","San Juan SWCD","San Juan","Cropland",17545.18,"Planting cover crops; Compost application; Adopting no-till or conservation tillage","On our 16-acres of cropland, we aim to address poor soil structure and lack of organic matter by implementing winter cover cropping and compost application. We also aim to highlight the farm-to-school, back to farm lifecycle of our crops and soil health improvements through a mini documentary and soil testing.","Shiprock",87420,"Y","N","N","N","N","N","Y","N","N","Y","N","N","N","N","N","Y","N","N","N","San Juan SWCD","NMDA_ndb","NMDA_ndb",-12107198.5441,4417440.4285,119,"2024-08-22","2024-08-22",16,2024
"120",120,"Rosa Maria Alcantar","Rosa Maria Alcantar","Individual Applicant","East Rio Arriba SWCD","Rio Arriba","Cropland; Orchard",5690.32,"Planting cover crops; Adopting no-till or conservation tillage; Compost application; Soil microbial stimulation and inoculation","This project will address soil compaction, aggregate and soil surface instability (erosion), soil organic matter depletion, and soil organism habitat loss/degradation on 1.5 acres of farmland by implementing cover cropping, applying compost as a soil amendment and biological inoculant, and beginning low-till/no-till practices.","Española",87533,"Y","N","Y","N","N","N","Y","N","N","Y","N","N","N","N","N","Y","Y","N","N","East Rio Arriba SWCD","NMDA_ndb","NMDA_ndb",-11805141.2312,4301483.7215,120,"2024-08-22","2024-08-22",2,2024
"121",121,"Alex Morgan and Julia Hadden","Alex Morgan and Julia Hadden","Individual Applicant","Mora-Wagon Mound SWCD","Mora","Rangeland; Wildlife Habitat; Riparian Area",6144.86,"Planting native grasses and other native vegetation; Planned grazing with appropriate graze and recovery periods and herd effect; Mulching","The project will take place on 4.36 acres of mixed rangland and riparian land. 40% of the soil is degraded with little to no plant structure or organic matter. We will add mulch, native seeds, and bale grazing with goats to address these issues.","Ocate",87734,"N","Y","N","N","N","Y","N","N","Y","N","N","N","Y","N","Y","N","N","N","N","Mora-Wagon Mound SWCD","NMDA_ndb","NMDA_ndb",-11692210.9426,4324048.6284,121,"2024-08-22","2024-08-22",4,2024
"122",122,"Peter Vigil","Peter Vigil","Individual Applicant","Taos SWCD","Taos","Cropland",3702.79,"Planting cover crops; Planned grazing with appropriate graze and recovery periods and herd effect; Mulching; Adopting no-till or conservation tillage","The amount of land is 12 acres.  The land type is irrigated pasture and lowlands near streams.  My concerns are lack of cover, water retention, compaction, erodibility, diversity and better production with what I have.  I will implement conservation tilling, cover cropping, bale grazing, cattle rotation and better irrigation.","Taos",87571,"N","Y","N","N","N","N","Y","N","N","Y","N","N","Y","N","Y","N","N","N","N","Taos SWCD","NMDA_ndb","NMDA_ndb",-11756655.1267,4355525.6189,122,"2024-08-22","2024-08-22",12,2024
"123",123,"Reyah Sunshine Farm","Reyah Sunshine Farm","Individual Applicant","Santa Fe-Pojoaque SWCD","Santa Fe","Cropland; Orchard; Subsistence/Community Garden; Wildlife Habitat",11515.96,"Planting cover crops; Adopting no-till or conservation tillage; Mulching; Compost application; Soil microbial stimulation and inoculation","This project will focus on a .25 acre bio intensive market garden (cropland.)  Our resource concerns are low soil organic matter, water infiltration,  poor soil structure, invasive species, and a lack of biodiversity. We plan to implement compost application, microbial inoculation, mulching, cover cropping, conservation tillage and green manure integration.","Chimayo",87522,"Y","N","N","Y","N","Y","Y","N","N","Y","N","N","N","N","Y","Y","Y","N","N","Santa Fe-Pojoaque SWCD","NMDA_ndb","NMDA_ndb",-11793430.2711,4300529.5622,123,"2024-08-22","2024-08-22",4,2024
"124",124,"Ron Garay","Ron Garay","Individual Applicant","Caballo SWCD","Doña Ana","Cropland; Orchard",17311.91,"Planting cover crops; Planting native grasses and other native vegetation; Adopting no-till or conservation tillage; Compost application; Mulching","14 acre cropland (pecan orchard) is the focus of this project. Soil-health related resource concerns are overall soil health, irrigation effectiveness, neutralize effects of salt content in well water, stop tree loss, improve production at harvest. Working plan practices include cover crop, worm castings, attracting beneficial insects, natural fertilizers, no-till.","Garfield",87936,"Y","N","Y","N","N","N","Y","N","Y","Y","N","N","N","N","Y","Y","N","N","N","Caballo SWCD","NMDA_ndb","NMDA_ndb",-11940542.2316,3864499.5999,124,"2024-08-22","2024-08-22",14,2024
"125",125,"Chimayó Cultural Preservation Association","Chimayó Cultural Preservation Association","Individual Applicant","Santa Fe-Pojoaque SWCD","Santa Fe","Cropland; Subsistence/Community Garden",16980.45,"Planting cover crops; Planting perennials/hedgerows; Planting native grasses and other native vegetation; Multi-cropping; Adopting no-till or conservation tillage; Mulching; Compost application","The project is on four parcels of Plaza del Cerro, totaling 1.8 acres of cropland. It will address soil health concerns of compaction, organic matter depletion, and invasive species. Conservation practices include: mulching; residue/tillage management; planting of beneficial plants (insectaries); biomass planting; cover cropping; nutrient management; and brush management.","Chimayo",87522,"Y","N","N","Y","N","N","Y","Y","Y","Y","Y","N","N","N","Y","Y","N","N","N","Santa Fe-Pojoaque SWCD","NMDA_ndb","NMDA_ndb",-11792353.1511,4300633.09,125,"2024-08-22","2024-08-22",2,2024
"126",126,"Wellspring Ranch & Stables, LLC","Wellspring Ranch & Stables, LLC","Individual Applicant","Colfax SWCD","Colfax","Rangeland",2607,"Planned grazing with appropriate graze and recovery periods and herd effect; Planting native grasses and other native vegetation; Planting cover crops","We are applying for bale grazing on approximately 5 acres of our land to help us re-establish several bare spots that need new growth to control erosion potential, create sustained living roots, and increase cover crop and plant diversity.","Raton",87740,"N","Y","N","N","N","N","Y","N","Y","N","N","N","Y","N","N","N","N","N","N","Colfax SWCD","NMDA_ndb","NMDA_ndb",-11624111.7352,4424807.5953,126,"2024-08-22","2024-08-22",80,2024
"127",127,"Dorothy Duff","Dorothy Duff","Individual Applicant","Ciudad SWCD","Bernalillo","Cropland; Orchard; Subsistence/Community Garden; Wildlife Habitat",1948.77,"Planting cover crops; Planting native grasses and other native vegetation; Adopting no-till or conservation tillage; Compost application; Soil microbial stimulation and inoculation","There are two areas considered .80 acre and .07 acre  One is meadow/cropland and the other is food cropland.  There is soil  compaction, erosion, bare soil  and invasive species. Areas that are bare are nutrient poor mechanically(by hand) remove invasives, seed with native grasses, cover crops and pollinator plant seed.","Tijeras",87059,"Y","N","N","Y","N","Y","Y","N","Y","Y","N","N","N","N","N","Y","Y","N","N","Ciudad SWCD","NMDA_ndb","NMDA_ndb",-11838166.0468,4157155.9921,127,"2024-08-22","2024-08-22",1,2024
"128",128,"House of Dirt - Farm & Gardens","Dan Hamilton with House of Dirt - Farm & Gardens","Individual Applicant","Tierra y Montes SWCD","San Miguel","Rangeland; Wildlife Habitat",2439.78,"Planting cover crops; Adopting no-till or conservation tillage; Compost application; Soil microbial stimulation and inoculation; Mulching","We will focus on a one acre grassland section of our 10 acre property. The soil health-related concerns we will address here are low soil organic matter, lack of biodiversity, soil compaction and poor water infiltration. We will implement cover cropping, mulching, and pollinator habitat establishment to address these concerns.","Las Vegas",87701,"N","Y","N","N","N","Y","Y","N","N","Y","N","N","N","N","Y","Y","Y","N","N","Tierra y Montes SWCD","NMDA_ndb","NMDA_ndb",-11716252.6161,4231731.244,128,"2024-08-22","2024-08-22",1,2024
"129",129,"Whisper Ridge","Whisper Ridge","Individual Applicant","Cuba SWCD","Rio Arriba","Rangeland",4816.19,"Planting cover crops; Multi-cropping; Adopting no-till or conservation tillage; Planned grazing with appropriate graze and recovery periods and herd effect; Soil microbial stimulation and inoculation","This project is situated on 35 acres of land.   The health concerns observed are compaction of soil, aggregate and soil surface instability, organic matter depletion, and soil organism habitat loss and degradation.  The practices to used are increased soil cover, rotational grazing, and the addition of deep-rooted cover crops.","Gallina",87017,"N","Y","N","N","N","N","Y","N","N","Y","Y","N","Y","N","N","N","Y","N","N","Cuba SWCD","NMDA_ndb","NMDA_ndb",-11889572.8834,4332357.3287,129,"2024-08-22","2024-08-22",35,2024
"130",130,"Ledoux Grange, LLC","Ledoux Grange, LLC","Individual Applicant","Western Mora SWCD","Mora","Cropland; Rangeland; Orchard; Wildlife Habitat; Riparian Area",18340.71,"Planting cover crops; Planting perennials/hedgerows; Planting native grasses and other native vegetation; Multi-cropping; Adopting no-till or conservation tillage; Planned grazing with appropriate graze and recovery periods and herd effect; Compost application; Mulching; Soil microbial stimulation and inoculation; Hügelkultur","Nearly 32 acres of historically/culturally rich but degraded cropland, gardens, orchard, and pasture are threatened by soil erosion, decreased plant productivity, pasture overgrazing, low soil organic matter, bare ground exposure, and riparian destabilization.  Using yaks for intensive grazing/stomping and adding biochar, compost and cover crops will improve healthy soil biodiversity.","Mora",87732,"Y","Y","Y","N","N","Y","Y","Y","Y","Y","Y","N","Y","N","Y","Y","Y","N","Y","Western Mora SWCD","NMDA_ndb","NMDA_ndb",-11727914.3624,4289269.7135,130,"2024-08-22","2024-08-22",32,2024
"131",131,"Franks Farm","Franks Farm","Individual Applicant","San Juan SWCD","San Juan","Cropland; Rangeland",20345.28,"Planting cover crops; Adopting no-till or conservation tillage; Planned grazing with appropriate graze and recovery periods and herd effect; Mulching","The cropland at 75 acres will implement a winter blend to cover the soil and then be terminated by livestock for the notill spring planting.  The rangeland at 50 acres will implement a winter blend to put a live root in the ground and add mulch on top.","Waterflow",87421,"Y","Y","N","N","N","N","Y","N","N","Y","N","N","Y","N","Y","N","N","N","N","San Juan SWCD","NMDA_ndb","NMDA_ndb",-12076330.4132,4405525.8537,131,"2024-08-22","2024-08-22",125,2024
"132",132,"Sheila Fishburn","Sheila Fishburn","Individual Applicant","San Juan SWCD","San Juan","Rangeland",18347,"Planting cover crops; Planting native grasses and other native vegetation; Planned grazing with appropriate graze and recovery periods and herd effect; Compost application; Mulching; Soil microbial stimulation and inoculation; Planting perennials/hedgerows; Multi-cropping; Adopting no-till or conservation tillage","The project seeks to restore and improve 67 acres of rangeland to counteract erosion, improve grasses that will provide grazing and cover for native animals and improve rain water harvesting. This will be done by providing soil cover, maximizing biodiversity, and integrating controlled grazing into the land management.","Farmington",87401,"N","Y","N","N","N","N","Y","Y","Y","Y","Y","N","Y","N","Y","Y","Y","N","N","San Juan SWCD","NMDA_ndb","NMDA_ndb",-12048212.533,4417706.4759,132,"2024-08-22","2024-08-22",67,2024
"133",133,"Railyard Park Conservancy","Railyard Park Conservancy","Individual Applicant","Santa Fe-Pojoaque SWCD","Santa Fe","Rangeland; Orchard; Wildlife Habitat",10564.15,"Planting perennials/hedgerows; Planting native grasses and other native vegetation; Adopting no-till or conservation tillage; Planned grazing with appropriate graze and recovery periods and herd effect; Mulching; Compost application; Planting cover crops","The healthy soils project encompasses 2.75 acres of rangeland. Concerns addressed are bare ground, soil erosion & compaction, invasive weeds and minimal habitat. We will address all five Principles by implementing the Practices of prescribed grazing, reseeding, weed removal, covering bare ground with organic litter and adding compost.","Santa Fe",87505,"N","Y","Y","N","N","Y","Y","Y","Y","Y","N","N","Y","N","Y","Y","N","N","N","Santa Fe-Pojoaque SWCD","NMDA_ndb","NMDA_ndb",-11794377.3466,4256784.9613,133,"2024-08-22","2024-08-22",3,2024
"134",134,"Campos Verdes Farm","Shelley Winship, Campos Verdes Farm","Individual Applicant","Santa Fe-Pojoaque SWCD","Santa Fe","Cropland; Orchard; Subsistence/Community Garden; Wildlife Habitat",12445.08,"Planting cover crops; Planting perennials/hedgerows; Adopting no-till or conservation tillage; Mulching; Compost application; Soil microbial stimulation and inoculation; Multi-cropping; Planting native grasses and other native vegetation","This project will benefit 2 acres of cropland and orchard, and will address soil erosion issues from water/wind; organic matter depletion; pest pressure; inefficient water use; and wildlife habitat. Agricultural/conservation practices will include terracing; mulching; pest management; cover cropping; nutrient management; small farm micro-irrigation; hedgerow planting; and establishment of windbreaks.","Chimayo",87522,"Y","N","Y","Y","N","Y","Y","Y","Y","Y","Y","N","N","N","Y","Y","Y","N","N","Santa Fe-Pojoaque SWCD","NMDA_ndb","NMDA_ndb",-11792941.7096,4299876.7613,134,"2024-08-22","2024-08-22",2,2024
"135",135,"Sarah Silva and Heath Haussamen","Sarah Silva and Heath Haussamen","Individual Applicant","Sierra SWCD","Sierra","Forest Land; Wildlife Habitat",1600.38,"Planting native grasses and other native vegetation; Mulching","We own 6 acres in Kingston, NM. There are high amounts of red clay in the soil, two gullies and a large human-caused scar runs through the property.  We want to improve our soil through pollinator habitats and reducing erosion through range planting of native grasses, flowers and mulch.","Kingston",88042,"N","N","N","N","Y","Y","N","N","Y","N","N","N","N","N","Y","N","N","N","N","Sierra SWCD","NMDA_ndb","NMDA_ndb",-11990327.9509,3883800.1536,135,"2024-08-22","2024-08-22",6,2024
"136",136,"Frankie Serrano","Frankie Serrano","Individual Applicant","East Rio Arriba SWCD","Rio Arriba","Cropland; Rangeland",312.95,"Planting cover crops; Planting native grasses and other native vegetation; Adopting no-till or conservation tillage; Planned grazing with appropriate graze and recovery periods and herd effect; Soil microbial stimulation and inoculation; Multi-cropping","13.2 acres of Pasture/Crop land.  Will address:  Soil surface erosion,  Soil organic matter depletion, Soil organism habitat, Compaction.  Will implement the following:  No-till & residue management, Use no-till drill for cover crop.  Pasture planting, Permanent grass and temporary deep rooted broadleaf plant.  Prescribed grazing management.","Youngsville",87064,"Y","Y","N","N","N","N","Y","N","Y","Y","Y","N","Y","N","N","N","Y","N","N","East Rio Arriba SWCD","NMDA_ndb","NMDA_ndb",-11862325.1529,4326870.4381,136,"2024-08-22","2024-08-22",13,2024
"137",137,"Guadalupe Soil & Water Conservation District Soil & Seed Program","Guadalupe SWCD","Eligible Entity","N/A","Guadalupe","Cropland",70484.02,"Planting cover crops; Adopting no-till or conservation tillage; Planned grazing with appropriate graze and recovery periods and herd effect; Mulching","The continuance of this program will benefit 150-200 acres of cropland to address loss of topsoil by wind and water erosion, low soil organic matter, and low infiltration and percolation by providing informational soil tests, implementing cover crop, and promoting no-till seeding techniques to all landowners within the district.","Santa Rosa",88435,"Y","N","N","N","N","N","Y","N","N","Y","N","N","Y","N","Y","N","N","N","N","Guadalupe SWCD","NMDA_ndb","NMDA_ndb",-11652995.2744,4155544.3076,137,"2024-08-22","2024-08-22",150,2024
"138",138,"Evaluating Treated Municipal Wastewater for Winter Cover Cropping and the Subsequent Summer Forage to Protect the Soil, Promote Soil Health, and Protect Freshwater Sources - II","NMSU Rex E. Kirksey Agricultural Science Center at Tucumcari","Eligible Entity","N/A","Quay","Cropland",17720.49,"Planting cover crops; Adopting no-till or conservation tillage; Soil microbial stimulation and inoculation","A continued evaluation of treated municipal wastewater irrigation on soil microbes under various winter cover crops and their influence on the subsequent crop.","Tucumcari",88401,"Y","N","N","N","N","N","Y","N","N","Y","N","N","N","N","N","N","Y","N","N","NMSU Cooperative Extension Service","NMDA_ndb","NMDA_ndb",-11542324.5497,4191360.5057,138,"2024-08-22","2024-08-22",0,2024
"139",139,"Valencia SWCD FY24 Soil Testing","Valencia SWCD","Eligible Entity","N/A","Valencia","Cropland; Rangeland; Orchard; Community/Subsistence Garden; Forest Land; Wildlife Habitat",3303.16,"Soil testing for landowners","The Valencia SWCD has a boundary of 1,438,000 acres. The district will be using the grant money to do soil tests/technical advice for all of its beneficiaries. The land that are within the service area are cropland, rangeland and forest. VSWCD will be able to recommend methods for use.","Belen",87002,"Y","Y","Y","Y","Y","Y","N","N","N","N","N","N","N","N","N","N","N","N","Y","Valencia SWCD","NMDA_ndb","NMDA_ndb",-11881763.2042,4119062.1284,139,"2024-08-22","2024-08-22",NA,2024
"140",140,"Pilot Project: Improving the soil for the lands of the Tamayame","Pueblo of Santa Ana","Eligible Entity","N/A","Sandoval","Cropland; Community/Subsistence Garden",2828.14,"Planting cover crops; Multi-cropping; Adopting no-till or conservation tillage; Compost application","The Pueblo of Santa Ana has been a farming community since time immemorial. This will be the first pilot project; will focus on 15 acres of agriculture land. The project's focus on the ongoing concerns of soil health. The project will implement agricultural and conservation practices by promoting species diversification.","Santa Ana Pueblo",87004,"Y","N","N","Y","N","N","Y","N","N","Y","Y","N","N","N","N","Y","N","N","N","Pueblo of Santa Ana","NMDA_ndb","NMDA_ndb",-11858963.5836,4210726.8666,140,"2024-08-22","2024-08-22",400,2024
"141",141,"Tribal Seeding","Mescalero Apache Tribe","Eligible Entity","N/A","Otero","Rangeland",4700.62,"Planting native grasses and other native vegetation; Planned grazing with appropriate graze and recovery periods and herd effect; Planting culturally important plant species","Our project focuses on rangelands. We are looking at the main body of the Reservation, that is 380,000 acres. Our goal is to reestablish native plant species and Tribal species that are used culturally. This project would help keep soil covered, maximize biodiversity and maintaining a living root.","Mescalero",88340,"N","Y","N","N","N","N","N","N","Y","N","N","N","Y","N","N","N","N","N","N","Mescalero Apache Tribe","NMDA_ndb","NMDA_ndb",-11775318.1861,3916289.9943,141,"2024-08-22","2024-08-22",380000,2024
"142",142,"Northeastern SWCD Healthy Soil Initiative","Northeastern SWCD","Eligible Entity","N/A","Union","Cropland; Rangeland; Wildlife Habitat; Rural Properties",23032.65,"Planting native grasses and other native vegetation; Adopting no-till or conservation tillage","Amount of land: 350 acres
Land Type: cropland, rangeland, field corners around rural homes  *Union County has a need for groundcover in field corners as well as rural home areas.  * Implementing groundcover to reduce erosion as well as maintaining a living root system.","Clayton",88415,"Y","Y","N","N","N","Y","N","N","Y","Y","N","N","N","N","N","N","N","N","N","Northeastern SWCD","NMDA_ndb","NMDA_ndb",-11486354.6706,4363122.5785,142,"2024-08-22","2024-08-22",350,2024
"143",143,"East Rio Arriba Soil and Water Conservation District Cover Crop Seed Program","East Rio Arriba SWCD","Eligible Entity","N/A","Rio Arriba","Cropland; Rangeland; Forest Land; Wildlife; Habitat Orchard; Acequia-Irrigated Lands",28980.08,"Planting cover crops; Planting native grasses and other native vegetation; Multi-cropping; Planned grazing with appropriate graze and recovery periods and herd effect; Planting perennials/hedgerows; Adopting no-till or conservation tillage","ERASWCD would provide the cover crop seed through an application process for each of the estimated (40) producers, for:
* Approximately 500 ac. there would be a mixture of cropland, rangeland, forest land, orchards, and irrigated fields.
* Soil samples for each of the estimated (40) producer's
* Training producers/youth","Hernandez",87537,"Y","Y","Y","N","Y","Y","Y","Y","Y","Y","Y","N","Y","N","N","N","N","N","N","East Rio Arriba SWCD","NMDA_ndb","NMDA_ndb",-11810874.4775,4305923.8755,143,"2024-08-22","2024-08-22",500,2024
"144",144,"San Cristobal fallow field restoration","San Cristobal Ditch Association","Eligible Entity","N/A","Taos","Cropland; Rangeland; Wildlife Habitat",30671.88,"Planting cover crops; Planting perennials/hedgerows; Planting native grasses and other native vegetation; Adopting no-till or conservation tillage; Mulching; Compost application; Pond restoration","Last year we seeded 46 acres rangeland/grassland  with the no-till drill. We want to move those acres to the next step and plant perennial grasses.  We also want to bring on another 20 acres of fallow fields will a winter cover crop improving compaction infiltration and general soil health.","San Cristobal",87564,"Y","Y","N","N","N","N","Y","Y","Y","Y","N","N","N","N","Y","Y","N","N","Y","San Cristobal Ditch Association","NMDA_ndb","NMDA_ndb",-11760203.6839,4382874.4215,144,"2024-08-22","2024-08-22",60,2024
"145",145,"Taos County Soil Health and Education Program FYE 2024","Taos SWCD","Eligible Entity","N/A","Taos","Cropland; Rangeland; Orchard; Community/Subsistence Garden",79103.49,"Planting cover crops; Adopting no-till or conservation tillage; Planned grazing with appropriate graze and recovery periods and herd effect; Mulching","Property is six acres, with five dedicated to the project. This is cropland with a small riparian zone on Rio Tusas. Land is fallow, compacted, lacks organic matter and heavily wind eroded. Cover crops, native grasses/flowers, compost/vermiculture production, biochar, microbial and fungal inoculants, livestock(chickens) to remediate soil issues. Permaculture approach.","Taos",87571,"Y","Y","Y","Y","N","N","Y","N","N","Y","N","N","Y","N","Y","N","N","N","N","Taos SWCD","NMDA_ndb","NMDA_ndb",-11755667.3837,4352386.0147,145,"2024-08-22","2024-08-22",200,2024
