Submitter Email (Submitter Information),Submitter First Name (Submitter Information),Submitter Last Name (Submitter Information),Submitter Phone (Submitter Information),Submitter Cellphone (Submitter Information),Submitter Address 1 (Submitter Information),Submitter Address 2 (Submitter Information),Submitter City (Submitter Information),Submitter State (Submitter Information),Submitter State Code (Submitter Information),Submitter Region (Submitter Information),Submitter Zipcode (Submitter Information),Submitter Country (Submitter Information),Form Name (Form Attributes),Submission Id (Form Attributes),Status (Form Attributes),date,Archived (Form Attributes),sub_id,Submission URL (Form Attributes),Labels (Form Attributes),Affiliate Id (Form Attributes),Assigned To (Form Attributes),Organization Name (Form Attributes),Organization ID Number (Form Attributes),tot_rev_score,avg_rev_score,rev_stage,Gallery Votes (Form Attributes),Total File Size (Form Attributes),File URL (Form Attributes),Submission Notes (Form Attributes),Payment (Form Attributes),Title (NMDA's Noxious Weed Management Grant),This application is being submitted on behalf of a... (NMDA's Noxious Weed Management Grant),What entity will serve as administrative and fiscal agent for the Cooperative Weed Management Area for the administration of this grant? (NMDA's Noxious Weed Management Grant),Enter your organization's Employer Identification Number (EIN): EIN (NMDA's Noxious Weed Management Grant),Enter your organization's Employer Identification Number (EIN): Organization Name (NMDA's Noxious Weed Management Grant),Enter your organization's Employer Identification Number (EIN): Address (NMDA's Noxious Weed Management Grant),Enter your organization's Employer Identification Number (EIN): Address Line 2 (NMDA's Noxious Weed Management Grant),Enter your organization's Employer Identification Number (EIN): City (NMDA's Noxious Weed Management Grant),Enter your organization's Employer Identification Number (EIN): State (NMDA's Noxious Weed Management Grant),Enter your organization's Employer Identification Number (EIN): Zip Code (NMDA's Noxious Weed Management Grant),Enter your organization's Employer Identification Number (EIN): Subsection Description (NMDA's Noxious Weed Management Grant),Enter your organization's Employer Identification Number (EIN): Deductibility Status (NMDA's Noxious Weed Management Grant),Enter your organization's Employer Identification Number (EIN): Reason for Non-Private Foundation Status (NMDA's Noxious Weed Management Grant),Enter your organization's Employer Identification Number (EIN): Pub78 Verified (NMDA's Noxious Weed Management Grant),Enter your organization's Employer Identification Number (EIN): Most Recent IRS Pub78 (NMDA's Noxious Weed Management Grant),Enter your organization's Employer Identification Number (EIN): Most Recent IRS BMF (NMDA's Noxious Weed Management Grant),Enter your organization's Employer Identification Number (EIN): Most Recent IRB (NMDA's Noxious Weed Management Grant),Enter your organization's Employer Identification Number (EIN): OFAC Status (NMDA's Noxious Weed Management Grant),Enter your organization's Employer Identification Number (EIN): Ruling Date (NMDA's Noxious Weed Management Grant),Please explain how the entity you represent has proven land management capacity. (NMDA's Noxious Weed Management Grant),name,Primary point of contact: First Name (NMDA's Noxious Weed Management Grant),Primary point of contact: Last Name (NMDA's Noxious Weed Management Grant),Primary point of contact email address (NMDA's Noxious Weed Management Grant),Primary point of contact phone number (NMDA's Noxious Weed Management Grant),What is the physical address of your organization or entity? (NMDA's Noxious Weed Management Grant),Is this physical address the same as your organization or entity's mailing address? (NMDA's Noxious Weed Management Grant),Mailing Address: Address 1 (NMDA's Noxious Weed Management Grant),Mailing Address: Address 2 (NMDA's Noxious Weed Management Grant),Mailing Address: City (NMDA's Noxious Weed Management Grant),Mailing Address: Region (NMDA's Noxious Weed Management Grant),Mailing Address: Country (NMDA's Noxious Weed Management Grant),Mailing Address: Postal Code (NMDA's Noxious Weed Management Grant),Mailing Address: Longitude (NMDA's Noxious Weed Management Grant),Mailing Address: Latitude (NMDA's Noxious Weed Management Grant),title,Which of the following activities do you propose with your project? (Check all that apply) (NMDA's Noxious Weed Management Grant),acres_map,acres_edrr,acres_trt,summary,"Which classes of Noxious Weeds does your project treat, map, or address?  (NMDA's Noxious Weed Management Grant)","Select the Class A species your project treats, maps, or addresses. (NMDA's Noxious Weed Management Grant)","Select the Class B species your project treats, maps, or addresses. (NMDA's Noxious Weed Management Grant)","Select the Class C species your project treats, maps, or addresses. (NMDA's Noxious Weed Management Grant)","Select the Watchlist species your project treats, maps, or addresses. (NMDA's Noxious Weed Management Grant)",Please upload at least one (1) map of the project area (NMDA's Noxious Weed Management Grant),On what landownership types will the project occur?  (NMDA's Noxious Weed Management Grant),Explain the other landownership that exists where your project will occur. (NMDA's Noxious Weed Management Grant),Does your organization or entity currently have all the necessary landowner permissions to implement the project? (NMDA's Noxious Weed Management Grant),"Explain what landowner permissions you have obtained, and what form they are in (written applications, MOUs, JPAs, verbal agreements, etc.). (NMDA's Noxious Weed Management Grant)",Explain your plans to obtain the remaining necessary landowner permissions before implementing your project. In what form will permission be collected?   (NMDA's Noxious Weed Management Grant),"Explain your plans to obtain the necessary landowner permissions before implementing your project. In what form will permission be collected (written applications, MOUs, JPAs, verbal agreements, etc.)? (NMDA's Noxious Weed Management Grant)",What is the need for this project? (NMDA's Noxious Weed Management Grant),What economic or environmental benefits would this project have for the residents of the impacted area? (NMDA's Noxious Weed Management Grant),"If applicable, with which partners will your organization or entity work to complete this project, and how specifically will that partnership enhance the project? (NMDA's Noxious Weed Management Grant)",How does this project build on previous and current projects? (NMDA's Noxious Weed Management Grant),What is the earliest date you will be ready to begin project activities? (NMDA's Noxious Weed Management Grant),"Provide a comprehensive timeline of project activities. Ensure that all of the activity types (Survey and Mapping, EDRR, etc.) selected above are included here. (NMDA's Noxious Weed Management Grant)","If applicable, elaborate specifically on your plans for post-treatment monitoring (NMDA's Noxious Weed Management Grant)","OPTIONAL: If you would like to provide timeline information in a formatted word or excel document, you may upload it here. (NMDA's Noxious Weed Management Grant)","Do you intend to have all reimbursable project work completed by June, 2025?  (NMDA's Noxious Weed Management Grant)","Provide a brief explanation of why work will continue beyond June, 2025. (NMDA's Noxious Weed Management Grant)",Will your entity be able to provide a 10% match for this project? (NMDA's Noxious Weed Management Grant),Please explain why your organization or entity will be unable to provide matching funds.  (NMDA's Noxious Weed Management Grant),Upload your completed Budget template. (NMDA's Noxious Weed Management Grant),amount_req,amount_match,Could your organization or entity effectively scale down this project if only partial funding were awarded?  How so? (NMDA's Noxious Weed Management Grant),"OPTIONAL:  Feel free to upload additional files that support your application materials, including photos or letters of support. (NMDA's Noxious Weed Management Grant)",You are authorized to submit this application on behalf of the specified organization or entity. (NMDA's Noxious Weed Management Grant),"You, the applicant, consent to providing the New Mexico Department of Agriculture with any and all noxious weed mapping data generated over the course of this project in an agreed upon file format.  (NMDA's Noxious Weed Management Grant)",You understand and accept that final reimbursement for project activities may be made contingent on timely compliance with requests for noxious weed mapping data. (NMDA's Noxious Weed Management Grant),"You grant permission for the New Mexico Department of Agriculture to publish certain materials related to your project (photos, videos, information, etc.) to promote this grant program. (NMDA's Noxious Weed Management Grant)",All the information you have entered via this application is true and complete to the best of your knowledge. (NMDA's Noxious Weed Management Grant),E-Signature (name) (NMDA's Noxious Weed Management Grant),Review 1: Project Title and Summary - 20 Points (Scoring),Review 1: Project Title and Summary - 20 Points: Score (Scoring),Review 1: Project Need - (5 Points) (Scoring),Review 1: Project Need - (5 Points): Score (Scoring),Review 1: Project Benefit - (5 Points) (Scoring),Review 1: Project Benefit - (5 Points): Score (Scoring),Review 1: Partners - (5 Points) (Scoring),Review 1: Partners - (5 Points): Score (Scoring),Review 1: Build on Previous Projects - (5 Points) (Scoring),Review 1: Build on Previous Projects - (5 Points): Score (Scoring),Review 1: Project Timeline (Scoring),Review 1: Project Timeline: Score (Scoring),Review 1: Project Match (10 Points) (Scoring),Review 1: Project Match (10 Points): Score (Scoring),Review 1: Budget Template  (Scoring),Review 1: Budget Template : Score (Scoring),Review 1: Do you recommend that this project receives LOE grant funding? (See Rubric descriptions below (Scoring),Review 1: Do you feel it's necessary to discuss this application with other reviewers to explain your vote or clarify any concerns? (Scoring),"Review 1: What were the strongest aspects of this application? I.e. of the application's elements, what most made you want to recommend it for funding? (Scoring)","Review 1: What areas of the application could have been most improved? I.e. which elements of the application lowered your scoring, and how could they have been improved? (Scoring)",Review 1: Reviewer Email (Scoring),Review 1: Reviewer Name (Scoring),Review 1: Reviewer Title (Scoring),Review 1: Is Review Finalized (Scoring),Review 1: Review Last Updated (Scoring),Review 1: Review Vote (Scoring),Review: Total Review Score (Scoring),Review: Average Review Score (Scoring),Review 2: Project Title and Summary - 20 Points (Scoring),Review 2: Project Title and Summary - 20 Points: Score (Scoring),Review 2: Project Need - (5 Points) (Scoring),Review 2: Project Need - (5 Points): Score (Scoring),Review 2: Project Benefit - (5 Points) (Scoring),Review 2: Project Benefit - (5 Points): Score (Scoring),Review 2: Partners - (5 Points) (Scoring),Review 2: Partners - (5 Points): Score (Scoring),Review 2: Build on Previous Projects - (5 Points) (Scoring),Review 2: Build on Previous Projects - (5 Points): Score (Scoring),Review 2: Project Timeline (Scoring),Review 2: Project Timeline: Score (Scoring),Review 2: Project Match (10 Points) (Scoring),Review 2: Project Match (10 Points): Score (Scoring),Review 2: Budget Template  (Scoring),Review 2: Budget Template : Score (Scoring),Review 2: Do you recommend that this project receives LOE grant funding? (See Rubric descriptions below (Scoring),Review 2: Do you feel it's necessary to discuss this application with other reviewers to explain your vote or clarify any concerns? (Scoring),"Review 2: What were the strongest aspects of this application? I.e. of the application's elements, what most made you want to recommend it for funding? (Scoring)","Review 2: What areas of the application could have been most improved? I.e. which elements of the application lowered your scoring, and how could they have been improved? (Scoring)",Review 2: Reviewer Email (Scoring),Review 2: Reviewer Name (Scoring),Review 2: Reviewer Title (Scoring),Review 2: Is Review Finalized (Scoring),Review 2: Review Last Updated (Scoring),Review 2: Review Vote (Scoring),Review 3: Project Title and Summary - 20 Points (Scoring),Review 3: Project Title and Summary - 20 Points: Score (Scoring),Review 3: Project Need - (5 Points) (Scoring),Review 3: Project Need - (5 Points): Score (Scoring),Review 3: Project Benefit - (5 Points) (Scoring),Review 3: Project Benefit - (5 Points): Score (Scoring),Review 3: Partners - (5 Points) (Scoring),Review 3: Partners - (5 Points): Score (Scoring),Review 3: Build on Previous Projects - (5 Points) (Scoring),Review 3: Build on Previous Projects - (5 Points): Score (Scoring),Review 3: Project Timeline (Scoring),Review 3: Project Timeline: Score (Scoring),Review 3: Project Match (10 Points) (Scoring),Review 3: Project Match (10 Points): Score (Scoring),Review 3: Budget Template  (Scoring),Review 3: Budget Template : Score (Scoring),Review 3: Do you recommend that this project receives LOE grant funding? (See Rubric descriptions below (Scoring),Review 3: Do you feel it's necessary to discuss this application with other reviewers to explain your vote or clarify any concerns? (Scoring),"Review 3: What were the strongest aspects of this application? I.e. of the application's elements, what most made you want to recommend it for funding? (Scoring)","Review 3: What areas of the application could have been most improved? I.e. which elements of the application lowered your scoring, and how could they have been improved? (Scoring)",Review 3: Reviewer Email (Scoring),Review 3: Reviewer Name (Scoring),Review 3: Reviewer Title (Scoring),Review 3: Is Review Finalized (Scoring),Review 3: Review Last Updated (Scoring),Review 3: Review Vote (Scoring),Review 1: Reviewer Email (Eligibility Check),Review 1: Reviewer Name (Eligibility Check),Review 1: Reviewer Title (Eligibility Check),Review 1: Is Review Finalized (Eligibility Check),Review 1: Review Last Updated (Eligibility Check),Review 1: Review Vote (Eligibility Check),Review: Total Review Score (Eligibility Check),Review: Average Review Score (Eligibility Check),Review 2: Reviewer Email (Eligibility Check),Review 2: Reviewer Name (Eligibility Check),Review 2: Reviewer Title (Eligibility Check),Review 2: Is Review Finalized (Eligibility Check),Review 3: Reviewer Email (Eligibility Check),Review 3: Reviewer Name (Eligibility Check),Review 3: Reviewer Title (Eligibility Check),Review 3: Is Review Finalized (Eligibility Check),Review 3: Please provide specific budget items or activities that should not be funded or require adjustments (Scoring),Review 1: Please provide specific budget items or activities that should not be funded or require adjustments (Scoring),Review 2: Please provide specific budget items or activities that should not be funded or require adjustments (Scoring)
,,,,,,,,,,,,,,,,,,,,,,,,,3 792,948,,,134 085 896,,,,,,,,,,,,,249 711,,,,,,,,,,,,,,,233 525 722 268,,,,,,,,614 187,,,,,3 626 571,2 194,4 363.34,,,,,,,,,,,,,,,,,,,,,,,,,,,829 088.52,257 786.02,,,,,,,,,,255,,60,,60,,57,,61,,235,,135,,387,,,,,,,,,,1 250,3 777,1 259,,250,,64,,61,,57,,62,,240,,135,,380,,,,,,,,,,1 249,,265,,67,,65,,62,,69,,235,,135,,380,,,,,,,,,,1 278,,,,,,15,15,15,,,,,,,,,,,
jackchd67@gmail.com,Jill,Chatfield,(blank),(blank),(blank),(blank),(blank),(blank),(blank),(blank),(blank),(blank),NMDA's Noxious Weed Management Grant,47074378,In-Progress,2024-07-24T09:11:51MDT,FALSE,6273eab5-17cd-4f79-a190-1c4307ca7372,https://grants.nmda.nmsu.edu/submissions/47074378,"Integrated Weed Managemen
Class C
Federal Lands
",(blank),"Dylan Burruss
Max Henkels
Michael Purdy",(blank),(blank),270,67.5,Scoring,,17 089 580,https://grants.nmda.nmsu.edu/file/download/ee9c63b5-e0d4-4741-a6e2-6edfd849121c,(blank),,1,Soil and Water Conservation District  ,(blank),(blank),(blank),(blank),(blank),(blank),(blank),,(blank),(blank),(blank),,(blank),(blank),(blank),(blank),(blank),(blank),Ute Creek SWCD,Jill,Chatfield,jill.chatfield@yahoo.com,15 754 470 310,"411 Chicosa Street
Roy, NM 87743",Yes ,(blank),(blank),(blank),(blank),(blank),,(blank),(blank),Canadian River Noxious Weed Treatment,Integrated Weed Management (On-the-Ground Treatments) ,,,64,"Hand Treatment, Cut Stump and Chemical Treatment of Siberian Elm, Saltcedar and Musk Thistle will be performed along the Canadian River Watershed partnering with US Forest Service and the Canadian River Riparian Restoration Project. The project is within an area that was previously treated by aerial application of herbicide using a helicopter equipped with GPS applying Amazapere to remove Saltcedar (which is not effective in the treatment of Siberian Elm); this follow up treatment using Cut Stump method and applying Garlon 4 (Triclopyr) to Elm and resprouts of Saltcedar and using Milestone (Amenopyralid) to treat Musk Thistle. The Canadian River Noxious Weed Treatment is a small portion of a larger watershed scale project which includes 8 Soil and Water Conservation Districts working together under a Joint Powers Agreement plus 21 state and federal agencies. ",Class C ,(blank),(blank),Musk thistle (Carduus nutans) Saltcedar (Tamarix spp.) Siberian elm (Ulmus pumila) ,(blank),Canadian_River_Watershed_Map_FS.pdf,Federal Lands ,(blank),We have all of the necessary permissions ,"The Ute Creek SWCD and Canadian River Riparian Restoration Project has a funding agreement with the US Forest Service to treat Saltcedar and other non-native invasives, also treat musk thistle and Siberian Elm completing restorative efforts and encouraging native vegetation and wild life to the Canadian River Watershed. ",(blank),(blank),"The funding from this grant will be used to match federal funds to remove noxious weeds in the riparian areas along the Canadian River. This area of the Canadian River has been previously treated for non-native invasive species (Saltcedar) and now it requires follow-up treatment for Siberian Elm, Musk Thistle and resprouts of Saltcedar. This particular area of the Canadian River is the number 1 destination for ""Bouldering"" (Climbing Magazine) in the United States and is highly used for recreation, camping and hiking by the public.  ","This project restores native vegetation to the Canadian River watershed and reduces water usage by non-native invasive species which benefits agricultural use, recreational use and creates additional wild life habitat. The Canadian River Watershed supplies water downstream to Conchas Lake and the Arch Hurley Irrigation District located in northeastern New Mexico. This in turn adds environmental benefit to the watershed while adding economic enhancement to all surrounding areas. ","We will be working in partnership with the US Forest Service on this Noxious Weed project. The US Forest Service will be providing $20,000.00 matching funds in support of this project as well as labor and personnel.","This project provides additional treatment for remaining noxious weeds and ongoing maintenance for resprouts and seedlings.


"," September 3, 2024","September 2024: 
Provide specific project area GIS mapping to contractor, all necessary surveying, mapping and agreements are completed. Secure Hand Treatment Contractor to perform Cut stump and chemical application to Saltcedar and Siberian Elm.  
September 2024-May 30, 2025: 
64 acres (this includes the acres using matching funding from US Forest Service) will be completed in Project Area. Musk Thistle treatment will occur in the spring of 2025 as that is the window for treatment of Musk Thistle.
September 2024-May 30, 2025: 
Inspections will be performed by the Project Manager and US Forest Service Personnel, Administration will submit reports and billing for Project.
June 1, 2025: 
Project completed. 

","Infestations on the project have been mapped by the Canadian River Riparian Restoration Project using aerial photography flown at 5000 feet. The target treatment area has been analyzed and is shown using Shape Files. Control of Noxious Weeds will be species specific using Cut Stump on large Elm, Garlon 4 on small Elms and Saltcedar resprouts. Musk Thistle will be treated using Milestone. The Canadian River Riparian Restoration Project plans to apply for a grant that will include post treatment monitoring assessment by the NMSU Range  Improvement Task Force.",(blank),Yes ,(blank),Yes ,(blank),noxious-weed-management-grant-budget-template_4.xlsx,59 934,20 000,"We would have to treat less acreage if the amount was less than $59,934.00","2024-25_Letter_of_Support_USFS.pdf
Ltr_of_Support_NMDA_Noxious_Weed_Grant_Application.docx
Previously_Treated_Area_CRRRP_tour.JPG",checked,checked,checked,checked,checked,Jill Chatfield,"A - Applicant gave a clear & concise description of the project, summarizing the,	Objectives, Methods, Timeline, and Partners. All Landowner permissions have already been obtained, OR, a reasonable plan was presented to obtain them  ",20,A - Response clearly and concisely conveyed why this project was needed in this grant cycle. No doubt remains. ,5,"B - Response gave a fairly clear, reasonably specific indication of the project’s benefit to residents of the impacted area. ",4,A - The project involves one or more partner organizations. The benefit of these partnerships has been clearly explained in terms of project outcomes and success.  ,5,"B - It is mostly clear that the proposed work is part of, or the start of, a broader comprehensive effort towards noxious weed management.  The applicant connects the proposed work to at least one past or current noxious weed management project that has informed their proposal.  ",4,A ,20,10% Match Provided.  OR | partial match provided AND a compelling reason is given explaining extenuating circumstances. | ,10,A  ,30,Yes - Full Funding ,No ,Application laid out a clear plan for the grant. The project is logical considering the use and isolation of the area and all federal permissions have been granted. ,(blank),mpurdy@nmda.nmsu.edu,Michael Purdy,(blank),TRUE,2024-08-07T20:32:10Z,98,269,89.67,"B- Description was mostly clear, but some required information (See list above) was omitted or could be more specific. Some Landowner permissions have already been obtained AND/OR a reasonable plan was presented to obtain them. ",15,A - Response clearly and concisely conveyed why this project was needed in this grant cycle. No doubt remains. ,5,A - Response clearly explained specific and significant benefits to the residents of the impacted area.  ,5,"B - The project involves one or more partners, but the extent and benefit of these partnerships could be clearer. ",4,"A - The proposed work is clearly part of, or the start of, a broader comprehensive effort towards noxious weed management.  The proposed activities are clearly informed by past experience, even if this experience derives from outside the applicant organization or entity. ",5,B ,15,10% Match Provided.  OR | partial match provided AND a compelling reason is given explaining extenuating circumstances. | ,10,A  ,30,Yes - Full Funding ,No ,"Large geographic scale, continuation of existing work, collaborative, thoughtfully proposed, ",Specific details about how the treatment is targeted/applied ,dburruss@nmda.nmsu.edu,Dylan Burruss,NMDA-APR,TRUE,2024-08-01T22:48:25Z,89,"B- Description was mostly clear, but some required information (See list above) was omitted or could be more specific. Some Landowner permissions have already been obtained AND/OR a reasonable plan was presented to obtain them. ",15,A - Response clearly and concisely conveyed why this project was needed in this grant cycle. No doubt remains. ,5,"B - Response gave a fairly clear, reasonably specific indication of the project’s benefit to residents of the impacted area. ",4,A - The project involves one or more partner organizations. The benefit of these partnerships has been clearly explained in terms of project outcomes and success.  ,5,"A - The proposed work is clearly part of, or the start of, a broader comprehensive effort towards noxious weed management.  The proposed activities are clearly informed by past experience, even if this experience derives from outside the applicant organization or entity. ",5,B ,15,10% Match Provided.  OR | partial match provided AND a compelling reason is given explaining extenuating circumstances. | ,10,B ,23,Yes - Full Funding ,Yes ,"• Strong partner support, collaboration, and match
• Project is clear and fits with larger, ongoing watershed efforts","• Could use more detail on the specific site location(s?), extent of infestation, extent of previous efforts
• Timeline is not very specific, except for musk thistle treatments
• Budget: main issue is that 1 ""unit"" of contractor work is too vague for cost
• Project management/admin. overall—if contractor is doing all project coordination for $7.4k what is 5% admin. going towards?",mhenkels@nmda.nmsu.edu,Max Henkels,(blank),TRUE,2024-08-07T16:04:04Z,82,acolin@nmda.nmsu.edu,Anthony Colin,NMDA-APR,TRUE,2024-08-01T14:07:28Z,1,1,1,dburruss@nmda.nmsu.edu,Dylan Burruss,NMDA-APR,FALSE,mhenkels@nmda.nmsu.edu,Max Henkels,(blank),FALSE,(blank),(blank),(blank)
soilandwater33@gmail.com,Salado,SWCD,(blank),(blank),(blank),(blank),(blank),(blank),(blank),(blank),(blank),(blank),NMDA's Noxious Weed Management Grant,47077590,In-Progress,2024-07-24T16:26:33MDT,FALSE,aa8f2ced-4b34-4dd1-ae25-c47c5fe54e09,https://grants.nmda.nmsu.edu/submissions/47077590,"Class C
Survey and Mapping
Class B
Private Lands
",(blank),"Ash Taylor
Anthony Colin
Michael Purdy",(blank),(blank),186,46.5,Scoring,,94 892,https://grants.nmda.nmsu.edu/file/download/ee9c63b5-e0d4-4741-a6e2-6edfd849121c,(blank),,2,Soil and Water Conservation District  ,(blank),(blank),(blank),(blank),(blank),(blank),(blank),,(blank),(blank),(blank),,(blank),(blank),(blank),(blank),(blank),(blank),Salado Soil and Water Conservation District,Rae,Towner,soilandwater33@gmail.com,15 052 904 349,"7714 HWY 60
Datil NM 87821",No ,PO Box 136,(blank),Datil,NM,US,87 821,-107.98829,34.0854,Initial Noxious Weed Mapping,Survey and Mapping ,2 000 000,,,"This project will be the first on its kind. Salado has no noxious weed mapping of any kind. This project is designed to map all the acres included in the boundaries of the soil and water conservation district. The contractor will contact landowners and explain the project, receive permission to map their land. Mark the noxious weeds, give a summary to the landowner and keep an updated electronic map. The project will be scheduled to begin January with the contractor contacting the landowners for permissions. February thru May will be the actual mapping. June will be the final report and completion of the project.",Class B Class C ,(blank),African rue (Peganum harmala) ,Musk thistle (Carduus nutans) ,(blank),Map_Salado.png,Private Lands ,(blank),We do not have any of the necessary permissions ,(blank),(blank),"The necessary permissions will be obtained with written applications, verbal agreements and MOUs. When the District begins the implementation of this project the contractor and the District employee will meet with landowners and explain the project and why it is important and request the ability to map.",Salado District has no mapping of any kind for noxious weeds and therefore does not have the ability to help producers remove these weeds.,If the noxious weeds were removed from range land the ability for forage to grow would be greater. When the weeds are not there the animals are unable to eat them and potentially become sick. If noxious weeds are removed they also are unable to infest other land.,N/A,This project would be the starting point.,Jan-25,"January- contact landowners and ensure all permissions are in place
February to May- map acreage 
June- make final report",N/A,(blank),Yes ,(blank),Yes ,(blank),noxious-weed-management-grant-budget-template_1.xlsx,40 078.5,2 620,"Yes, this project could be scaled down. If partial funding is available the acreage would be scaled back.",(blank),checked,checked,checked,checked,checked,Rae Towner,C - Summary was adequate but more information is needed for a clear understanding of the project. Some OR No landowner permissions have been obtained. A mostly reasonable plan was presented to obtain the rest. ,10,B - Response gave a fairly clear indication that there is a need for the project as proposed.  ,4,"B - Response gave a fairly clear, reasonably specific indication of the project’s benefit to residents of the impacted area. ",4,D - Work will be completed in isolation despite clear opportunities for beneficial partnership. ,2,"D - The project is either uninformed by prior experience, unrelated to existing efforts, or the answer does not contain enough information to discern either way.  ",2,C ,10,10% Match Provided.  OR | partial match provided AND a compelling reason is given explaining extenuating circumstances. | ,10,B ,23,Yes - Full Funding ,Yes ,(blank),"The summary and benefits of the this project could be elaborated on more and the overall plan and timeline for the project could use some more detail. Applicant states 2,000,000 acres to be mapped? Typo? Applicant could have done some more foot work to begin gathering the permissions needed to map private lands. ",mpurdy@nmda.nmsu.edu,Michael Purdy,(blank),TRUE,2024-08-07T20:49:54Z,65,185,61.67,"B- Description was mostly clear, but some required information (See list above) was omitted or could be more specific. Some Landowner permissions have already been obtained AND/OR a reasonable plan was presented to obtain them. ",15,"C - Response demonstrated some need, but at a superficial level with missing details. ",3,D - Response indicated benefits very broadly and superficially.  ,2,"F - Prompt was not addressed, OR, project success clearly requires partnerships that the applicant has failed to consider or address.  ",1,"D - The project is either uninformed by prior experience, unrelated to existing efforts, or the answer does not contain enough information to discern either way.  ",2,D ,5,No match provided. AND Compelling reason given explaining extenuating circumstances. ,5,C ,16,No - No Funding ,Yes ,"Conceptually, the idea of mapping these two districts is a great first step to noxious weed control in the districts. It would be a great project to consider accomplishing either in phases, or with a larger number of resources! A refined version of this application seems like it would be a perfect fit for this new grant opportunity!","As proposed, the contractor will have to map roughly 14,600 acres per day at a cost of 20 cents per acre. If there's an intention to use remote sensing methods rather than boots on the ground mapping, that should be explained. If on the ground mapping is planned, please explain how staff intend to cover 1.3 million square feet per minute. ",acolin@nmda.nmsu.edu,Anthony Colin,NMDA-APR,TRUE,2024-08-08T21:55:09Z,49,"B- Description was mostly clear, but some required information (See list above) was omitted or could be more specific. Some Landowner permissions have already been obtained AND/OR a reasonable plan was presented to obtain them. ",15,B - Response gave a fairly clear indication that there is a need for the project as proposed.  ,4,"B - Response gave a fairly clear, reasonably specific indication of the project’s benefit to residents of the impacted area. ",4,"F - Prompt was not addressed, OR, project success clearly requires partnerships that the applicant has failed to consider or address.  ",1,"B - It is mostly clear that the proposed work is part of, or the start of, a broader comprehensive effort towards noxious weed management.  The applicant connects the proposed work to at least one past or current noxious weed management project that has informed their proposal.  ",4,C ,10,10% Match Provided.  OR | partial match provided AND a compelling reason is given explaining extenuating circumstances. | ,10,B ,23,Yes - Partial Funding ,Yes ,Mapping project for an area where there hasnt been one feels very important to start a noxious weed program for this entity,"only planning on mapping 2 species? Neither are Class A or Watchlist. Will the contractor doing the mapping be knowledgeable about identifying other invasives if seen?

Unsure if timeline is reasonable with that many acres to be mapped 

See partial funding notes above",Ashley.Taylor@emnrd.nm.gov,Ash Taylor,Noxious Weed Management Grant Reviewer,TRUE,2024-08-06T21:09:37Z,71,acolin@nmda.nmsu.edu,Anthony Colin,NMDA-APR,TRUE,2024-08-01T14:09:49Z,1,1,1,mhenkels@nmda.nmsu.edu,Max Henkels,(blank),FALSE,dburruss@nmda.nmsu.edu,Dylan Burruss,NMDA-APR,FALSE,"I feel like this groundwork is important and could be fully funded with some clarifications/details/build up of program:

-Seems like a lot of acres for a short timeline
-more partnerships to cover more ground more quickly seems like it would be beneficial
- econ/enviro benefits seem more vague or mostly focused on grazing benefits
-will contractors be looking for and mapping more than just the two plant species? Will they be knowledgeable of other noxious weed species so they can make note for treatments?",(blank),(blank)
quemadosoilandwater@gmail.com,Quemado,Soil and Water,(blank),(blank),(blank),(blank),(blank),(blank),(blank),(blank),(blank),(blank),NMDA's Noxious Weed Management Grant,47077750,In-Progress,2024-07-24T16:57:01MDT,FALSE,a04a60b5-4c2c-4141-aed2-0d45dcae3117,https://grants.nmda.nmsu.edu/submissions/47077750,"Class C
Survey and Mapping
Class B
Private Lands
",(blank),"Dylan Burruss
Max Henkels
Anthony Colin",(blank),(blank),148,37,Scoring,,98 758,https://grants.nmda.nmsu.edu/file/download/ee9c63b5-e0d4-4741-a6e2-6edfd849121c,(blank),,3,Soil and Water Conservation District  ,(blank),(blank),(blank),(blank),(blank),(blank),(blank),,(blank),(blank),(blank),,(blank),(blank),(blank),(blank),(blank),(blank),Quemado SWCD,Rae,Towner,quemadosoilandwater@gmail.com,15 052 904 349,"17 4th ST
Quemado NM 87829",No ,PO Box 136,(blank),Datil,NM,US,87 821,-107.98829,34.0854,Initial Noxious Weed Mapping,Survey and Mapping ,1 600 000,,,"Quemado has no noxious weed mapping of any kind. This project is designed to map all the acres included in the boundaries of the soil and water conservation district. The contractor and the district employee will contact landowners and explain the project. At this time permission to map their land will be acquired. Mark the noxious weeds, give a summary to the landowner and keep an updated electronic map. The project will be scheduled to begin January with the contacting of landowners. February thru May will be the actual mapping. June will be the final report and completion of the project.",Class B Class C ,(blank),African rue (Peganum harmala) ,Musk thistle (Carduus nutans) ,(blank),map_quemado.png,Private Lands ,(blank),We do not have any of the necessary permissions ,(blank),(blank),"The necessary permissions will be obtained with written applications, verbal agreements and MOUs. When the District begins the implementation of this project the contractor and the District employee will meet with landowners and explain the project and why it is important and request the ability to map.",Quemado District has no mapping of any kind for noxious weeds and therefore does not have the ability to help producers remove these weds.,If the noxious weeds were removed from range land the ability for forage to grow would be greater. When the weeds are not there the animals are unable to eat them and potentially become sick. If noxious weeds are removed they are also unable to infest other land,N/A,This project would be the starting point.,Jan-25,"January- contact landowners and ensure all permissions are in place.
February to May- map acreage
June- make final report",N/A,(blank),Yes ,(blank),Yes ,(blank),noxious-weed-management-grant-budget-template_q.xlsx,40 078.5,2 620,"Yes, this project could be scaled down. If partial funding is available the acreage would be decreased.",(blank),checked,checked,checked,checked,checked,Rae Towner,"B- Description was mostly clear, but some required information (See list above) was omitted or could be more specific. Some Landowner permissions have already been obtained AND/OR a reasonable plan was presented to obtain them. ",15,"C - Response demonstrated some need, but at a superficial level with missing details. ",3,D - Response indicated benefits very broadly and superficially.  ,2,"F - Prompt was not addressed, OR, project success clearly requires partnerships that the applicant has failed to consider or address.  ",1,"D - The project is either uninformed by prior experience, unrelated to existing efforts, or the answer does not contain enough information to discern either way.  ",2,D ,5,No match provided. AND Compelling reason given explaining extenuating circumstances. ,5,C ,16,No - No Funding ,Yes ,"Conceptually, the idea of mapping these two districts is a great first step to noxious weed control in the districts. It would be a great project to consider accomplishing either in phases, or with a larger number of resources! A refined version of this application seems like it would be a perfect fit for this new grant opportunity!","As proposed, the contractor will need to map 11,600 acres per day at a cost of roughly 25 cents per acre. If there's an intention to use remote sensing methods rather than boots-on-the-ground mapping, that should be explained. If on the ground mapping is planned, please explain how staff intend to cover 1.1 million square feet (24 acres) per minute. ",acolin@nmda.nmsu.edu,Anthony Colin,NMDA-APR,TRUE,2024-08-08T21:54:50Z,49,147,49,D - Summary offered some information but was largely unhelpful in understanding the project. Some OR No landowner permissions have been obtained. There is some doubt raised about plans to obtain the remaining permissions. ,5,B - Response gave a fairly clear indication that there is a need for the project as proposed.  ,4,"C - Response indicated benefits to residents of the impacted area, but could have been more compelling or specific. ",3,D - Work will be completed in isolation despite clear opportunities for beneficial partnership. ,2,"C - The proposed work appears to be a continuation or initialization of noxious weed management efforts, but more detail may be needed to clarify this point.  The applicant does not indicate any past experience informing their proposed work.  ",3,C ,10,10% Match Provided.  OR | partial match provided AND a compelling reason is given explaining extenuating circumstances. | ,10,D ,9,No - No Funding ,No ,"Mapping provides important information on the distribution and abundance of noxious weeds and is, therefore, a valuable resource for weed management.","Obtaining landowner permission before applying, collaborating with other land managers with overlapping interests, and providing more detail about how this imagery will be used and what will be produced (e.g. map of individual plants; presence/absence data on pastures, parcels, cells; or something else...)",dburruss@nmda.nmsu.edu,Dylan Burruss,NMDA-APR,TRUE,2024-08-01T22:45:15Z,46,C - Summary was adequate but more information is needed for a clear understanding of the project. Some OR No landowner permissions have been obtained. A mostly reasonable plan was presented to obtain the rest. ,10,"C - Response demonstrated some need, but at a superficial level with missing details. ",3,"C - Response indicated benefits to residents of the impacted area, but could have been more compelling or specific. ",3,D - Work will be completed in isolation despite clear opportunities for beneficial partnership. ,2,"C - The proposed work appears to be a continuation or initialization of noxious weed management efforts, but more detail may be needed to clarify this point.  The applicant does not indicate any past experience informing their proposed work.  ",3,C ,10,No match provided. AND Compelling reason given explaining extenuating circumstances. ,5,C ,16,No - No Funding ,Yes ,"• Initiates district-wide noxious weed mapping program through district employee and contractor 
• Project would provide much-needed noxious weed mapping data for region
• Budget is generally easy to understand

","• Overall, just missing too many specific details
• No justification for why these species in specific need be mapped
• No partners involved in project
• Budget number for contractor a little nebulous given lack of specific acreage
• Match doesn’t equal 10%",mhenkels@nmda.nmsu.edu,Max Henkels,(blank),TRUE,2024-08-07T22:11:15Z,52,acolin@nmda.nmsu.edu,Anthony Colin,NMDA-APR,TRUE,2024-08-01T14:10:22Z,1,1,1,mhenkels@nmda.nmsu.edu,Max Henkels,(blank),FALSE,dburruss@nmda.nmsu.edu,Dylan Burruss,NMDA-APR,FALSE,(blank),(blank),(blank)
newmexicowill@gmail.com,William,Kolbenschlag,(blank),(blank),(blank),(blank),(blank),(blank),(blank),(blank),(blank),(blank),NMDA's Noxious Weed Management Grant,47104656,In-Progress,2024-07-29T12:18:55MDT,FALSE,6843745f-88fa-4287-b45d-d7f9dd68c749,https://grants.nmda.nmsu.edu/submissions/47104656,"Integrated Weed Managemen
Class C
Private Lands
Planning, Capacity Develo
",(blank),"Max Henkels
Ash Taylor
Anthony Colin",(blank),(blank),286,71.5,Scoring,,7 704 174,https://grants.nmda.nmsu.edu/file/download/ee9c63b5-e0d4-4741-a6e2-6edfd849121c,(blank),,4,Soil and Water Conservation District  ,(blank),(blank),(blank),(blank),(blank),(blank),(blank),,(blank),(blank),(blank),,(blank),(blank),(blank),(blank),(blank),(blank),Socorro Soil & Water Conservation District,Will,Kolbenschlag,will@socorroswcd.org,15 754 185 979,"103 Francisco de Avondo, Socorro NM  87801",Yes ,(blank),(blank),(blank),(blank),(blank),,(blank),(blank),Socorro SWCD Holmes Property Continuing Habitat Restoration,"Integrated Weed Management (On-the-Ground Treatments) Planning, Capacity Development, and Partnership Building ",,,16.34,"The Holmes property is on the East Side of the Rio Grande, directly across the river from Socorro, NM.  The property is bordered on the north by NMDGF land, and on the south by BLM (public) land.  This site is a popular place for local residents to sightsee, photograph, hunt, fish and enjoy easy access to the Rio Grande, made possible by the large arroyo running through the middle of it, and, more importantly, Mr. Holmes' desire to keep the land fully accessible.  Although it is his private land, he has allowed NMDGF to install signage, and he even installed a non-locking gate to ease access.  In 2007, the Socorro SWCD, using NMERD funding and state funding, contracted for 20.2 acres of non-native phreatophyte extraction and mulching.  Due to the infestation level, this left little vegetation remaining, save a small grove of old growth Rio Grande Cottonwood.  Following 7,220' of fencing, we planted 100 Rio Grande Cottonwood and Goodding's Black Willow trees, 250 assorted native shrubs, and broadcast 250 pounds of native grass seed.  The poles and shrub planting was aided by a soil salinity survey, helping us target the best spots for revegetation.  Following a wildfire in 2023, the property is now in need of fence repair, noxious species treatment, and further planting.  ",Class C ,(blank),(blank),Siberian elm (Ulmus pumila) Saltcedar (Tamarix spp.) Russian olive (Elaeagnus angustifolia) ,(blank),"Holmes_Treatment_Map_2024.jpg
Holmes_Land_Boundary_Map_2024.jpg
soils_map.jpg",Private Lands ,(blank),We have all of the necessary permissions ,"The most recent agreement that Mr. Holmes has signed is the Socorro SWCD's ""Agreement To Allow Project For Salt Cedar Control And River Restoration Along Lower Rio Grande River"".  This agreement was signed 9.18.19 and remains in effect for a period of ten years, expiring 9.18.29.",(blank),(blank),"This project has been actively managed by the Socorro SWCD since it's initial treatment in 2007.  Mr. Holmes is a motivated land owner and is very easy to work with.  Although our efforts have been consistent and productive, a wildfire in 2023 burned many of our lower canopy plant materials, leaving just the larger trees, and leaving a blank canvas for weeds to take hold.  There has been a tremendous amount of time, money and other resources invested in this property, and continued maintenance is critical to make sure that our work over the past 17 years is not wasted.  In addition to the problems caused by the fire, the landowner has fenced some of his newly acquired land, adjacent and to the south of his current property, and the new areas need Class A species treatment and minor revegetation. ","There are extraordinarily few places where the public can access the Rio Grande from the east side.  The opportunities for hiking, photography, fishing and hunting are the best in the southwest, where you can get access.  Mr. Holmes property is the ONLY place that provides open, public access between the Bosque del Apache and the Sevilleta National Wildlife Refuge, the majority of Socorro County.  Where this type of access exists, it presents direct economic benefit to the local community, as outdoor enthusiasts need gear, supplies, and fuel.  

Additionally, New Mexico Tech has a large, expensive seismology research facility in the middle of Mr. Holmes' arroyo, which he has allowed at no benefit to himself.  Mr. Holmes retired from NMT as a professor, and appreciates the benefit that NMT provides to the local economy.  

Finally, our work stopped the Hilton Fire of 2023, saving numerous homes to the north.","We will be in contact with New Mexico Tech to inform them of the project, since heavy equipment removing trees could certainly give them false readings on their seismology equipment.  We hope to have a new local partner for revegetation materials, Plants of the Rio Grande, located only a few miles from the project site.  They may be able to supply a number of shrubs for this project, and are willing to contract with us to grow specific plant materials in the future.  Finally, we have contacted both NMDGF and BLM regarding treatment on the adjacent lands, and await their response.","Work began in 2007 on this property with extraction, mulching, fencing, soil survey.  150 characters isnt enough space to describe the completed work.","We will immediately contract the noxious species treatment with Lanford Excavation, LLC to have the work done this fall.  We expect this to occur in November or December, based on the contractors availability when the grant is awarded.  We will also order/contract for all necessary equipment, rentals, and revegetation materials in September 2024.","September 2024 - Order auger, reserve machine rental, contract for shrubs and grass seed.  Contract for noxious species extraction and piling.
November 2024 - Extraction and piling of noxious species is performed.
December 2024 - Contractor will repair, build, and move fence as necessary.
February 2025 - SWCD staff will harvest, trim, and soak Cottonwood and Black Willow poles to prepare for planting.
March 2025 - Staff will purchase containerized shrubs and transport them to the property.  
                     - Staff will move Cottonwood and Black Willow Poles to the property.
                     - Rental machine will be delivered to the property          
                     - Staff will operate machine and plant 200 poles and 300 shrubs in cluster plantings across the property.
                     - Staff will use existing ATVs and seed spreaders to broadcast 300 pounds of native grass seed.
May 2025 - Rental mini excavator will be delivered, SWCD staff will operate machine to remove and pile any resprouts.
May 2025 - Project complete.","Socorro SWCD staff have regularly visited the Holmes Property since its initial treatment in 2007, and, as possible, treated noxious weeds and monitored previous work, typically through the use of photo points.  In the past, we were able to accomplish this with our Bobcat Mini-Excavator, but unfortunately we no longer own that machine.  We have been attempting to purchase another with grant funding but have thus far been unsuccessful.  

Due to the ""high-value"" nature of this property, we typically have treatment sessions rather than monitoring sessions, to keep the property in good shape. ",(blank),Yes ,(blank),Yes ,(blank),noxious-weed-management-grant-budget-template_1.xlsx,59 252.6,18 419.52,"Yes, we could reduce the quantity of revegetation materials, or, if revegetation materials were completely eliminated, we could also remove fence repair, as excluding cattle would not be necessary, though this would severely limit the scope and effectiveness of the project.

As a side note we have a tremendous amount of pictures, maps, treatment data, soils data, etc. that can be shared, but there is very limited ability to do that here.","Successful_reveg_on_part_of_Holmes_July_2024.jpg
Holmes_Pre-Treatment_2007.JPG
This_picture_shows_how_our_work_allowed_firefighter_access_to_stop_the_Hilton_Fire_of_2023.jpg",checked,checked,checked,checked,checked,Will Kolbenschlag,"B- Description was mostly clear, but some required information (See list above) was omitted or could be more specific. Some Landowner permissions have already been obtained AND/OR a reasonable plan was presented to obtain them. ",15,A - Response clearly and concisely conveyed why this project was needed in this grant cycle. No doubt remains. ,5,A - Response clearly explained specific and significant benefits to the residents of the impacted area.  ,5,A - The project involves one or more partner organizations. The benefit of these partnerships has been clearly explained in terms of project outcomes and success.  ,5,"A - The proposed work is clearly part of, or the start of, a broader comprehensive effort towards noxious weed management.  The proposed activities are clearly informed by past experience, even if this experience derives from outside the applicant organization or entity. ",5,A ,20,10% Match Provided.  OR | partial match provided AND a compelling reason is given explaining extenuating circumstances. | ,10,A  ,30,Yes - Full Funding ,No ,"Invasive woody species removal along a water way and planting native and local trees, shrubs, and grass
Need for project mentions Class A species but no mentioned elsewhere?
Proposed to be done by end of fiscal year
Private property that is open to public/local community members; landowner seems like they have the land and community benefits at heart",Only class C species but I think this is made up for by being woody invasives removal along a waterway,Ashley.Taylor@emnrd.nm.gov,Ash Taylor,Noxious Weed Management Grant Reviewer,TRUE,2024-08-06T21:00:33Z,95,285,95,"B- Description was mostly clear, but some required information (See list above) was omitted or could be more specific. Some Landowner permissions have already been obtained AND/OR a reasonable plan was presented to obtain them. ",15,B - Response gave a fairly clear indication that there is a need for the project as proposed.  ,4,"C - Response indicated benefits to residents of the impacted area, but could have been more compelling or specific. ",3,"B - The project involves one or more partners, but the extent and benefit of these partnerships could be clearer. ",4,"A - The proposed work is clearly part of, or the start of, a broader comprehensive effort towards noxious weed management.  The proposed activities are clearly informed by past experience, even if this experience derives from outside the applicant organization or entity. ",5,A ,20,10% Match Provided.  OR | partial match provided AND a compelling reason is given explaining extenuating circumstances. | ,10,A  ,30,Yes - Full Funding ,Yes ,"• Great history of land and previous efforts
• Project strength is remediation and restoration after weed removal for long-term management
• Good detail in timeline, including providers/contractors.  Timing makes sense for activities.","• Could have used more details on the impacts/consequences of not doing the project, specifically related to noxious weeds
• Match seems a little inflated: were they valuing labor at $75/hr for 200 hrs?
• Is fencing to keep cattle out an eligible cost?  It is listed as a service for the purposes of the application",mhenkels@nmda.nmsu.edu,Max Henkels,(blank),TRUE,2024-08-06T22:23:23Z,91,"A - Applicant gave a clear & concise description of the project, summarizing the,	Objectives, Methods, Timeline, and Partners. All Landowner permissions have already been obtained, OR, a reasonable plan was presented to obtain them  ",20,B - Response gave a fairly clear indication that there is a need for the project as proposed.  ,4,A - Response clearly explained specific and significant benefits to the residents of the impacted area.  ,5,A - The project involves one or more partner organizations. The benefit of these partnerships has been clearly explained in terms of project outcomes and success.  ,5,"A - The proposed work is clearly part of, or the start of, a broader comprehensive effort towards noxious weed management.  The proposed activities are clearly informed by past experience, even if this experience derives from outside the applicant organization or entity. ",5,A ,20,10% Match Provided.  OR | partial match provided AND a compelling reason is given explaining extenuating circumstances. | ,10,A  ,30,Yes - Partial Funding ,No ,"The narrative portions of the application, and really the project overall, were very well-scoped and neatly framed. Good match between the level of detail, history, and the geographic extent/impact of the work to be performed.",It is genuinely difficult to find anything to criticize about this application. ,acolin@nmda.nmsu.edu,Anthony Colin,NMDA-APR,TRUE,2024-08-08T21:52:44Z,99,acolin@nmda.nmsu.edu,Anthony Colin,NMDA-APR,TRUE,2024-08-01T14:11:11Z,1,1,1,dburruss@nmda.nmsu.edu,Dylan Burruss,NMDA-APR,FALSE,mhenkels@nmda.nmsu.edu,Max Henkels,(blank),FALSE,"Similar to some other apps, not recommending for partial funding per se, but a decision should be made about the degree to which we aim to support post-treatment restoration activities.",(blank),(blank)
naturalresource@sierraswcd.com,Taylor,Sanchez,(blank),(blank),(blank),(blank),(blank),(blank),(blank),(blank),(blank),(blank),NMDA's Noxious Weed Management Grant,47105007,In-Progress,2024-07-29T12:53:16MDT,FALSE,4c4c18f9-578b-4b4d-b19e-3583c012c327,https://grants.nmda.nmsu.edu/submissions/47105007,"Integrated Weed Managemen
Class C
Survey and Mapping
Private Lands
Education and Outreach
",(blank),"Dylan Burruss
Max Henkels
Michael Purdy",(blank),(blank),289,72.25,Scoring,,5 099 644,https://grants.nmda.nmsu.edu/file/download/ee9c63b5-e0d4-4741-a6e2-6edfd849121c,(blank),,5,Soil and Water Conservation District  ,(blank),(blank),(blank),(blank),(blank),(blank),(blank),,(blank),(blank),(blank),,(blank),(blank),(blank),(blank),(blank),(blank),Sierra Soil and Water Conservation District,Taylor,Sanchez,naturalresource@sierraswcd.com,15 758 942 212,"2101 S Broadway St
Truth or Consequences, NM 87901",Yes ,(blank),(blank),(blank),(blank),(blank),,(blank),(blank),Tiffany Basin Saltcedar Resprout Treatment,Integrated Weed Management (On-the-Ground Treatments) Survey and Mapping Education and Outreach ,400,,100,"To continue efforts towards restoration of riparian habitat impacted by the June 2017 Tiffany Fire, near San Marcial in Socorro County, Sierra SWCD, NM Ranch Properties, the Save Our Bosque Task Force, and New Mexico State Forestry have been working together to control noxious Saltcedar that became prevalent within the burn scar. Over the years since the fire, Saltcedar has been mechanically treated using grant dollars provided by various agencies including Water Trust Board and NM State Forestry. Mechanical treatment consisted of one of two methods: (1) mowing standing Saltcedar or (2) extracting Saltcedar with an excavator and mulching/spreading slash material. Areas that were mowed resulted in an increased number of resprouts compared to areas that were extracted. However, some locations within the project area could not be reached by any type of machinery due the number of down cottonwood skeletons caused by the fire. We plan to conduct a foliar application of herbicide during late September through early October. The selected contractor, will use an adaptive mixture of ground and aerial drone herbicide application. We would like to see continuous areas where harmful noxious weeds have been removed, allowing more desirable native plants to establish and thrive, thus restoring valuable riparian habitat. Sierra SWCD will host an education and outreach presentation that landowner and agency personnel will be invited to attend where they can see drone herbicide application and discuss the importance of responsibly treating noxious weeds.",Class C ,(blank),(blank),Saltcedar (Tamarix spp.) ,(blank),Project_Map.pdf,Private Lands ,(blank),We have all of the necessary permissions ,Entire project area is located on private land. We have obtained signed landowner agreements with the two land owners within the area that provide Sierra SWCD with all permissions to access and treat noxious and invasive weeds. We have completed various projects on these lands in the past using federal and state funding. ,(blank),(blank),Drone technology is necessary in the areas with down cottonwood skeletons because it is impossible for those Saltcedars to be treated with other methods whether that be mechanical or ground herbicide application. ,"Given the fact that one Saltcedar tree can use up to 200 gallons of water per day, removing the species from the area will have a significant impact on the amount of water available to native plants, ensuring restoration of the unique riparian habitat in the area. Removing Saltcedar will also significantly reduce the wildfire risk, protecting the large Cottonwood galleries that are crucial habitat for various wildlife species. This project is adjacent to the Bosque Del Apache National Wildlife Refuge. Reducing wildfire risk in the area is crucial for the protection of the national park. ","This project will continue fire recovery efforts that have been ongoing by multiple partners including: Sierra SWCD, NM Ranch Properties, NM State Forestry (EMNRD), Fish and Wildlife Services, and Save Our Bosque Task Force (SOBTF). Sierra SWCD plans to work closely with NM Ranch Properties and SOBTF to identify priority areas within the larger project area. ","WTB Funding: Tetra Tech Fire Rehabilitation Project Implementation, Native Shrub Planting
EMNRD & NAWCA Funding: Mechanical removal of Saltcedar 
more..","We plan to begin project activities as soon as possible. Prior to funding confirmation or start date, in late August we will begin the procurement process of advertising a Request for Quotes for ground and aerial drone herbicide application so that once funding becomes available in September, we can have the selected contractor start right away to get herbicide applied within optimal window when herbicide would be most effective. *Note that Sierra SWCD understands that this project might not be selected for funding through NMDA, and will NOT award a contract resulting from RFQ unless funding has been acquired. ","Surveying and Mapping: completed by Sierra SWCD July 2024
Procurement: late August 2024
Integrated Weed Management: September - October 2024
Education and Outreach: during drone herbicide application 
Post Treatment Monitoring: conducted by Sierra SWCD and SOBTF Spring 2025 and Fall 2025
*see attached timeline for more details*",Post-treatment monitoring will be completed by Sierra SWCD. SOBTF will assist in determining average trees per acre (TPA) in each treatment plot and recalculate TPA post treatment. Photo points will be taken pre-treatment and then bi-monthly for 1 year post-treatment to determine herbicide success rates. We are striving for an 80% kill rate. ,Timeline.docx,Yes ,(blank),Yes ,(blank),noxious-weed-management-grant-budget-template-Sierra_SWCD.xlsx,59 400,6 000,"Yes, we can remove lower priority areas from the project area that are easier to access and have fewer saltcedar plants to be treated.","Armendaris_-_SSWCD_Contract_-_Exp._12-31-2024_encrypted__1.pdf
Task_Order_4.pdf
tiffany_basin_density_picture.jpg",checked,checked,checked,checked,checked,Taylor Sanchez,"A - Applicant gave a clear & concise description of the project, summarizing the,	Objectives, Methods, Timeline, and Partners. All Landowner permissions have already been obtained, OR, a reasonable plan was presented to obtain them  ",20,"C - Response demonstrated some need, but at a superficial level with missing details. ",3,A - Response clearly explained specific and significant benefits to the residents of the impacted area.  ,5,"B - The project involves one or more partners, but the extent and benefit of these partnerships could be clearer. ",4,"A - The proposed work is clearly part of, or the start of, a broader comprehensive effort towards noxious weed management.  The proposed activities are clearly informed by past experience, even if this experience derives from outside the applicant organization or entity. ",5,A ,20,10% Match Provided.  OR | partial match provided AND a compelling reason is given explaining extenuating circumstances. | ,10,A  ,30,Yes - Full Funding ,Yes ,"• Very clear project summary
• Builds on ongoing previous efforts
• Good monitoring plan
• Chemical treatment clearly spelled out in budget","• Extent/urgency of tamarisk issue could be more specific
• Partners identified but their involvement not specified
",mhenkels@nmda.nmsu.edu,Max Henkels,(blank),TRUE,2024-08-07T16:34:11Z,97,288,96,"A - Applicant gave a clear & concise description of the project, summarizing the,	Objectives, Methods, Timeline, and Partners. All Landowner permissions have already been obtained, OR, a reasonable plan was presented to obtain them  ",20,B - Response gave a fairly clear indication that there is a need for the project as proposed.  ,4,A - Response clearly explained specific and significant benefits to the residents of the impacted area.  ,5,"B - The project involves one or more partners, but the extent and benefit of these partnerships could be clearer. ",4,"A - The proposed work is clearly part of, or the start of, a broader comprehensive effort towards noxious weed management.  The proposed activities are clearly informed by past experience, even if this experience derives from outside the applicant organization or entity. ",5,A ,20,10% Match Provided.  OR | partial match provided AND a compelling reason is given explaining extenuating circumstances. | ,10,A  ,30,Yes - Full Funding ,No ,"Collaborative, builds upon previous work, adjacent to a wildlife refuge","Aspects of the project justification, including the project need and how your partnerships will enhance your project, could have been more clearly defined. ",dburruss@nmda.nmsu.edu,Dylan Burruss,NMDA-APR,TRUE,2024-08-01T22:48:39Z,98,"A - Applicant gave a clear & concise description of the project, summarizing the,	Objectives, Methods, Timeline, and Partners. All Landowner permissions have already been obtained, OR, a reasonable plan was presented to obtain them  ",20,A - Response clearly and concisely conveyed why this project was needed in this grant cycle. No doubt remains. ,5,A - Response clearly explained specific and significant benefits to the residents of the impacted area.  ,5,A - The project involves one or more partner organizations. The benefit of these partnerships has been clearly explained in terms of project outcomes and success.  ,5,"A - The proposed work is clearly part of, or the start of, a broader comprehensive effort towards noxious weed management.  The proposed activities are clearly informed by past experience, even if this experience derives from outside the applicant organization or entity. ",5,A ,20,10% Match Provided.  OR | partial match provided AND a compelling reason is given explaining extenuating circumstances. | ,10,B ,23,Yes - Full Funding ,No ,This project is building on previous Water Trust Board funds and would be a great effort to treat acres that were unable to be treated previously.  Project Summary is concise and timeline is reasonable for the objective.  ,(blank),mpurdy@nmda.nmsu.edu,Michael Purdy,(blank),TRUE,2024-08-07T21:36:16Z,93,acolin@nmda.nmsu.edu,Anthony Colin,NMDA-APR,TRUE,2024-08-01T14:11:37Z,1,1,1,dburruss@nmda.nmsu.edu,Dylan Burruss,NMDA-APR,FALSE,mhenkels@nmda.nmsu.edu,Max Henkels,(blank),FALSE,(blank),(blank),(blank)
pdhudson@santaclarapueblo.org,Penny,Hudson,505-692-6327,505-487-0771,578 Kee Street,(blank),Espanola,New Mexico,NM,NM,87532,US,NMDA's Noxious Weed Management Grant,47107144,In-Progress,2024-07-29T16:45:31MDT,FALSE,9a40f5e2-ac19-45cd-8ee0-61bfa042bcec,https://grants.nmda.nmsu.edu/submissions/47107144,"Integrated Weed Managemen
Class C
Class B
Class A
Watchlist 
Tribe, Nation, or Pueblo 
",(blank),"Dylan Burruss
Ash Taylor
Anthony Colin",(blank),(blank),277,69.25,Scoring,,66 605 851,https://grants.nmda.nmsu.edu/file/download/ee9c63b5-e0d4-4741-a6e2-6edfd849121c,(blank),,6,"Tribe, Nation, or Pueblo ",(blank),(blank),(blank),(blank),(blank),(blank),(blank),,(blank),(blank),(blank),,(blank),(blank),(blank),(blank),(blank),(blank),Santa Clara Pueblo,Penny,Hudson,pdhudson@santaclarapueblo.org,15 054 870 771,"578 Kee Street
Espanola, NM 87532",No ,PO Box 580,(blank),Espanola,New Mexico,US,87 532,-106.04385,35.97661,Santa Clara Pueblo Invasive Plant Species Management Plan ,Integrated Weed Management (On-the-Ground Treatments) ,,,22,"The management and control of invasive species on Santa Clara Pueblo lands is a deemed priority and the Pueblo has already acquired and spent millions of dollars restoring riparian areas along the Rio Grande and Santa Clara Creek to protect riparian and wetland resources. Control efforts in other locations including agricultural fields along the Rio Grande have made a substantial difference. Although most large invasives have been removed, resprouting continues and the agricultural habitats need routine work to keep up with and improve the progress already made. 
For weed management on Santa Clara Pueblo, water stations include large capacity storage, pressurized systems, and underbody sprayers to be used at reducing invasive species spread and would ultimately save land managers hours of time for invasive weed removal. The timeline for our project begins in September of 2024 and will include seasonal weed removal activities 2 to 3 times throughout the fall and winter and early spring months which will conclude prior to June 30th, 2025. The Santa Clara Pueblo Department of Agriculture and Department of Forestry will be completing the field work within the areas of Santa Clara Pueblo. 
",Class A Class B Class C Watchlist  ,Black henbane (Hyoscyamus niger) Camelthorn (Alhagi psuedalhagi) Canada thistle (Cirsium arvense) Dalmation toadflax (Linaria dalmatica) Diffuse knapweed (Centaurea diffusa) Dyer's woad (Isatis tinctoria) Giant salvinia (Salvinia molesta) Hoary cress (Cardaria spp.) Leafy spurge (Euphorbia esula) Oxeye daisy (Leucanthemum vulgare) Purple loosestrife (Lythrum salicaria) Purple starthistle (Centaurea calcitrapa) Ravenna grass (Saccharum ravennae) Scentless chamomile (Matricaria perforata) Scotch thistle (Onopordum acanthium) Spotted knapweed (Centaurea biebersteinii) Yellow starthistle (Centaurea solstitialis) Yellow toadflax (Linaria vulgaris) ,African rue (Peganum harmala) Bull thistle (Cirsium vulgare) Chicory (Cichorium intybus) Halogeton (Halogeton glomeratus) Malta starthistle (Centaurea melitensis) Perennial pepperweed (Lepidium latifolium) Poison hemlock (Conium maculatum) Quackgrass (Elytrigia repens) Spiny cocklebur (Xanthium spinosum) Teasel (Dipsacus fullonum) ,Cheatgrass  (Bromus tectorum) Curlyleaf pondweed (Potamogeton crispus) Eurasian watermilfoil (Myriophyllum spicatum) Giant cane (Arundo donax) Hydrilla (Hydrilla verticllata) Jointed goatgrass (Aegilops cylindrica) Musk thistle (Carduus nutans) Parrotfeather  (Myriophyllum aquaticum) Russian knapweed (Acroptilon repans) Russian olive (Elaeagnus angustifolia) Saltcedar (Tamarix spp.) Siberian elm (Ulmus pumila) Tree of heaven (Ailanthus altissima) ,Buffelgrass (Pennisetum ciliaris) Crimson fountaingrass (Pennisetum setaceum) Meadow knapweed (Centaurea pratensis) Myrtle spurge (Euphorbia myrsinites) Pampas grass (Cortaderia sellonana) Yellow bluestem (Bothriochloa ischaemum) ,"Lot_42_Area_Map_Santa_Clara_Pueblo.pdf
Lot_42_Area_Map_Santa_Clara_Pueblo_Two.JPG
Area_Photo_Lot_42.JPG","Tribe, Nation, or Pueblo Lands ",(blank),We have all of the necessary permissions ,"The area for noxious weed treatment is located within Santa Clara Pueblo. The Tribal Resolution granting land-use approval is attached. Please refer to the ""optional files"" statement at the end of the application. ",(blank),(blank),"Invasive plants have had and continue to have substantial negative effects on Santa Clara Pueblo’s natural resources. The reduction in native species, loss of wildlife habitat, reduced water availability, higher wildland fire risk, altered geomorphology, erosion problems, and loss in agricultural production are just a few of the primary issues that have resulted from invasive species presence. For our agricultural endeavors, the larger species, including invasive tree species will be removed to enhance agricultural production and for the future planting of fields, construction of storage facilities and hoop houses.



","Higher yields for crop production due to less water competitiveness with invasive weed species is a primary economic benefit. Agricultural production is severely impaired due to invasive weed species. Long-term eradication of invasive species on Santa Clara Pueblo lands has taken years in some cases, while in others it has taken decades. ","The field work will be done with the Department of Forestry and the Department of Agriculture. In addition to everything used for treatment methods, to reach new levels of achievement for invasive species eradication this partnership will encourage community outreach and education, and increased recurring funding. ","A survey of invasive species took place in different SCP locations in a 2023 project which can be compared to the upcoming FY2025 project. 

","The earliest date to start the project will be September 3rd, 2024.","The timeline for the Santa Clara Pueblo Invasive Weed Management Project begins in September of 2024 and will include integrated weed management/on-the-ground treatments seasonal weed removal activities 2 to 3 times throughout fall, winter, and early spring months which will conclude on June 30th, 2025. Project activities and timeline include the following: September through fall 2024, lowland control efforts – purple loosestrife in wetlands and lower creeks with upland efforts concentrating on spotted knapweed in canyons and yellow star thistle. Winter 2024 lowland control efforts – ravennagrass in the lower Santa Cruz, while spring and early summer 2025 lowland efforts focus on teasel in agricultural areas, Eurasian watermilfoil in pond areas, and Russian knapweed in lower areas. Upland control efforts include spraying on northside and upper canyon roads and whitewater crowfoot from Santa Clara Creek and African Rue along lower canyon road. ","Post-treatment monitoring will include the monitoring of species found in the 2023 survey through Santa Clara Pueblo’s 2025 plan. Areas include irrigation ditches, agricultural habitats, new roads, and major arroyos. Future monitoring efforts will be spread through all four seasons with most work being done in the spring and summer. Professional training from a botanist or invasive species specialist will also aid with identification and management strategy. ",Land_Use_Resolution_Lot_Area_42.docx,Yes ,(blank),Yes ,(blank),Santa_Clara_Pueblo_grant-budget-template.xlsx,59 998,5 999,"Yes, other methods for invasive weed management could be applied with different timeline activities and measures, herbicide applications, and equipment. ","Santa_Clara_Pueblo_Invasive_Plant_Species_Management_Plan_Draft.pdf
land_use_forestry_agg_department.pdf",checked,checked,checked,checked,checked,Penny Hudson,"A - Applicant gave a clear & concise description of the project, summarizing the,	Objectives, Methods, Timeline, and Partners. All Landowner permissions have already been obtained, OR, a reasonable plan was presented to obtain them  ",20,"C - Response demonstrated some need, but at a superficial level with missing details. ",3,"B - Response gave a fairly clear, reasonably specific indication of the project’s benefit to residents of the impacted area. ",4,"B - The project involves one or more partners, but the extent and benefit of these partnerships could be clearer. ",4,"A - The proposed work is clearly part of, or the start of, a broader comprehensive effort towards noxious weed management.  The proposed activities are clearly informed by past experience, even if this experience derives from outside the applicant organization or entity. ",5,A ,20,10% Match Provided.  OR | partial match provided AND a compelling reason is given explaining extenuating circumstances. | ,10,A  ,30,Yes - Partial Funding ,No ,"Collaborative, builds upon existing management efforts and targets a broad suite of noxious weeds","Project justification could more specifically address the need, economic and environmental benefits, partnerships, and how you're building up existing noxious weed work.",dburruss@nmda.nmsu.edu,Dylan Burruss,NMDA-APR,TRUE,2024-08-01T22:48:59Z,96,276,92,"A - Applicant gave a clear & concise description of the project, summarizing the,	Objectives, Methods, Timeline, and Partners. All Landowner permissions have already been obtained, OR, a reasonable plan was presented to obtain them  ",20,A - Response clearly and concisely conveyed why this project was needed in this grant cycle. No doubt remains. ,5,"B - Response gave a fairly clear, reasonably specific indication of the project’s benefit to residents of the impacted area. ",4,"B - The project involves one or more partners, but the extent and benefit of these partnerships could be clearer. ",4,"A - The proposed work is clearly part of, or the start of, a broader comprehensive effort towards noxious weed management.  The proposed activities are clearly informed by past experience, even if this experience derives from outside the applicant organization or entity. ",5,A ,20,10% Match Provided.  OR | partial match provided AND a compelling reason is given explaining extenuating circumstances. | ,10,A  ,30,Yes - Full Funding ,No ,"Projected end by fiscal year
Many Class A and Watch list species to be addressed
Included Mgmt plan but I couldn't open it?
-encouraging direct Tribal participation in noxious weed removal","Have all the species listed to be treated already documented there or these are what is anticipated to be found on site?

Would have liked more elaboration on other benefits to the surrounding community besides the ag field itself.

Couldn't get the Mgmt Plan draft to load which might have just been my computer/internet issues?",Ashley.Taylor@emnrd.nm.gov,Ash Taylor,Noxious Weed Management Grant Reviewer,TRUE,2024-08-06T20:58:10Z,98,"A - Applicant gave a clear & concise description of the project, summarizing the,	Objectives, Methods, Timeline, and Partners. All Landowner permissions have already been obtained, OR, a reasonable plan was presented to obtain them  ",20,B - Response gave a fairly clear indication that there is a need for the project as proposed.  ,4,"C - Response indicated benefits to residents of the impacted area, but could have been more compelling or specific. ",3,"B - The project involves one or more partners, but the extent and benefit of these partnerships could be clearer. ",4,"A - The proposed work is clearly part of, or the start of, a broader comprehensive effort towards noxious weed management.  The proposed activities are clearly informed by past experience, even if this experience derives from outside the applicant organization or entity. ",5,A ,20,10% Match Provided.  OR | partial match provided AND a compelling reason is given explaining extenuating circumstances. | ,10,C ,16,Yes - Partial Funding ,Yes ,Very worthwhile project! It's nice to see and have explained how it fits into the pueblo's broader invasive species management efforts!,"One minor point is that the lack of units in the budget template gives the appearance that some prices are dialed in to very general estimates of project cost, rather than specific knowledge of what's required to complete the project as proposed. Both are valid approaches, but the latter creates a firmer sense of a fully fleshed out project. In a similar flavor of criticism, there is clearly a set of species that are known to occur, and that will be targeted by this project. This fact is undermined, though, by selecting all of the listed noxious weed species in the checkbox question. ",acolin@nmda.nmsu.edu,Anthony Colin,NMDA-APR,TRUE,2024-08-08T22:11:02Z,82,acolin@nmda.nmsu.edu,Anthony Colin,NMDA-APR,TRUE,2024-07-30T22:41:33Z,1,1,1,dburruss@nmda.nmsu.edu,Dylan Burruss,NMDA-APR,FALSE,mhenkels@nmda.nmsu.edu,Max Henkels,(blank),FALSE,"The vehicle wash station is suspiciously priced at $4,999.99. Although half of the cost is proposed as part of the applicant's hard match, I fear it is ineligible. Also, $4,500.00 worth of rubber gloves raises the eyebrows a bit. Maybe that's more reasonable than I realize, but worth discussing.",I suggest removing vehicle wash stations. They account for a large portion of the budget that may be better spent elsewhere.,(blank)
Carol.Vatlestad@nm.nacdnet.net,Kareyl,Vatlestad,(blank),(blank),(blank),(blank),(blank),(blank),(blank),(blank),(blank),(blank),NMDA's Noxious Weed Management Grant,47107161,In-Progress,2024-07-29T16:48:07MDT,FALSE,245ff2f0-59b3-4002-8861-4f33deb2af22,https://grants.nmda.nmsu.edu/submissions/47107161,"Integrated Weed Managemen
Class C
Survey and Mapping
Class B
Class A
State Lands
",(blank),"Dylan Burruss
Max Henkels
Michael Purdy",(blank),(blank),274,68.5,Scoring,,2 120 039,https://grants.nmda.nmsu.edu/file/download/ee9c63b5-e0d4-4741-a6e2-6edfd849121c,(blank),,7,Soil and Water Conservation District  ,(blank),(blank),(blank),(blank),(blank),(blank),(blank),,(blank),(blank),(blank),,(blank),(blank),(blank),(blank),(blank),(blank),Colfax Soil and Water Conservation District,Kareyl,Vatlestad,kareyl20@nmsu.edu,15 754 459 471,"245 Park Ave
Ste 206
Raton New Mexico, 87740",Yes ,(blank),(blank),(blank),(blank),(blank),,(blank),(blank),White Peak Landscape Invasive Thistle Mapping and Treatment,Survey and Mapping Integrated Weed Management (On-the-Ground Treatments) ,497,,497,"Since 2007 the White Peak Landscape has been a focal area for forest restoration and fuels reduction, managed by the New Mexico State Land Office (NMSLO). Active forest management including forest thinning, prescribed fire, and removal of forest products have been essential to increasing ecosystem resilience to wildfire and reduce detrimental impacts of wildfire to the surrounding communities and watershed. Canada thistle has been persistent in presence and spread despite a robust native vegetation response following forest management activities. These noxious weeds have hindered the recovery of native species. While native vegetation is well adapted to frequent, low intensity fire at the project area, the presence of non-native, noxious plants shifts the competitive balance and creates a more undesirable understory composition following prescribed fires. 
NMSLO proposes to integrate yearly surveys and herbicide treatments into forest management activities. Over five years NMSLO will perform an annual pedestrian survey to detect and map occurrences of noxious weeds. Funds made available from this grant will help to provide the first year of treatments and mapping, kicking off a five-year total effort from NMSLO. Herbicide applications would be applied to targeted noxious species, with a focus on Canada thistle (Cirsium arvense), as well as musk thistle (Carduus nutans), Scotch thistle (Onopordum acanthium), and bull thistle (Cirsium vulgare). After a period of five years following effective treatments, management will shift, prioritizing early detection and treatment of subsequent occurrences. Following new forest management treatments,  heightened awareness and survey would take place for that specific treatment unit.   
",Class A Class B Class C ,Canada thistle (Cirsium arvense) Scotch thistle (Onopordum acanthium) ,Bull thistle (Cirsium vulgare) ,Musk thistle (Carduus nutans) ,(blank),White_Peak_Treatment_Map_Final.pdf,State Lands ,(blank),We have all of the necessary permissions ,New Mexico State Land Office has given verbal permission to allow Rocky Mountain Ecology access to the project area to perform noxious weed treatment and mapping services associated with this Grant application. No other permissions are required from NMSLO. ,(blank),(blank),"The purpose of the project is to improve landscape health and wildfire resiliency to the surrounding communities and watersheds. These noxious weeds hinder the recovery of native grass and forb species, which are well adapted to frequent, low intensity fires. The presence of non-native, noxious plants shifts the competitive balance and creates a more undesirable understory composition following prescribed fires. Additionally, disturbance from forest management activities can cause an increase in undesirable weed populations. With NMSLO identifying this area as a high priority for restoration it will be crucial to implement weed monitoring and treatment to create a landscape wide approach. ","Implementing thistle treatments throughout the project area will increase range productivity by reducing noxious weeds and in turn increasing native upland flora which would provide higher quality forage for wildlife and livestock. In addition to increased range quality, reducing thistle populations treatments may show an increase in aesthetic and recreation value by promoting native flowering species and supporting insect populations. Herbicide treatments are highly cost effective and will yield a large treatment area as well as a high success rate in select thistle species, including Canada thistle is prevalent in the project area. Additionally, residents within surrounding communities may see a decrease in wildfire potential with decreased understory fuel loading due to reduced populations of dense thistle. ","Colfax SWCD intends to work with New Mexico State Land Office for land use permissions and project match. Additionally, we will contract Rocky Mountain Ecology to perform on the ground treatments and post implementation success monitoring. RME has been engaged with similar project efforts in the area and is thus highly familiar with access, project challenges, and has a solid track-record with staff at both Colfax SWCD and the NMSLO. The White Peak Landscape has remained a high priority treatment area for NMSLO since 2007. ","NMSLO is active with forest management activities including forest thinning, herbicide application, prescribed fire, and removal of forest products. ","On the ground treatments will begin late summer/early fall 2024 given the notice to proceed for this grant. Weather will be closely monitored to ensure herbicide will follow proper application techniques given precipitation, temperature, and wind conditions. Notwithstanding weather, treatments will seek to be completed early fall before plants begin to senesce allowing ample time to for plants to receive herbicide throughout the root system. 
After commencement of on the ground treatments the project will enter a monitoring phase in which contractor staff will make repeated follow-up visits to determine the effectiveness of treatments. The last follow-up visit will take place late May/early June 2025 allowing time to determine effectiveness of treatments and draft final reports while still meeting the June 2025 deadline. 
","Rocky Mountain Ecology will perform one round of treatments (497 acres) and three follow up mapping surveys. 

Treatments
August 2024- Tordon (herbicide), Hi-Viz (blue dye), and phLAME (surfactant) will be purchased to begin on the ground treatments. 

August/September 2024- One on the ground treatments begin, targeting Canada, musk, scotch, and bull thistle species. Herbicide will be applied utilizing 4-gallon backpack applicators with a crew of 4-12 individuals. Total treated acreage is 497 across the White Peak Landscape. 

September/October 2024- On the ground treatments to be completed notwithstanding weather conditions. If weather conditions do not permit finalizing treatments, herbicide application will be re-initiated in spring of 2025 when plants begin to grow and photosynthesize rapidly again. 

March-May 2025- Finalize any reaming treatments held over from initial on the ground treatments. Herbicide application will continue to target the above four species and will continue to follow herbicide application guidelines related to weather. 

Monitoring
Treatments are to be completed fall of 2024 and enter monitoring phase:
RME will conduct a one-month follow-up monitoring effort after completion of on the ground treatments. The one month follow-up will be to determine success rate of herbicide application. Two additional follow ups will be conducted in the March/April and May/June 2025 time frame, respectively. Spring 2025 follow up monitoring will be to determine success of Fall 2024 treatments and determine amount of new growth/regrowth throughout the project area. 
","Project monitoring will be a series of repeated site visits following on-the-ground treatments. Monitoring will be directed towards determining effectiveness of on-the-ground treatments. In addition to success determinations RME will be monitoring additional new growth populations to provide targeted mapping for future implementation efforts. Monitoring techniques will focus on visual traversing inspections to detect any new growth or signs of regrowth. Data will be collected and analyzed utilizing a GIS format to visually map infestation regrowth/new growth. Photo points will be taken at a fixed direction for each round of survey, allowing a visual monitor over change throughout the grant cycle. This style of monitoring will allow long term surveillance of the area giving NMSLO the opportunity to utilize an adaptive management technique for future treatment opportunities across the landscape. ",(blank),Yes ,(blank),Yes ,(blank),White_Peak_Budget_Final.xlsx,59 884,50 000,Project work can be scaled down by reducing the number of treated acres throughout the landscape. ,20240726_Ltr_Re_2024_NMDA_Noxious_Weeds_White_Peak_DVS_Final.pdf,checked,checked,checked,checked,checked,Kareyl Vatlestad,"A - Applicant gave a clear & concise description of the project, summarizing the,	Objectives, Methods, Timeline, and Partners. All Landowner permissions have already been obtained, OR, a reasonable plan was presented to obtain them  ",20,A - Response clearly and concisely conveyed why this project was needed in this grant cycle. No doubt remains. ,5,A - Response clearly explained specific and significant benefits to the residents of the impacted area.  ,5,"B - The project involves one or more partners, but the extent and benefit of these partnerships could be clearer. ",4,"C - The proposed work appears to be a continuation or initialization of noxious weed management efforts, but more detail may be needed to clarify this point.  The applicant does not indicate any past experience informing their proposed work.  ",3,A ,20,10% Match Provided.  OR | partial match provided AND a compelling reason is given explaining extenuating circumstances. | ,10,A  ,30,Yes - Full Funding ,No ,(blank),(blank),mpurdy@nmda.nmsu.edu,Michael Purdy,(blank),TRUE,2024-08-07T22:09:21Z,97,273,91,"B- Description was mostly clear, but some required information (See list above) was omitted or could be more specific. Some Landowner permissions have already been obtained AND/OR a reasonable plan was presented to obtain them. ",15,B - Response gave a fairly clear indication that there is a need for the project as proposed.  ,4,A - Response clearly explained specific and significant benefits to the residents of the impacted area.  ,5,A - The project involves one or more partner organizations. The benefit of these partnerships has been clearly explained in terms of project outcomes and success.  ,5,"A - The proposed work is clearly part of, or the start of, a broader comprehensive effort towards noxious weed management.  The proposed activities are clearly informed by past experience, even if this experience derives from outside the applicant organization or entity. ",5,A ,20,10% Match Provided.  OR | partial match provided AND a compelling reason is given explaining extenuating circumstances. | ,10,B ,23,Yes - Full Funding ,No ,"The project spans and builds upon a multi-year survey, is collaborative, has broad impacts on residents and the environment",The budgeted treatment area (240 acres) does not equal the proposed treated area (497 acres). ,dburruss@nmda.nmsu.edu,Dylan Burruss,NMDA-APR,TRUE,2024-08-08T16:41:28Z,87,"A - Applicant gave a clear & concise description of the project, summarizing the,	Objectives, Methods, Timeline, and Partners. All Landowner permissions have already been obtained, OR, a reasonable plan was presented to obtain them  ",20,A - Response clearly and concisely conveyed why this project was needed in this grant cycle. No doubt remains. ,5,A - Response clearly explained specific and significant benefits to the residents of the impacted area.  ,5,A - The project involves one or more partner organizations. The benefit of these partnerships has been clearly explained in terms of project outcomes and success.  ,5,"B - It is mostly clear that the proposed work is part of, or the start of, a broader comprehensive effort towards noxious weed management.  The applicant connects the proposed work to at least one past or current noxious weed management project that has informed their proposal.  ",4,C ,10,10% Match Provided.  OR | partial match provided AND a compelling reason is given explaining extenuating circumstances. | ,10,A  ,30,Yes - Full Funding ,Yes ,"• Supported and project matched $50k by SLO
• Start of long-term plan to manage thistles in disturbed area
• Robust monitoring plan
• Budget is very clear and detailed","• Timeline is detailed but seems to contain compensated activities that
occur in late summer before the award will occur; plan may not seem
feasible if there are slight delays
• Herbicides cannot be purchased in August or before MOA is completed
• Budget: Follow-up survey line item could be broken up by hours",mhenkels@nmda.nmsu.edu,Max Henkels,(blank),TRUE,2024-08-07T22:35:45Z,89,acolin@nmda.nmsu.edu,Anthony Colin,NMDA-APR,TRUE,2024-07-30T22:44:12Z,1,1,1,dburruss@nmda.nmsu.edu,Dylan Burruss,NMDA-APR,FALSE,mhenkels@nmda.nmsu.edu,Max Henkels,(blank),FALSE,(blank),(blank),(blank)
casey.myers@scouting.org,Casey,Myers,(blank),(blank),(blank),(blank),(blank),(blank),(blank),(blank),(blank),(blank),NMDA's Noxious Weed Management Grant,47109116,In-Progress,2024-07-29T23:26:48MDT,FALSE,949fab0c-53e5-4c9a-acb6-f502f0dee9d8,https://grants.nmda.nmsu.edu/submissions/47109116,"Integrated Weed Managemen
Class C
Survey and Mapping
Class B
Private Lands
Class A
Early Detection & Rapid R
",(blank),"Ash Taylor
Anthony Colin
Michael Purdy",(blank),(blank),273,68.25,Scoring,,3 186 971,https://grants.nmda.nmsu.edu/file/download/ee9c63b5-e0d4-4741-a6e2-6edfd849121c,(blank),,9,Nonprofit or other Non-Governmental Organization with proven land management capacity ,(blank),22-1576300,National Boy Scouts of America Council,1325 W Walnut Hill,(blank),Irving,TX,75 038,501(c)(3) Public Charity,"Generally, a central organization holding a group exemption letter, whose subordinate units covered by the group exemption are also eligible to receive tax-deductible contributions, even though they are not separately listed (deductibility limitation dependent on various factors).",Section 509(a)(1) organization as referred to in Section 170(b)(1)(A)(vi),,2023-11-13T00:00:00,2023-11-13T00:00:00,2023-12-11T00:00:00,This organization was not included in the Office of Foreign Assets Control Specially Designated Nationals(SDN) list.,"('1965',)/('11',)",(blank),Boy Scouts of America - Philmont Scout Ranch,Casey,Myers,casey.myers@scouting.org,15 754 470 264,"17 Deer Run Road
Cimarron, NM 
87714",Yes ,(blank),(blank),(blank),(blank),(blank),,(blank),(blank),Crater Lake Noxious Weed Treatment,Early Detection & Rapid Response (EDRR) Integrated Weed Management (On-the-Ground Treatments) Survey and Mapping ,420,420,420,"Philmont Scout Ranch has a long-standing history of doing responsible and effective land management which includes extensive work with the Colfax County Soil and Water Conservation District to combat noxious weeds on Philmont Scout Ranch, Vermejo Park Ranch and the Valle Vidal. 

Over the past 13 years, Philmont has undertaken significant efforts to inventory and treat noxious weeds, employing extensive chemical, manual and biological control methods. This grant will enable Philmont to further treat acres of noxious weeds which complements previous efforts and ongoing projects. Since 2023, Philmont has initiated restorative thinning plans in two units on the ranch covering a total of 900 acres. Within the Crater Restorative Thinning Unit ground disturbance from machinery has primed the area for higher-than-normal infestation of noxious weeds. Within the treatment unit there is a vast road and trail network along with stream channels that all can act as a mode for seed to rapidly disperse and move into other areas of lesser concern.  As part of a holistic land management approach, this project will address the need for treatment of know species in the unit (musk, bull and scotch thistle) and implement EDRR (hoary cress, yellow toadflax and canada thistle).  

The project area covers 420 acres in total which has been under ongoing treatment of noxious weeds for the past three years. Utilizing seasonal staff for herbicide treatments and conducting mechanical removal workdays with volunteer labor. A contract sprayer will be utilized to effectively treat the extensive acreage in this unit.",Class A Class B Class C ,Scotch thistle (Onopordum acanthium) Hoary cress (Cardaria spp.) Canada thistle (Cirsium arvense) Yellow toadflax (Linaria vulgaris) ,Bull thistle (Cirsium vulgare) ,Musk thistle (Carduus nutans) ,(blank),"Crater_Lake_Noxious_Thinning_Location.png
Crater_Lake_Noxious_Unit_Area.png",Private Lands ,(blank),We have all of the necessary permissions ,As all work is occurring on Philmont land no formal agreements are needed. The project has been reviewed by our ranching leadership and they agree to proceed with the work proposed.,(blank),(blank),"This project will complement and add value to the previous work done in restorative thinning within this unit. Due to the thinning project, there has been a large amount of ground disturbance that is lending itself to the establishment of a higher density of noxious weeds within the area.  ","This project directly impacts the economic and environmental aspects of the ranch. The benefits of treatment by reducing the noxious weeds in area, and treating new establishments allows us to maintain if not increase biodiversity of grazable acreage which is needed to support our livestock that is used for summer operations.  ",N/A,"Philmont has done noxious weed treatment since 2010 covering over 6,500 acres of treatment through IWMP's on Philmont and neighboring properties. ",Earliest that project can start would be April of 2025 ,"April/May 2025 – EDRR/Contractor spraying for Hoary cress ( Cardaria spp.) and Yellow Toadflax (Linaria vulgaris) 

June/July – Contractor Spraying for Canada thistle (Cirsium arvense), Scotch Thistle (Onopordum acanthium), Bull Thistle (Cirsium vulgare), Musk Thistle (Carduus nutans) 

June – August – Natural Resource Technicians monitoring treatment and follow up with volunteer workdays for mechanical removal of thistle species. Spot treatments as needed for follow up spraying on thistles will occur as needed. Natural Resource Technicians will map out treated areas and additional areas of infestation as they occur.","Post treatment monitoring will be completed by our Natural Resource Technicians during the summer and Fall season of 2025. During summer, monitoring will take place to establish effectiveness of herbicide treatment and follow up mechanical removal will take place with volunteer work crews.  ",(blank),No ,Due to the seasonality of some of the thistle species we will have to wait until the July timeframe to treat. ,Yes ,(blank),noxious-weed-management-grant-budget-template_.xlsx,57 200,16 686,Philmont would be able to scale down this project by only targeting the skid roads and log operation landings that are left behind from the restorative thinning treatment which would be a reduction in overall treatment of the unit.  ,(blank),checked,checked,checked,checked,checked,Casey Myers,"A - Applicant gave a clear & concise description of the project, summarizing the,	Objectives, Methods, Timeline, and Partners. All Landowner permissions have already been obtained, OR, a reasonable plan was presented to obtain them  ",20,B - Response gave a fairly clear indication that there is a need for the project as proposed.  ,4,"B - Response gave a fairly clear, reasonably specific indication of the project’s benefit to residents of the impacted area. ",4,D - Work will be completed in isolation despite clear opportunities for beneficial partnership. ,2,"B - It is mostly clear that the proposed work is part of, or the start of, a broader comprehensive effort towards noxious weed management.  The applicant connects the proposed work to at least one past or current noxious weed management project that has informed their proposal.  ",4,A ,20,10% Match Provided.  OR | partial match provided AND a compelling reason is given explaining extenuating circumstances. | ,10,A  ,30,Yes - Full Funding ,No ,(blank),(blank),mpurdy@nmda.nmsu.edu,Michael Purdy,(blank),TRUE,2024-08-08T22:56:00Z,94,272,90.67,"B- Description was mostly clear, but some required information (See list above) was omitted or could be more specific. Some Landowner permissions have already been obtained AND/OR a reasonable plan was presented to obtain them. ",15,B - Response gave a fairly clear indication that there is a need for the project as proposed.  ,4,"C - Response indicated benefits to residents of the impacted area, but could have been more compelling or specific. ",3,D - Work will be completed in isolation despite clear opportunities for beneficial partnership. ,2,"A - The proposed work is clearly part of, or the start of, a broader comprehensive effort towards noxious weed management.  The proposed activities are clearly informed by past experience, even if this experience derives from outside the applicant organization or entity. ",5,A ,20,10% Match Provided.  OR | partial match provided AND a compelling reason is given explaining extenuating circumstances. | ,10,A  ,30,Yes - Full Funding ,Yes ,"amount of acres to be treated and mapped and classes of weeds treated (EDRR of Class A species), building on a long term program that has been in affect for 14 years, no formal landowner agreements needed since its one property so potential to implement project faster, treating and reclaiming a disturbed area from previous activities that were beneficial restorative thinning","-project benefit could have been connected to the whole of the waterway downstream of the ranch; seems like it'll help with noxious weed removal, early detection and fire suppression but they seem to focus on grazeable acres for cattle (that is a source of profit)?
-What was the purpose of the Restorative Thinning? for fire suppression or for benefit of cattle/grazing lands?
-Lack of mentioning multi-entity partnerships and cross boundary projects (neighbors/collaborators downstream, etc)
-Can't start until April 2025 and Will not be done until after fiscal year (granted that these are mostly for phenological/biological timing reasons)",Ashley.Taylor@emnrd.nm.gov,Ash Taylor,Noxious Weed Management Grant Reviewer,TRUE,2024-08-06T20:49:52Z,89,"A - Applicant gave a clear & concise description of the project, summarizing the,	Objectives, Methods, Timeline, and Partners. All Landowner permissions have already been obtained, OR, a reasonable plan was presented to obtain them  ",20,B - Response gave a fairly clear indication that there is a need for the project as proposed.  ,4,"C - Response indicated benefits to residents of the impacted area, but could have been more compelling or specific. ",3,D - Work will be completed in isolation despite clear opportunities for beneficial partnership. ,2,"A - The proposed work is clearly part of, or the start of, a broader comprehensive effort towards noxious weed management.  The proposed activities are clearly informed by past experience, even if this experience derives from outside the applicant organization or entity. ",5,B ,15,10% Match Provided.  OR | partial match provided AND a compelling reason is given explaining extenuating circumstances. | ,10,A  ,30,Yes - Partial Funding ,No ,"This project seems well connected to broader landscape-scale efforts, and that connection is well explained in the application! ","Although Philmont is nationally renowned, the application and justification may have benefited from spelling out a bit of of the Scout Ranch's mission, and specifically how this project will enable the highest-level mission and functions of the ranch. 

Another very small point of confusion was that the summary mentioned partnerships with Colfax SWCD, but they are not necessarily partners on this particular project. ",acolin@nmda.nmsu.edu,Anthony Colin,NMDA-APR,TRUE,2024-08-08T22:02:23Z,89,acolin@nmda.nmsu.edu,Anthony Colin,NMDA-APR,TRUE,2024-07-30T22:52:33Z,1,1,1,dburruss@nmda.nmsu.edu,Dylan Burruss,NMDA-APR,FALSE,mhenkels@nmda.nmsu.edu,Max Henkels,(blank),FALSE,"For me, this project verges on the level of runner up, only for the reason of the benefits being explained solely in terms of the scout ranch itself.",(blank),(blank)
victoria.milne@nm.nacdnet.net,Victoria,Milne,(blank),(blank),(blank),(blank),(blank),(blank),(blank),(blank),(blank),(blank),NMDA's Noxious Weed Management Grant,47110039,In-Progress,2024-07-30T05:53:19MDT,FALSE,d9b8322f-4b31-4587-9670-e037d201389c,https://grants.nmda.nmsu.edu/submissions/47110039,"Federal Lands
Survey and Mapping
Class B
Private Lands
State Lands
Local Governmental Lands
",(blank),"Dylan Burruss
Max Henkels
Anthony Colin",(blank),(blank),228,57,Scoring,,1 124 169,https://grants.nmda.nmsu.edu/file/download/ee9c63b5-e0d4-4741-a6e2-6edfd849121c,(blank),,10,Soil and Water Conservation District  ,(blank),(blank),(blank),(blank),(blank),(blank),(blank),,(blank),(blank),(blank),,(blank),(blank),(blank),(blank),(blank),(blank),Otero Soil and Water Conservation District,Victoria,Milne,victoria.milne@nm.nacdnet.net,15 754 373 100,"3501 Mesa Village Drive, Alamogordo, NM  88310",Yes ,(blank),(blank),(blank),(blank),(blank),,(blank),(blank),Precision Weed Mapping in Otero County,Survey and Mapping ,10 000,,,"Otero Soil and Water Conservation District has a very active Noxious Weed Management Program.  The only component we do not have the staffing for is the surveying/mapping of populations. We plan to change that by hiring a contractor to map African Rue utilizing a drone.  In September we will do the contracting so that the work can begin immediately while African Rue is active before the fall treatment window.  This will help us pinpoint any satellite locations for treatment.  An ongoing contract with the Bureau of Land Management will cover the cost of treatment in October.  We anticipate a minimum of 7,500 acres to be mapped this fall. African Rue will be dormant in the winter before it reappears in early spring.  Any acres remaining will be mapped in the spring.",Class B ,(blank),African rue (Peganum harmala) ,(blank),(blank),Precision_Weed_Mapping_Project_Map.docx,Private Lands Local Governmental Lands State Lands Federal Lands ,(blank),We have all of the necessary permissions ,"We have contracts with the Bureau of Land Management, NM State Forestry and Otero County to treat noxious weeds.  Surveying/mapping is a component of those contracts.",(blank),(blank),"Adequate mapping of the noxious weeds is essential to the success of the treatment.  We have used visual methods in the past to document the locations of noxious weeds, but drones provide a way of getting large parcels mapped more efficiently.",The residents would benefit by having their whole property mapped so that satellite populations of noxious weeds are not missed.  Even a few plants outside the known area of treatment can limit the success of the treatments.,"We will be working with the Otero County Cooperative Weed Management Area partners to implement the project.  The objective would be to utilize the partnerships so that we can expand the project to cross land management boundaries in the future.  This would require assistance from the Department of Defense (White Sands Missile Range, Holloman AFB, and Fort Bliss) to use the drone in restricted air space.  The US Forest Service is finalizing their Non-Native Invasive Plant EIS and hopes to work with us in 2025 on treatments to include mapping.",This project will increase the accuracy of the current projects.  We hope to build this type of mapping into future applications.,3-Sep-24,September 2024 - Project start with contracting and then mapping until October 11th.  Any unmapped acres will be mapped in March 2025.,Not applicable.,(blank),Yes ,(blank),Yes ,(blank),NMDA_noxious-weed-management-grant-budget_Otero_SWCD.xlsx,38 500,10 595,"Yes, we can scale down the project.  The cost is on a per acre basis.  This would allow us to make changes to the project.",(blank),checked,checked,checked,checked,checked,Victoria Milne,C - Summary was adequate but more information is needed for a clear understanding of the project. Some OR No landowner permissions have been obtained. A mostly reasonable plan was presented to obtain the rest. ,10,"C - Response demonstrated some need, but at a superficial level with missing details. ",3,D - Response indicated benefits very broadly and superficially.  ,2,"B - The project involves one or more partners, but the extent and benefit of these partnerships could be clearer. ",4,"A - The proposed work is clearly part of, or the start of, a broader comprehensive effort towards noxious weed management.  The proposed activities are clearly informed by past experience, even if this experience derives from outside the applicant organization or entity. ",5,D ,5,10% Match Provided.  OR | partial match provided AND a compelling reason is given explaining extenuating circumstances. | ,10,C ,16,No - No Funding ,No ,Aerial surveillance of vegetation can provide less expensive assessments of vegetation compared to traditional survey methods.,"More details on what this mapping effort will produce (e.g., maps of individual plants, fields/parcels/cells with noxious weed presence, etc.) and how one would acquire permissions to survey potentially sensitive military sites like WSMR. ",dburruss@nmda.nmsu.edu,Dylan Burruss,NMDA-APR,TRUE,2024-08-01T22:49:27Z,55,227,75.67,"B- Description was mostly clear, but some required information (See list above) was omitted or could be more specific. Some Landowner permissions have already been obtained AND/OR a reasonable plan was presented to obtain them. ",15,"C - Response demonstrated some need, but at a superficial level with missing details. ",3,"C - Response indicated benefits to residents of the impacted area, but could have been more compelling or specific. ",3,A - The project involves one or more partner organizations. The benefit of these partnerships has been clearly explained in terms of project outcomes and success.  ,5,"C - The proposed work appears to be a continuation or initialization of noxious weed management efforts, but more detail may be needed to clarify this point.  The applicant does not indicate any past experience informing their proposed work.  ",3,C ,10,10% Match Provided.  OR | partial match provided AND a compelling reason is given explaining extenuating circumstances. | ,10,A  ,30,Yes - Full Funding ,Yes ,"• Covers large area (10k acres), with very good cost/acre for drone mapping of infestation
• Budget is simple and straightforward
• Connection to BLM funding for treatment of identified infestations, so data will be used effectively
• Strong partnerships identified
","• Justification questions could have illustrated the specific impacts/urgency of treating African rue
• Timeline is simple but delay could impact project and it is unclear if fall window is reasonable to complete project.  No tie-in with in-kind match treatments or data management.
• Project is tied to ongoing efforts, but this could have been better illustrated
",mhenkels@nmda.nmsu.edu,Max Henkels,(blank),TRUE,2024-08-07T20:10:25Z,79,"A - Applicant gave a clear & concise description of the project, summarizing the,	Objectives, Methods, Timeline, and Partners. All Landowner permissions have already been obtained, OR, a reasonable plan was presented to obtain them  ",20,B - Response gave a fairly clear indication that there is a need for the project as proposed.  ,4,"B - Response gave a fairly clear, reasonably specific indication of the project’s benefit to residents of the impacted area. ",4,A - The project involves one or more partner organizations. The benefit of these partnerships has been clearly explained in terms of project outcomes and success.  ,5,"A - The proposed work is clearly part of, or the start of, a broader comprehensive effort towards noxious weed management.  The proposed activities are clearly informed by past experience, even if this experience derives from outside the applicant organization or entity. ",5,B ,15,10% Match Provided.  OR | partial match provided AND a compelling reason is given explaining extenuating circumstances. | ,10,A  ,30,Yes - Full Funding ,No ,Very exciting project! And well done to package the partnerships into a clear and concise application.,"It's very difficult to find anything to criticize. If I had to make something up, I would most likely encourage the applicant to experiment with selling the benefit of the project a little bit hard. Specifically, I might briefly mention some elements of how the ultimate treatment of the mapped species will positively impact the economy and environment of the district. ",acolin@nmda.nmsu.edu,Anthony Colin,NMDA-APR,TRUE,2024-08-08T22:15:43Z,93,acolin@nmda.nmsu.edu,Anthony Colin,NMDA-APR,TRUE,2024-07-30T22:53:27Z,1,1,1,dburruss@nmda.nmsu.edu,Dylan Burruss,NMDA-APR,FALSE,mhenkels@nmda.nmsu.edu,Max Henkels,(blank),FALSE,(blank),(blank),(blank)
chavescwma@yahoo.com,Emily,Doss,(blank),(blank),(blank),(blank),(blank),(blank),(blank),(blank),(blank),(blank),NMDA's Noxious Weed Management Grant,47112379,In-Progress,2024-07-30T11:05:23MDT,FALSE,98ca5167-3d68-4335-9ab0-a58e8dccf602,https://grants.nmda.nmsu.edu/submissions/47112379,"Integrated Weed Managemen
Class C
Survey and Mapping
Class B
Private Lands
Class A
Early Detection & Rapid R
",(blank),"Dylan Burruss
Ash Taylor
Michael Purdy",(blank),(blank),210,52.5,Scoring,,3 339 830,https://grants.nmda.nmsu.edu/file/download/ee9c63b5-e0d4-4741-a6e2-6edfd849121c,(blank),,11,Soil and Water Conservation District  ,(blank),(blank),(blank),(blank),(blank),(blank),(blank),,(blank),(blank),(blank),,(blank),(blank),(blank),(blank),(blank),(blank),Chaves Soil and Water Conservation District,Emily,Doss,chavescwma@yahoo.com,15 752 460 871,"129 E 3rd Street, Roswell NM 88201",No ,"129 E 3rd Street, PO Box 2722",(blank),Roswell,New Mexico,US,88 201,-104.52126,33.39554,Control of Noxious Weeds in Chaves County,Survey and Mapping Early Detection & Rapid Response (EDRR) Integrated Weed Management (On-the-Ground Treatments) ,49,1 409,49,"The focus of this project will focus on mechanical treatment in combination with chemical or herbicide treatments. The target species will be African Rue, Russian Knapweed, Salt Cedar and Scotch Thistle. Mapped African Rue populations have been treated with herbicide treatments and will continue to be treated by herbicides. Russian Knapweed has already been extensively mapped and with locations being numerous, the focus will be on mapping Salt cedar. Scotch Thistle has a concentrated population. The focus will be on preventing the plant from spreading and detecting any other population(s). The key to control of Russian Knapweed is to continuously stress it. Combination treatments of mechanical treatments (mastication), cultural (planting native species), and chemical (herbicide treatment) have been shown to have the best results on this species. Monitoring before and after treatment will determine how effective the treatments have been. Salt Cedar will be a challenge as cut-stump treatment is the preferred method. The preferred method to treat Salt Cedar is a combination treatment of chemical and mechanical treatment. All treatments will be monitored before and after implementation of methods mentioned above. Funding will go towards cut-stump treatment, herbicide application, and planting native species (native grass seed mix). ",Class A Class B Class C ,Scotch thistle (Onopordum acanthium) ,African rue (Peganum harmala) ,Saltcedar (Tamarix spp.) Russian knapweed (Acroptilon repans) ,(blank),NMDA_Noxious_Weed_Grant_Program_with_maps.docx,Private Lands ,(blank),We have all of the necessary permissions ,"All areas that plan to be treated have permission from the landowner or operator. We have a written form that every private landowner fills out before we treat. If there is a change in methods being utilized, the landowner is informed and we will not proceed until given permission. ",(blank),(blank),"Many of these weeds cannot be treated with herbicide alone. Researching and implementing alternate methods can increase the success of the treatment. Many farmers and ranchers are reluctant or unable to apply herbicide due to many reasons. Being able to suggest alternate methods will allow us to treat these areas without herbicide. Combination treatments, although desirable, are not always feasible due to many factors such as funding, lack of equipment, or reluctance of the landowner. Having alternate methods of treatment are always an option that farmers and ranchers love to hear.","It will reduce the impact of noxious weeds on the environment, promote environmental health, increase crop and livestock productivity. Treating these noxious weeds will allow for native species to establish and help prevent livestock from becoming sick. Many farmers and ranchers have shown interest in learning more about their problematic species and have been open to using alternative methods to treat their noxious weed problem.",Right now the project is for just private land but if any public or state land becomes involved. Chaves SWCD has a written agreement with BLM and a temporary permit with New Mexico State Land Office (for treating African Rue and Russian Knapweed). I am working on getting a MOU with NMSLO. Salt cedar area is scattered and maps used are old so map will have to be updated.,This project will expand to utilizing mechanical and cultural methods with chemical treatments. Past treatments were solely chemically treated.,Sep-24,"The timeline established will be October 1, 2024 to June 30,2025. ","All areas will be monitored and if applicable, native species can be planted (landowner approves). ",(blank),Yes ,(blank),Yes ,(blank),noxious-weed-management-grant-budget_with_match.xlsx,60 000,8 000,"Yes, we will not masticate and will focus on just chemically treating salt cedar.",(blank),checked,checked,checked,checked,checked,Emily Doss,C - Summary was adequate but more information is needed for a clear understanding of the project. Some OR No landowner permissions have been obtained. A mostly reasonable plan was presented to obtain the rest. ,10,"C - Response demonstrated some need, but at a superficial level with missing details. ",3,"B - Response gave a fairly clear, reasonably specific indication of the project’s benefit to residents of the impacted area. ",4,C - Partnerships could be more specific or there are clearly unrealized opportunities for collaboration.  ,3,"C - The proposed work appears to be a continuation or initialization of noxious weed management efforts, but more detail may be needed to clarify this point.  The applicant does not indicate any past experience informing their proposed work.  ",3,D ,5,10% Match Provided.  OR | partial match provided AND a compelling reason is given explaining extenuating circumstances. | ,10,B ,23,Yes - Partial Funding ,No ,"Project areas are nicely mapped, collaborative, builds upon existing work.",The budget - they included services with 0$ cost in the requested fund section (this actually undersells their contribution). Many detais missing on how the proposed work with be conducted.,dburruss@nmda.nmsu.edu,Dylan Burruss,NMDA-APR,TRUE,2024-08-01T22:49:40Z,61,209,69.67,"A - Applicant gave a clear & concise description of the project, summarizing the,	Objectives, Methods, Timeline, and Partners. All Landowner permissions have already been obtained, OR, a reasonable plan was presented to obtain them  ",20,A - Response clearly and concisely conveyed why this project was needed in this grant cycle. No doubt remains. ,5,A - Response clearly explained specific and significant benefits to the residents of the impacted area.  ,5,C - Partnerships could be more specific or there are clearly unrealized opportunities for collaboration.  ,3,"C - The proposed work appears to be a continuation or initialization of noxious weed management efforts, but more detail may be needed to clarify this point.  The applicant does not indicate any past experience informing their proposed work.  ",3,C ,10,10% Match Provided.  OR | partial match provided AND a compelling reason is given explaining extenuating circumstances. | ,10,B ,23,Yes - Full Funding ,No ,(blank),More detail maybe needed on the timeline for the project. Could include a monitoring and follow-up treatment aspect for after the project completion. ,mpurdy@nmda.nmsu.edu,Michael Purdy,(blank),TRUE,2024-08-08T23:07:09Z,79,"B- Description was mostly clear, but some required information (See list above) was omitted or could be more specific. Some Landowner permissions have already been obtained AND/OR a reasonable plan was presented to obtain them. ",15,B - Response gave a fairly clear indication that there is a need for the project as proposed.  ,4,A - Response clearly explained specific and significant benefits to the residents of the impacted area.  ,5,"B - The project involves one or more partners, but the extent and benefit of these partnerships could be clearer. ",4,"A - The proposed work is clearly part of, or the start of, a broader comprehensive effort towards noxious weed management.  The proposed activities are clearly informed by past experience, even if this experience derives from outside the applicant organization or entity. ",5,C ,10,10% Match Provided.  OR | partial match provided AND a compelling reason is given explaining extenuating circumstances. | ,10,C ,16,Yes - Partial Funding ,Yes ,"Mastication treatment of Saltcedar is effective but expensive so I tend to prioritize that type of work if funding is available. I'm curious how many acres they might be able to treat with 2 days of mastication work.

I like that they are doing both EDRR mapping and treatments (especially Class A species) as well as building off of a program that has insight and feedback. I like that they are taking into account the issues they have seen with current landowners and trying to make it more accessible by providing more choices vs telling them what they have to do.","Lack of detail in answers, bare minimum information. Project summary has a general idea but reads as disorganized.

Nervous to hear about mastication as a treatment for Russian knapweed (creating root fragments can lead to denser populations). I would like to know more about the native seed mix to be used.

Could use more Budget details, in the project summary they mention 4 target species and the budget seems to only address 2? 

",Ashley.Taylor@emnrd.nm.gov,Ash Taylor,Noxious Weed Management Grant Reviewer,TRUE,2024-08-06T20:25:56Z,69,mhenkels@nmda.nmsu.edu,Max Henkels,(blank),TRUE,2024-07-31T03:23:10Z,1,1,1,acolin@nmda.nmsu.edu,Anthony Colin,NMDA-APR,FALSE,dburruss@nmda.nmsu.edu,Dylan Burruss,NMDA-APR,FALSE,"I think this can still be fully funded but adjustments for types of treatments should be clarified and made (no mastication of Russian knapweed). I wish there was a bit more detail throughout the application. Budget template doesn't account for full $60k request ($57,745) but also has it set at 48 acres vs at the top of the application it says 49 acres.",There are too many details missing to justify full funding.,(blank)
rlopez@carlsbadsoilandwater.org,Riki,Lopez,(blank),(blank),(blank),(blank),(blank),(blank),(blank),(blank),(blank),(blank),NMDA's Noxious Weed Management Grant,47112461,In-Progress,2024-07-30T11:12:51MDT,FALSE,71f52f4f-e237-4f4d-8ba8-eb95d5361b25,https://grants.nmda.nmsu.edu/submissions/47112461,"Integrated Weed Managemen
Federal Lands
Class B
Private Lands
Local Governmental Lands
",(blank),"Max Henkels
Anthony Colin
Michael Purdy",(blank),(blank),261,65.25,Scoring,,714 759,https://grants.nmda.nmsu.edu/file/download/ee9c63b5-e0d4-4741-a6e2-6edfd849121c,(blank),,12,Soil and Water Conservation District  ,(blank),(blank),(blank),(blank),(blank),(blank),(blank),,(blank),(blank),(blank),,(blank),(blank),(blank),(blank),(blank),(blank),Carlsbad Soil and Water Conservation District,Riki,Lopez,rlopez@carlsbadsoilandwater.org,15 756 281 532,"3219 S Canal St
Carlsbad NM 88220",Yes ,(blank),(blank),(blank),(blank),(blank),,(blank),(blank),African Rue Treatment in southeastern New Mexico,Integrated Weed Management (On-the-Ground Treatments) ,,,1 000,"Southeast NM is seeing a large uptick in the spread of African Rue due to the movement of the oilfield industry. Carlsbad SWCD is the lead for the Eddy County Coordinated Weed Management  Group. We work with BLM, Eddy County, City of Carlsbad, Carlsbad Irrigation District, Oil and Gas Industry and numerous other agencies. We will apply herbicide by hand treatment method to African Rue.  Optimal treatment of African Rue is twice a year, in the spring and again in the fall when the plant is blooming. ",Class B ,(blank),African rue (Peganum harmala) ,(blank),(blank),African_Rue_SE_NM.jpg,Local Governmental Lands Federal Lands Private Lands ,(blank),We have all of the necessary permissions ,We have a noxious weed form that is submitted for each individual site. ,(blank),(blank),"This project will help to treat and hopefully eradicate African Rue in southeast New Mexico. African Rue is spreading like wildfire with the movement of the oilfield industry. African Rue is located on locations, roadways, and in pastures. This noxious weed is toxic and will be one of the few green options for livestock and wildlife to graze on in the extreme drought we are experiencing. Our goal is to keep the spread at bay and eventually eradicate the plant. ","Eliminating African Rue will keep livestock from being poisoned and also allow the growth of native grasses to return. Where African Rue is present the native grasslands do not flourish. More grass means better soil, water infiltration and grazing for wildlife and livestock.",We are already working with the Bureau of Land Management on treating African Rue. They provide funding to treat sites that are on BLM lands that have African Rue present. ,The project will be a continuation of treatment that we are already performing each spring and fall. ,We will start spraying in the fall of 2024.,"We are already in the process of mapping sites that are to be treated.  Every month we are adding new sites to our map to be treated. When the African Rue plant is blooming in the fall treatment will begin, usually in September. We will also spray again in the spring when the plant is in bloom, usually around May. As each site is treated it is marked and mapped. BLM keeps the mapping up to date for us. ",BLM has feet on the ground during the growing season of African Rue. They are following up on treatment areas to see if the plant is spreading. ,(blank),Yes ,(blank),Yes ,(blank),noxious-weed-management-grant-budget-template_1.xlsx,60 000,70 000,Carlsbad SWCD will not seek admin fees on this grant. We can scale back on the number of acres that are treated if funding is not fully awarded. ,(blank),checked,checked,checked,checked,checked,Riki Lopez,"B- Description was mostly clear, but some required information (See list above) was omitted or could be more specific. Some Landowner permissions have already been obtained AND/OR a reasonable plan was presented to obtain them. ",15,A - Response clearly and concisely conveyed why this project was needed in this grant cycle. No doubt remains. ,5,"B - Response gave a fairly clear, reasonably specific indication of the project’s benefit to residents of the impacted area. ",4,"B - The project involves one or more partners, but the extent and benefit of these partnerships could be clearer. ",4,"B - It is mostly clear that the proposed work is part of, or the start of, a broader comprehensive effort towards noxious weed management.  The applicant connects the proposed work to at least one past or current noxious weed management project that has informed their proposal.  ",4,B ,15,10% Match Provided.  OR | partial match provided AND a compelling reason is given explaining extenuating circumstances. | ,10,A  ,30,Yes - Full Funding ,No ,"• Good explanation of importance of impacts to local agriculture and wildlife
• Builds on partnership with BLM and existing spray program
• Budget is very straightforward and understandable
• Significant match provided from BLM
","• Project is straightforward; however, very little detail is provided in summary compared to other applications
• More information on current program would be useful to understand need for additional funding",mhenkels@nmda.nmsu.edu,Max Henkels,(blank),TRUE,2024-08-07T19:40:28Z,87,260,86.67,"A - Applicant gave a clear & concise description of the project, summarizing the,	Objectives, Methods, Timeline, and Partners. All Landowner permissions have already been obtained, OR, a reasonable plan was presented to obtain them  ",20,B - Response gave a fairly clear indication that there is a need for the project as proposed.  ,4,"B - Response gave a fairly clear, reasonably specific indication of the project’s benefit to residents of the impacted area. ",4,"B - The project involves one or more partners, but the extent and benefit of these partnerships could be clearer. ",4,"A - The proposed work is clearly part of, or the start of, a broader comprehensive effort towards noxious weed management.  The proposed activities are clearly informed by past experience, even if this experience derives from outside the applicant organization or entity. ",5,B ,15,10% Match Provided.  OR | partial match provided AND a compelling reason is given explaining extenuating circumstances. | ,10,B ,23,Yes - Partial Funding ,Yes ,"Great coalition of partners, and a very clear-cut project! ","One very very minor point is that, in this budget template, the 0% admin fee could have been entered and it would have calculated correctly.",acolin@nmda.nmsu.edu,Anthony Colin,NMDA-APR,TRUE,2024-08-08T21:29:53Z,85,"B- Description was mostly clear, but some required information (See list above) was omitted or could be more specific. Some Landowner permissions have already been obtained AND/OR a reasonable plan was presented to obtain them. ",15,A - Response clearly and concisely conveyed why this project was needed in this grant cycle. No doubt remains. ,5,"B - Response gave a fairly clear, reasonably specific indication of the project’s benefit to residents of the impacted area. ",4,"B - The project involves one or more partners, but the extent and benefit of these partnerships could be clearer. ",4,"A - The proposed work is clearly part of, or the start of, a broader comprehensive effort towards noxious weed management.  The proposed activities are clearly informed by past experience, even if this experience derives from outside the applicant organization or entity. ",5,B ,15,10% Match Provided.  OR | partial match provided AND a compelling reason is given explaining extenuating circumstances. | ,10,A  ,30,Yes - Full Funding ,No ,(blank),(blank),mpurdy@nmda.nmsu.edu,Michael Purdy,(blank),TRUE,2024-08-08T23:14:54Z,88,mhenkels@nmda.nmsu.edu,Max Henkels,(blank),TRUE,2024-07-31T03:23:04Z,1,1,1,dburruss@nmda.nmsu.edu,Dylan Burruss,NMDA-APR,FALSE,acolin@nmda.nmsu.edu,Anthony Colin,NMDA-APR,FALSE,(blank),(blank),Not actually recommending partial funding. Just needed to note for the potential MOA process that this project requested 0% admin but misused the budget template. 
mollie@nmwild.org,Mollie,Fullerton,505-843-8696,(blank),PO Box 25464,(blank),Albuquerque,New Mexico,NM,(blank),87125,US,NMDA's Noxious Weed Management Grant,47112640,In-Progress,2024-07-30T11:30:42MDT,FALSE,7e9a9491-09d8-43c6-a98a-a08bdfa1aeae,https://grants.nmda.nmsu.edu/submissions/47112640,"Integrated Weed Managemen
Class C
Federal Lands
Survey and Mapping
Class B
Education and Outreach
Class A
Early Detection & Rapid R
",(blank),"Dylan Burruss
Max Henkels
Anthony Colin",(blank),(blank),301,75.25,Scoring,,1 940 050,https://grants.nmda.nmsu.edu/file/download/ee9c63b5-e0d4-4741-a6e2-6edfd849121c,(blank),,13,Nonprofit or other Non-Governmental Organization with proven land management capacity ,(blank),85-0457916,NEW MEXICO WILDERNESS ALLIANCE,317 Commercial St NE,Ste 300,Albuquerque,NM,87 102,501(c)(3) Public Charity,A public charity (50% deductibility limitation).,Section 509(a)(1) organization as referred to in Section 170(b)(1)(A)(vi),,2023-11-13T00:00:00,2023-11-13T00:00:00,2023-12-04T00:00:00,This organization was not included in the Office of Foreign Assets Control Specially Designated Nationals(SDN) list.,"('1999',)/('08',)",(blank),New Mexico Wilderness Alliance (New Mexico Wild),Mollie,Fullerton,mollie@nmwild.org,15 054 838 696,"6000 Uptown Blvd NE, Ste. 350
Albuquerque, NM 87110",No ,PO Box 25464,(blank),Albuquerque,NM,US,87 125,-106.64295,35.09241,Gila Wilderness- Invasive Species Field Team,Survey and Mapping Early Detection & Rapid Response (EDRR) Integrated Weed Management (On-the-Ground Treatments) Education and Outreach ,160,320,1 600,"In recent years the Gila National Forest (GNF) has been working with partner groups to complete invasive species surveys of the Wilderness areas it manages. 512 survey miles were completed in the Gila by partner group, Heart of the Gila. This project will use results of these surveys to target noxious weed treatments primarily in the Gila Wilderness. New Mexico Wild staff will be trained in Invasive species identification and physical removal methods. Focus species include Class A (yellow toadflax, camelthorn), Class B (bull thistle, poison hemlock), Class C (Siberian Elm, Eurasian watermilfoil, cheat grass).  Priorities will be identified with the GNF in early Spring, 2025, training begins in April, and five multiday backcountry hitches to conduct treatments will take place subsequently. The team will locate previous, spatially mapped infestations of Class A, B, and C species and complete treatments using established physical removal methods. If new infestations are found, they will be immediately surveyed with the Forest Service TESP-IS mobile application and then removed in an EDRR protocol. New infestations that can’t be immediately treated will be mapped. We will follow removal, EDRR, and survey guidelines laid out by USDA Forest Service-Southwestern region. The project also includes an education component consisting of four projects open to volunteers, who will help remove priority invasives. These projects will include sharing information from NMDA about detecting and treating early infestations of invasive plants, plus information about identifying priority noxious weeds. Post evaluation of treatments will be conducted by the GNF and partners. ",Class A Class B Class C ,Yellow toadflax (Linaria vulgaris) Camelthorn (Alhagi psuedalhagi) ,Bull thistle (Cirsium vulgare) Poison hemlock (Conium maculatum) ,Cheatgrass  (Bromus tectorum) Eurasian watermilfoil (Myriophyllum spicatum) Siberian elm (Ulmus pumila) ,(blank),NMDA_Noxious_Weeds_Grant_Project_Maps-NMW-HOTG.pdf,Federal Lands ,(blank),We have all of the necessary permissions ,"New Mexico Wild has cooperative agreements to assist the Forest Service with a wide array of project work, including work related to invasive species/noxious weeds, in Wilderness and wildlands on all five of the National Forests in New Mexico, including the Gila National Forest. One of the cooperative agreements is with the Gila National Forest and the second is with the Forest Service Regional Office, which allows work on National Forest System lands across NM. We also have verbal agreements and numerous email communications documenting this permission, as well as a support letter for this project from the Gila National Forest. ",(blank),(blank),"The noxious weeds identified for removal in this project spread aggressively in riparian landscapes and areas of disturbance such as burn scars. Most infestations located within the Wilderness are along the Gila River, tributary streams, or in the Whitewater Baldy burn scar. It is critical to put resources into stopping the infestations of poison hemlock, bull thistle, yellow toadflax, and others before they spread throughout waterways and large disturbance areas. Providing funding for this effort will increase capacity to address emerging noxious weed issues and keep the infestations from becoming too large to feasibly manage. Maintaining the biodiversity of the Gila National Forest, and the Wilderness areas in particular, is a national, state, and local priority. Controlling invasive species in the upper watersheds of the river will help prevent movement of noxious weeds downstream into the farming communities of Gila and Cliff, NM, and support the outdoor recreation economy. ","The Gila River watershed is one of the most biodiverse networks of riparian areas in New Mexico that supports seven endangered species. Protecting the native riparian flora is critical to maintaining the habitat structure that supports these species.  It also provides one of the highest breeding bird concentrations in North America, including rare species such as the Gila Woodpecker and the threatened Southwestern Willow Flycatcher. Keeping this unique, biodiverse landscape intact aids in our efforts to combat climate change and stabilize New Mexico’s ecosystems. The characteristics of the Gila region contribute substantially to the regional tourist economy and maintaining wilderness character helps preserve the reasons people visit the area. This grant itself will generate new seasonal jobs that benefit young New Mexicans entering the work force. Controlling noxious weed infestations in headwaters areas will also prevent infestations downstream in agricultural areas, thereby avoiding potential economic impacts in agricultural communities.  ","Heart of the Gila (HOTG) will be our primary partner on this project to help provide training, technical support, data management, logistical support, and engagement in educational events. HOTG has been working on invasive species management with the Gila since 2016 and recently completed a multi-year effort of 512 miles invasive species survey in the Gila. This will complement New Mexico Wild’s extensive experience managing backcountry crews and hosting educational events. 
We will also partner closely with the GNF. We expect Forest staff in the wilderness and botany programs to be involved in various aspects of the project. GNF staff will also play a large role in prioritizing infestation targets and in data storage and support.
For logistical support, we will partner with local outfitter/guides like Gila Backcountry Services to provide implementation support in remote areas such as equipment and water drops, and where necessary, removal of noxious weed material. ","HOTG has surveyed, mapped and treated noxious weeds on GNF. It brings additional capacity to treat surveyed noxious weeds and expand existing surveys.",Feb-25,"February 2025 - Meet with GNF Botanist to finalize project areas for Treatment, any areas that may need additional surveys and mapping, and identify species subject to EDRR treatment. 
March 2025 - Plan out logistics for each treatment area/ranger hitch; line up outfitter/guides for packing support; plan specific dates for outreach/educational volunteer events; hire Wilderness Ranger crew. 
April 2025 – Onboard and train Wilderness Rangers on identification, treatment, and TESP survey and mapping protocols. Hold first educational event and first treatment hitch. 
May 2025-June 2025 - Implement an additional four 8-day treatment hitches, targeting different previously surveyed and mapped infestations. During these field days, perform EDRR treatment on any additional infestations of target species listed above, as well as additional survey and mapping where species that cannot be treated under EDRR protocol are identified; host 3 additional volunteer/educational project days. 
June 2025 - survey and map remaining un-surveyed sections of San Francisco River drainage for target species. 
June 2025 - Complete data analysis and submit final spatial data to GNF.
(JULY 2025 – if needed) - We plan to have project work completed by the end of June 2025. However, some aspects of field work in the Gila’s remote backcountry areas are unpredictable, such as the presence of seasonal fire that may close trail access, or heavy early season snowpack, floods, or high water in drainages that preclude safe travel in some parts of the project area. Therefore, if awarded, we would aim to complete our project by June 30th, and if unable to do so, could scale back the project parameters if required by NMDA. If the project were delayed due to project conditions we would expect to have work completed by mid-July with NMDA approval.","The GNF has stated an intent to conduct post-treatment monitoring. Further, both New Mexico Wild and HOTG have longstanding partnerships with the GNF. HOTG in particular has a strong emphasis on working with the GNF on noxious weed issues and New Mexico Wild has a strong track record of working on a wide array of back country stewardship projects. We therefore expect that between our two organizations that we will find future resources to assist with post-treatment monitoring, as both organizations routinely work across the project area (e.g. post-treatment monitoring may be feasible during other project activities) and the success of these treatments is important to the mission of both organizations. ",(blank),Yes ,(blank),Yes ,(blank),NMDA_noxious-weed-management-grant-budget-template_New_Mexico_Wild.xlsx,59 941.42,23 198.9,"We could scale down this project if needed if only partial funding were awarded. The implications of a scaled down project would either be fewer staff hired for fewer hitches worked, meaning that we would have a lesser impact on the removal of target noxious weed populations (e.g. fewer noxious weeds removed), fewer education/outreach events, and the amount of EDRR and survey/mapping work would also be reduced. The specific extent to which need to scale down hiring or field hitches would depend on the amount of funding granted. ","Letter_of_Support_for_NMDA_Noxious_Weed_Management_Grant.pdf
NMDA_Noxious_Weeds_Grant_Support_Letter-HOTG.pdf",checked,checked,checked,checked,checked,Mollie Fullerton,"A - Applicant gave a clear & concise description of the project, summarizing the,	Objectives, Methods, Timeline, and Partners. All Landowner permissions have already been obtained, OR, a reasonable plan was presented to obtain them  ",20,A - Response clearly and concisely conveyed why this project was needed in this grant cycle. No doubt remains. ,5,A - Response clearly explained specific and significant benefits to the residents of the impacted area.  ,5,A - The project involves one or more partner organizations. The benefit of these partnerships has been clearly explained in terms of project outcomes and success.  ,5,"A - The proposed work is clearly part of, or the start of, a broader comprehensive effort towards noxious weed management.  The proposed activities are clearly informed by past experience, even if this experience derives from outside the applicant organization or entity. ",5,A ,20,10% Match Provided.  OR | partial match provided AND a compelling reason is given explaining extenuating circumstances. | ,10,A  ,30,Yes - Full Funding ,Yes ,"• All parts of application clear, complete, and detailed
• Builds on extensive previous surveying and mapping
• Partnerships with Forest Service and Heart of Gila are central
","•Tight timeline with all work completed February-June, 2025.  How much earlier would planning need to occur?
• Heart of Gila Contract: If just director time, $56.25/hr seems high ($126k/yr?)
• 350 volunteer hours seems high without further detail",mhenkels@nmda.nmsu.edu,Max Henkels,(blank),TRUE,2024-08-07T15:43:08Z,100,300,100,"A - Applicant gave a clear & concise description of the project, summarizing the,	Objectives, Methods, Timeline, and Partners. All Landowner permissions have already been obtained, OR, a reasonable plan was presented to obtain them  ",20,A - Response clearly and concisely conveyed why this project was needed in this grant cycle. No doubt remains. ,5,A - Response clearly explained specific and significant benefits to the residents of the impacted area.  ,5,A - The project involves one or more partner organizations. The benefit of these partnerships has been clearly explained in terms of project outcomes and success.  ,5,"A - The proposed work is clearly part of, or the start of, a broader comprehensive effort towards noxious weed management.  The proposed activities are clearly informed by past experience, even if this experience derives from outside the applicant organization or entity. ",5,A ,20,10% Match Provided.  OR | partial match provided AND a compelling reason is given explaining extenuating circumstances. | ,10,A  ,30,Yes - Full Funding ,No ,"Very well organized, focused treatments across a large geographic area, builds up existing work, collaborative, educational, and includes areas of significant biological, cultural, and economic importance",(blank),dburruss@nmda.nmsu.edu,Dylan Burruss,NMDA-APR,TRUE,2024-08-01T22:49:50Z,100,"A - Applicant gave a clear & concise description of the project, summarizing the,	Objectives, Methods, Timeline, and Partners. All Landowner permissions have already been obtained, OR, a reasonable plan was presented to obtain them  ",20,A - Response clearly and concisely conveyed why this project was needed in this grant cycle. No doubt remains. ,5,A - Response clearly explained specific and significant benefits to the residents of the impacted area.  ,5,A - The project involves one or more partner organizations. The benefit of these partnerships has been clearly explained in terms of project outcomes and success.  ,5,"A - The proposed work is clearly part of, or the start of, a broader comprehensive effort towards noxious weed management.  The proposed activities are clearly informed by past experience, even if this experience derives from outside the applicant organization or entity. ",5,A ,20,10% Match Provided.  OR | partial match provided AND a compelling reason is given explaining extenuating circumstances. | ,10,A  ,30,Yes - Full Funding ,No ,"A very strong application, making it difficult to single out any one good choice. The project/application does well to build on previous work, setup future work, and explain that all succinctly. ","This did not negatively bare on the scoring of the application, but greater collaboration and/or support from downstream grazing permittees would have strengthened the application. Some level of collaboration with permittees to involve the lands they lease, or even their base property, would probably be a welcomed addition to the project. However, even just a letter of support detailing the benefit they see in the project would lend credence to the claim that this work will benefit agricultural interests. Also, an even more minor nit-picky point but, there are New-Mexico-specific values of volunteer labor ($27.38 / hr) that can be found in the same places the $33.49 figure was found.",acolin@nmda.nmsu.edu,Anthony Colin,NMDA-APR,TRUE,2024-08-08T19:23:31Z,100,mhenkels@nmda.nmsu.edu,Max Henkels,(blank),TRUE,2024-07-31T03:22:57Z,1,1,1,acolin@nmda.nmsu.edu,Anthony Colin,NMDA-APR,FALSE,dburruss@nmda.nmsu.edu,Dylan Burruss,NMDA-APR,FALSE,(blank),(blank),(blank)
borderswcd@gmail.com,Deena,Kinman,(blank),(blank),(blank),(blank),(blank),(blank),(blank),(blank),(blank),(blank),NMDA's Noxious Weed Management Grant,47112843,In-Progress,2024-07-30T11:52:11MDT,FALSE,8a8efa33-da2d-43f0-98af-ecddc0d5c761,https://grants.nmda.nmsu.edu/submissions/47112843,"Integrated Weed Managemen
Class C
Federal Lands
Survey and Mapping
Class B
Private Lands
Planning, Capacity Develo
Education and Outreach
State Lands
Local Governmental Lands
",(blank),"Max Henkels
Ash Taylor
Michael Purdy",(blank),(blank),270,67.5,Scoring,,533 849,https://grants.nmda.nmsu.edu/file/download/ee9c63b5-e0d4-4741-a6e2-6edfd849121c,(blank),,14,Soil and Water Conservation District  ,(blank),(blank),(blank),(blank),(blank),(blank),(blank),,(blank),(blank),(blank),,(blank),(blank),(blank),(blank),(blank),(blank),Border Soil & Water Conservation District,Deena,Kinman,borderswcd@gmail.com,15 757 601 273,"704 State St. Elida, NM  88116",No ,P.O. Box 158,(blank),ELIDA,NM,US,88 116,-103.63904,33.93656,Leave the Lands Better Than You Found Them Through Noxious Weed Management,"Survey and Mapping Education and Outreach Planning, Capacity Development, and Partnership Building Integrated Weed Management (On-the-Ground Treatments) ",15 000,,200,"Our 18-month proposal for Class B species focuses on African Rue, Spiny cockleburs and thistles.  Eighteen months can provide three Rue treatments; it is sprayed when in bloom in spring and fall.  The third treatment can take place September 2025.
Objectives and methods include:  
1) Land manager permissions are in progress.  Landowner information will be continually updated through Chaves and Roosevelt County Assessors and onX mapping application.  Written agreements, JPAs and MOUs will be offered to land managers.  
2) Mapping & Education:  Provide trainings and materials to include, plant identification, detection and reporting of infestations using GPS, onX, Avenza and ArcGIS mapping.  Update existing maps as infestations are located and provide detailed treatment and reclamation data.  Coordinate with Extension Services to offer CEUs and herbicide application trainings.  
3) Integrate treatment plans:  Offer treatment cost-shares particularly for initial Rue treatment in September 2024.  Procurement procedures in place by October 2024 to complete RFPs enabling commercial applicator availability.  More applicators are now available in the area and have expressed interest in BSWCD’s Noxious Weed Program.
5) Establish reclamation plans:  Continuously monitor treated areas for timely reclamation practices. Offer cost-sharing for native seed, appropriate soil preparation materials like fertilizer and compost materials.  Documentation, photos, data sharing and on-site visits will be ongoing.
6) Strengthen partnerships:  Mapping, data sharing and treatments require statewide collaboration with agencies, SWCDs and CWMAs.  Our ultimate objective of landscape restoration naturally encourages teamwork.
",Class B Class C ,(blank),African rue (Peganum harmala) Bull thistle (Cirsium vulgare) Spiny cocklebur (Xanthium spinosum) ,(blank),(blank),Map_African_Rue_target_area_Border_SWCD_07.24.PDF,Private Lands Local Governmental Lands State Lands Federal Lands ,(blank),We have some of the necessary permissions ,Landowners who have been managing Rue infestations with the assistance of High Plains CWMA and BLM have written agreements and will be asked to complete a written agreement with BSWCD specifically.  Our current agreements are verbal.  Permission forms can be easily accessed on the webpage we are requesting funds for in this proposal.,"We are currently updating our landowner list with the assistance of Chaves and Roosevelt County Assessors.  The onX mapping application will also help determine ownership.  Landowners and managers will have opportunity to participate in our project by completing a written agreement, MOU or JPA.",(blank),"  BSWCD needs help with noxious weed management to accomplish our District Act responsibilities.  Area SWCDs and agencies requested our help to initiate specific actions.  BSWCD needs mapping data for all weed classes.  This project also focuses on spiny cocklebur and thistles.
  Many African Rue locations in BSWCD are known and demand immediate action and establishes us as a frontline in stopping its spread further into New Mexico.  Effective treatment of Rue takes place in spring and fall while in bloom.  These are especially busy times for ranchers.  Offering land managers a contracted applicator to help manage infestations can ensure cooperation, correct herbicide applications, use of restricted chemicals and more consistent treatments leading to successfully maintained reclamation of land and water.
  Education and tools are necessary for long-range conservation.  Additional training aids to identify weed species, utilize mapping applications, and herbicide use are needed.  
","  Land managers are asking for help.  Noxious weeds are causing harm and/or death of livestock, overtaking areas of grassland and depleting groundwater.  This causes great economic hardship and our tax base suffers.  
  A few bites of African Rue can be fatal to humans or animals.  Its highly poisonous alkaloids kill quickly allowing little chance of recovery.  Cattle death losses create devastating economic impacts.  Wildlife losses cannot be calculated.
  Rue takes over large areas depleting groundwater.  It has a long tap root and spreads easily through rhizomes and prolific seeds.  Each chemical treatment kills only a portion of the root requiring years of constant management.  The window of opportunity to spray is only four to six weeks two times each year.  Mechanical removal attempts only stimulate growth.  It thrives on poor soil, so reclamation is costly and difficult.  Rue is a particularly dangerous and costly hazard in every way.
","  Statewide partnerships will be enhanced during the education process and as we share maps and collected data with agencies, SWCDs and CWMAs.  Collaboration will increase with BLM, Chaves SWCD and Chaves CWMA as we continue work on African Rue areas for broader landscape management.  Leveraging our current grant fund partnerships and annual County Commission support increases our effectiveness.  We are continually seeking partners and funds to increase landscape restoration.
  Renewed relationships with oil and gas companies will be expanded for Rue management.  Road departments and renewable energy companies have continued education from BSWCD and our partner High Plains CWMA to identify weeds and report them for treatment. 
  HPCWMA members: Roosevelt, Border, Central Curry, and Chaves SWCDs, Bureau of Land Management, El Llano Estacado RC&D, Center of Excellence, State Land Office, NMDA, NRCS, Roosevelt County, Curry and Roosevelt County Extension Services, Farmers’ Electric Cooperative, and Roosevelt County Electric Coop.
","These funds focus on mapping and weed treatment.  **This cell miscalculates the words.  This section will be in the additional documents section..
","  Immediately.  BSWCD has processes and procedures in place to continue the mission outlined in this proposal.  Most components of our action plan are already in progress and will continue.  Procurement procedures will be in place by October 2024 in order to complete the RFP processes for contracted applicators.  This ensures every aspect is completed for timely Rue treatment in the Spring of 2025. 
 These funds target integrated weed treatments.  And, the nature of African Rue is such that an 18-month duration could allow three treatment cycles.  It is sprayed spring and fall when in bloom.  The final treatment can take place September 2025.  
",Time attached below...,"  BSWCD’s evaluation of treated areas will remain constant allowing reclamation practices to be implemented under the right conditions for increased success rates.  Land managers will be encouraged to participate in the Healthy Soil Program (HSP) to expand access to reclamation needs.  Timely reclamation through seeding and proper soil preparation can give grass ample opportunity to establish and overtake the noxious weed populations over time.  Proper soil preparation practices will be evaluated to determine if compost, bale grazing or fertilizer is needed.
  African Rue poses a unique problem in that it prospers in poor soils; areas difficult for grasses to establish.  Land managers facing this problem will be encouraged to pursue HSP funding for extra resources to transition these soil types into grass-friendly areas.  Additionally, Rue flourishes in places such as oil well pads and in livestock pens where grass typically does not have opportunity to establish.  In these situations, continual monitoring for herbicide treatment can be recommended. 
  Providing land managers with cost-shared rental equipment such as seed broadcasters will also be offered.  This allows access to the appropriate equipment without our district having housing and maintenance responsibilities.  As our noxious weed program expands, we can seek purchasing a range of equipment for rental.
  The progress in each area will be logged with photo documentation and data added to existing maps.
",noxious-weed-grant-timeline_07.24.xlsx,No ,Eighteen months can provide three Rue treatments; it is sprayed when in bloom in spring and fall.  The third treatment can take place September 2025.,Yes ,(blank),noxious-weed-grant-budget-template_07.24.xlsx,59 746.5,13 610,"Yes, BSWCD could scale down our project without impeding our forward progress.  Our current strategies will remain in place to rapidly spread the word to district residents that resources are available.  The actual treatment of infestations would be limited until future grant funds are awarded.",How_does_this_project_build_on_previous_and_current_projects.docx,checked,checked,checked,checked,checked,Deena Kinman,"A - Applicant gave a clear & concise description of the project, summarizing the,	Objectives, Methods, Timeline, and Partners. All Landowner permissions have already been obtained, OR, a reasonable plan was presented to obtain them  ",20,A - Response clearly and concisely conveyed why this project was needed in this grant cycle. No doubt remains. ,5,A - Response clearly explained specific and significant benefits to the residents of the impacted area.  ,5,A - The project involves one or more partner organizations. The benefit of these partnerships has been clearly explained in terms of project outcomes and success.  ,5,"B - It is mostly clear that the proposed work is part of, or the start of, a broader comprehensive effort towards noxious weed management.  The applicant connects the proposed work to at least one past or current noxious weed management project that has informed their proposal.  ",4,A ,20,10% Match Provided.  OR | partial match provided AND a compelling reason is given explaining extenuating circumstances. | ,10,B ,23,Yes - Full Funding ,No ,"Number of acres to be mapped and treated
treating African Rue
Variety of proposed activities
","Class C species accidentally selected? No class A or Watch List species proposed

Would have liked to see more detail in the section talking about how they are building on previous and current projects

Anticipated to be completed after June 2025 but in exchange for an additional treatment which i think is reasonable

acres in budget details do not add up to proposed 200
",Ashley.Taylor@emnrd.nm.gov,Ash Taylor,Noxious Weed Management Grant Reviewer,TRUE,2024-08-06T20:49:36Z,92,269,89.67,"A - Applicant gave a clear & concise description of the project, summarizing the,	Objectives, Methods, Timeline, and Partners. All Landowner permissions have already been obtained, OR, a reasonable plan was presented to obtain them  ",20,A - Response clearly and concisely conveyed why this project was needed in this grant cycle. No doubt remains. ,5,"B - Response gave a fairly clear, reasonably specific indication of the project’s benefit to residents of the impacted area. ",4,A - The project involves one or more partner organizations. The benefit of these partnerships has been clearly explained in terms of project outcomes and success.  ,5,"A - The proposed work is clearly part of, or the start of, a broader comprehensive effort towards noxious weed management.  The proposed activities are clearly informed by past experience, even if this experience derives from outside the applicant organization or entity. ",5,A ,20,10% Match Provided.  OR | partial match provided AND a compelling reason is given explaining extenuating circumstances. | ,10,A  ,30,Yes - Full Funding ,No ,"The detail in the timeline and project summary indicate the project has good potential, even though it will need to continue past June 2025. Very solid application. ",(blank),mpurdy@nmda.nmsu.edu,Michael Purdy,(blank),TRUE,2024-08-08T23:24:52Z,99,"B- Description was mostly clear, but some required information (See list above) was omitted or could be more specific. Some Landowner permissions have already been obtained AND/OR a reasonable plan was presented to obtain them. ",15,A - Response clearly and concisely conveyed why this project was needed in this grant cycle. No doubt remains. ,5,A - Response clearly explained specific and significant benefits to the residents of the impacted area.  ,5,A - The project involves one or more partner organizations. The benefit of these partnerships has been clearly explained in terms of project outcomes and success.  ,5,"A - The proposed work is clearly part of, or the start of, a broader comprehensive effort towards noxious weed management.  The proposed activities are clearly informed by past experience, even if this experience derives from outside the applicant organization or entity. ",5,B ,15,No match provided. AND Compelling reason given explaining extenuating circumstances. ,5,B ,23,Yes - Partial Funding ,Yes ,"• Multi-faceted project with complete weeds program (education, mapping, treatment via cost-share or contractor, remediation)
• Strong justification: Very clear need and economic impact","• Some information in the summary is a little unclear without further explanation (how different mapping systems work together, would treatment/timing of thistle/cocklebur be same as rue?)
• Spiney cocklebur and bull thistle listed but not discussed further in application
• Some parts of timeline could have been clearer (i.e. how many trainings & when) and more chronological
• Match was given partial score-- most items were already covered by NMDA funding (through WQ&C grant) or were basic operational costs for SWCD (internet, computer); this seemed to leave it below 10%",mhenkels@nmda.nmsu.edu,Max Henkels,(blank),TRUE,2024-08-08T15:29:40Z,78,mhenkels@nmda.nmsu.edu,Max Henkels,(blank),TRUE,2024-07-31T03:34:44Z,1,1,1,dburruss@nmda.nmsu.edu,Dylan Burruss,NMDA-APR,FALSE,acolin@nmda.nmsu.edu,Anthony Colin,NMDA-APR,FALSE,"Questionable Expenses-- to be discussed:
o Treatments: $400/acre-- is total cost $800/acre? Is cost/acre same for herbicide cost-share as for commercial applicators?  This is probably fine, but could use clarification.
o Staff hours
o Office equipment: Laptop, Internet service. Are these operational items appropriate for grant funding?
o Non-durable goods-- price is per acre-- is this a service or a good?  Does this cover 50% of total?
o Rental equipment: do this pay Border SWCD for use of own rental equipment?  Should be clarified.",(blank),(blank)
darien@taoslandtrust.org,Darien,Fernandez,575-751-3138,(blank),PO Box 376,(blank),Taos,New Mexico,NM,(blank),87571,US,NMDA's Noxious Weed Management Grant,47112846,In-Progress,2024-07-30T11:52:18MDT,FALSE,e12456d6-1bd8-47e5-b423-0ce8faf641a2,https://grants.nmda.nmsu.edu/submissions/47112846,"Integrated Weed Managemen
Class C
Survey and Mapping
Class B
Private Lands
Planning, Capacity Develo
Education and Outreach
Class A
Local Governmental Lands
Early Detection & Rapid R
",(blank),"Dylan Burruss
Max Henkels
Anthony Colin",(blank),(blank),274,68.5,Scoring,,23 277 588,https://grants.nmda.nmsu.edu/file/download/ee9c63b5-e0d4-4741-a6e2-6edfd849121c,(blank),,15,Nonprofit or other Non-Governmental Organization with proven land management capacity ,(blank),85-0373099,Taos Land Trust,PO Box 376,(blank),Taos,NM,87 571,501(c)(3) Public Charity,A public charity (50% deductibility limitation).,Section 509(a)(1) organization as referred to in Section 170(b)(1)(A)(vi),,2023-12-12T00:00:00,2023-12-11T00:00:00,2023-12-18T00:00:00,This organization was not included in the Office of Foreign Assets Control Specially Designated Nationals(SDN) list.,"('1990',)/('11',)",(blank),Taos Land Trust,Darien,Fernandez,darien@taoslandtrust.org,15 757 513 138,"410 La Posta Road
Taos, NM 87571",No ,PO Box 376,(blank),Taos,NM,US,87 571,-105.56998,36.38877,Rio Fernando Park and Vigil y Romo Acequia Invasive Species Mitigation,"Survey and Mapping Early Detection & Rapid Response (EDRR) Integrated Weed Management (On-the-Ground Treatments) Education and Outreach Planning, Capacity Development, and Partnership Building ",45,45,45,"Taos Land Trust owns and maintains for public use a 20 acre park in Taos, adjacent to a 20 acre Taos municipal open space. We are active parciantes on the Vigil y Romo Acequia, which includes the Town of Taos and adjacent property owners of 5 additional acres in the project area. We will map, immediately address, and treat Class A, Class B, and Class C species that are prevalent on our property and adjacent sites for a total project area of 45 acres. We have begun mapping for Class A, Class B , and Class C species with a seasonal youth crew, and will augment that with mapping using staff time and GPS. For each species, we will identify two 30m X 30m plots with 3m X 3m subplots to monitor pre-and-post treatment inventory. Treatment methods include physical, mechanical, cultural, fire with individual blow torch applications, and chemical with high strength vinegar application. Commercial pesticides will not be used because we will be treating in an 8 acre wetlands area and 20 acres of the site is under a conservation easement. We will host public workshops to share our treatment results. For Siberian elm and Russian olive trees >10 inches, we will mill suitable material for use on the property, as a means to demonstrate possible commercial and artisanal uses for these woods. Work will take place between September 2024 and June 2025. Partners include the Town of Taos, Taos Land Trust, and the Vigil y Romo Acequia commission.",Class A Class B Class C ,Canada thistle (Cirsium arvense) Hoary cress (Cardaria spp.) Scotch thistle (Onopordum acanthium) ,Perennial pepperweed (Lepidium latifolium) Teasel (Dipsacus fullonum) ,Musk thistle (Carduus nutans) Russian olive (Elaeagnus angustifolia) Siberian elm (Ulmus pumila) ,(blank),"Vigil_y_Romo_map_1.pdf
Workplan_2_-_Map.pdf",Private Lands Local Governmental Lands ,(blank),We have all of the necessary permissions ,"Taos Land Trust owns 20 acres of property that will be treated. Vigil y Romo Acequia bylaws allow for access to property for acequia cleaning, which will include invasives treatment along the acequia corridor and along the Rio Fernando and we have the support of the Acequia Commission to pursue this grant. Additionally, we have an active formal partnership with the Town of Taos and Vigil y Romo Acequia commission for work to be done under a NMDA Healthy Soils Grant.",(blank),(blank),"This project is a component of a long-term collaborative effort to restore the Rio Fernando watershed that includes the subject properties. Additionally, Taos Land Trust supports initiatives to revitalize local agriculture, and the treatment methods we study and use are shared with farmers and ranchers, to inform their land management practices. The subject properties are similar in soil composition and invasive plant inventory to many properties in Taos County and northern New Mexico that are at risk of reduced biodiversity and soil health caused by Class A, B, and C invasive species. The work we do will improve the health of the land and watershed and serve as a showcase project for integrated invasive species treatment methods.","The Taos Land Trust Rio Fernando Park and Town of Taos municipal park and open space are enjoyed by community members and visitors of all ages. Numerous special interest participants such as bird watchers also frequent the sites. Work to remove invasive species in these areas will provide an enhanced visitor experience for residents and tourists, contributing to an improved quality of life for residents and increased tax revenues from tourists spending more time in Taos. Treatment of invasive species will help to restore the native flora and fauna of the area. Additionally, the methods we study and employ are shared with the community, so that other landowners can apply effective treatments to their lands, including agricultural lands in production and at risk of invasive monocropping. This supports our community's agricultural heritage and provides an opportunity for farm-based economic diversification.","Town of Taos staff will ensure site access on their 20 acres of the project area, and support with up to 80 hours of staff time in removing invasives from the Vigil y Romo Acequia, Rio Fernando, and associated laterals. Vigil y Romo Acequia Commission will commit 80 hours of volunteer time to invasive species removal on the associated properties. Rio Fernando de Taos Revitalization Collaborative will commit 80 hours of volunteer time. Taos County Cooperative Weed Management Association will assist in promoting the workshops. These volunteer hours and networking efforts will supplement Taos Land Trust staff time, allowing us to focus on managing, coordinating, and implementing the treatment methods and data collection within the expected project timeline of September 2024-June 2025.",This project expands on work under a current NMDA Healthy Soils grant. The data collected will inform current and future best practices.,September 2024.,"September 2024 - GPS mapping and control/test plot layout; EDRR for Class A species.
October 2024 - Physical, mechanical, chemical treatments; data collection
November 2024 - Physical, mechanical, chemical treatments; data collection
December 2024 - Community workshop; project planning for spring season
January 2025 - Project planning for spring season
February 2025 - Project planning and materials acquisition for spring season
March 2025 - Physical, mechanical, chemical treatments; data collection; acequia cleaning
April 2025 - Physical, mechanical, chemical treatments; data collection; acequia cleaning; cover crop planting
May 2025 - Physical, mechanical, chemical treatments; data collection; acequia cleaning; cover crop planting
June 2025 - Physical, mechanical, chemical treatments; data collection; acequia cleaning; cover crop planting; project closeout; Community workshop.","We will continue to monitor test and control plots with our seasonal New Mexico Youth Conservation Corps crew, and oversight from staff. Data will be updated on our website so public can access it. We also will update plot and mapping information on Google Earht Pro and ArcGIS.",(blank),Yes ,(blank),Yes ,(blank),noxious-weed-management-grant-budget-template_1.xlsx,59 950,10 037.6,"Yes. we would reduce the acres to be treated, and the subsequent staff time involved.
","TOT_Letter_of_Support_for_Invasives_Project.pdf
P1110147-2.jpg
IMG_1243.jpeg",checked,checked,checked,checked,checked,Darien Fernandez,"A - Applicant gave a clear & concise description of the project, summarizing the,	Objectives, Methods, Timeline, and Partners. All Landowner permissions have already been obtained, OR, a reasonable plan was presented to obtain them  ",20,"C - Response demonstrated some need, but at a superficial level with missing details. ",3,"B - Response gave a fairly clear, reasonably specific indication of the project’s benefit to residents of the impacted area. ",4,A - The project involves one or more partner organizations. The benefit of these partnerships has been clearly explained in terms of project outcomes and success.  ,5,"A - The proposed work is clearly part of, or the start of, a broader comprehensive effort towards noxious weed management.  The proposed activities are clearly informed by past experience, even if this experience derives from outside the applicant organization or entity. ",5,A ,20,10% Match Provided.  OR | partial match provided AND a compelling reason is given explaining extenuating circumstances. | ,10,B ,23,Yes - Partial Funding ,No ,"Organized, collaborative, and builds upon existing work",Additional information on the specific factors that motivate and justify your efforts in this specific area.,dburruss@nmda.nmsu.edu,Dylan Burruss,NMDA-APR,TRUE,2024-08-01T22:50:04Z,90,273,91,"A - Applicant gave a clear & concise description of the project, summarizing the,	Objectives, Methods, Timeline, and Partners. All Landowner permissions have already been obtained, OR, a reasonable plan was presented to obtain them  ",20,B - Response gave a fairly clear indication that there is a need for the project as proposed.  ,4,A - Response clearly explained specific and significant benefits to the residents of the impacted area.  ,5,A - The project involves one or more partner organizations. The benefit of these partnerships has been clearly explained in terms of project outcomes and success.  ,5,"C - The proposed work appears to be a continuation or initialization of noxious weed management efforts, but more detail may be needed to clarify this point.  The applicant does not indicate any past experience informing their proposed work.  ",3,B ,15,10% Match Provided.  OR | partial match provided AND a compelling reason is given explaining extenuating circumstances. | ,10,B ,23,Yes - Partial Funding ,Yes ,"• Strong community involvement, public education, and citizen science components
• Project build on existing local partnerships
• Experiment with different treatment methods can build knowledge for local residents
• Very detailed and clear budget","• Unclear what the current status of weed infestations are on the specific lands or if there has been previous noxious weed work
• Timeline is pretty complete but could be more specific about what species would be treated at what times for reviewer to evaluate plan effectiveness
• Which treatments will be used for which species?
• Some activities (ditch cleaning & cover cropping) need to be better explained/connected to noxious weeds to justify budget item",mhenkels@nmda.nmsu.edu,Max Henkels,(blank),TRUE,2024-08-07T22:55:39Z,85,"A - Applicant gave a clear & concise description of the project, summarizing the,	Objectives, Methods, Timeline, and Partners. All Landowner permissions have already been obtained, OR, a reasonable plan was presented to obtain them  ",20,A - Response clearly and concisely conveyed why this project was needed in this grant cycle. No doubt remains. ,5,A - Response clearly explained specific and significant benefits to the residents of the impacted area.  ,5,A - The project involves one or more partner organizations. The benefit of these partnerships has been clearly explained in terms of project outcomes and success.  ,5,"C - The proposed work appears to be a continuation or initialization of noxious weed management efforts, but more detail may be needed to clarify this point.  The applicant does not indicate any past experience informing their proposed work.  ",3,A ,20,10% Match Provided.  OR | partial match provided AND a compelling reason is given explaining extenuating circumstances. | ,10,A  ,30,Yes - Partial Funding ,Yes ,"Great presentation of the importance of the work, and the coalition of partners that have gone into planning this project! Very neatly contained and explained project.","It is the only small detractor to this application, that these efforts were not clearly tied to a broader noxious weed control effort. Very small point loss, and easily corrected in the future as the successes of this grant and partner organizations become clearer!",acolin@nmda.nmsu.edu,Anthony Colin,NMDA-APR,TRUE,2024-08-08T19:22:39Z,98,mhenkels@nmda.nmsu.edu,Max Henkels,(blank),TRUE,2024-07-31T03:31:37Z,1,1,1,acolin@nmda.nmsu.edu,Anthony Colin,NMDA-APR,FALSE,dburruss@nmda.nmsu.edu,Dylan Burruss,NMDA-APR,FALSE,Need to have a discussion about whether it is appropriate to fund post-treatment restoration activities (cover crop planting here). ,"The 'planning' budget line items are >12,000","Remove staff time for acequia cleaning
Is cover crop implementation cost paying for labor to implement HSP project?
Discuss if other staff time is excessive"
demingswcd@yahoo.com,Cindy,Zumwalt,575-494-3980,(blank),405 E. FLORIDA STREET,Suite B,DEMING,New Mexico,NM,(blank),88030,US,NMDA's Noxious Weed Management Grant,47107498,In-Progress,2024-07-29T17:40:57MDT,FALSE,9a6b60c8-2b1e-4c5e-8e69-36a5abb7da7b,https://grants.nmda.nmsu.edu/submissions/47107498,"Integrated Weed Managemen
Class C
Federal Lands
Class B
Private Lands
State Lands
Local Governmental Lands
",(blank),"Dylan Burruss
Ash Taylor
Anthony Colin",(blank),(blank),245,61.25,Scoring,,1 155 742,https://grants.nmda.nmsu.edu/file/download/ee9c63b5-e0d4-4741-a6e2-6edfd849121c,(blank),,8,Soil and Water Conservation District  ,(blank),(blank),(blank),(blank),(blank),(blank),(blank),,(blank),(blank),(blank),,(blank),(blank),(blank),(blank),(blank),(blank),Deming Soil & Water Conservation District,Amanda,Patterson,demingswcd@yahoo.com,15 755 445 953,"405 E Florida St
Deming, NM 88030",Yes ,(blank),(blank),(blank),(blank),(blank),,(blank),(blank),Luna County Intergrated Weed Management,Integrated Weed Management (On-the-Ground Treatments) ,,,350,"Luna County and the Deming Soil and Water Conservation District are concerned with the current infestations of African Rue, Malta Starthistle, Russian Knapweed, and Saltcedar within our county. These noxious and invasive plants reduce the agricultural, economical, and recreational value of the land.   Private landowners, public land users, and local governments and organizations must work together to implement this plan.

In order to achieve our goals, we will be utilizing an experienced contractor to treat these noxious species on public and private land.  Areas of high use will be targeted to reduce the spread of these plants from high volume vehicle and foot traffic.  There will be a strong focus on the treatment of roadways, right of ways, and public areas.  We will be monitoring the acres treated by evaluating current and past treatment areas and identifying areas of infestation that will require future herbicidal applications.

Our goal is to treat the noxious vegetation with herbicides on approximately 350 acres of private and public lands for the period of 9/24 – 11/25.  We will be monitoring these areas for re-infestation and treatment success. Documentation of methods and specific herbicides utilized are required of any contractor or individual who is applying the chemical treatment.  Specific location data (GPS coordinates) will also be required which will enable us to track areas of treatment and possible future reapplication.  Photos of these locations will be taken before and after chemical application to ensure that treatment efforts have been successful.
",Class B Class C ,(blank),African rue (Peganum harmala) Malta starthistle (Centaurea melitensis) ,Russian knapweed (Acroptilon repans) Saltcedar (Tamarix spp.) ,(blank),20170419_DemingSWCD_BoundaryMap.pdf,Private Lands Local Governmental Lands State Lands Federal Lands ,(blank),We have all of the necessary permissions ,"We have written permission from BLM, Luna County, and the City of Deming.  Private landowners contact us and give their verbal permission.",(blank),(blank),"Luna County has noxious and invasive plant infestations including African Rue, Malta Starthistle, Russian Knapweed, and Saltcedar that are adversely affecting the agricultural and recreational use of the land.  They are damaging the native plant population that is essential for wildlife habitat, watershed function, recreation, and livestock health. Human population growth is on the rise and it is substantially increasing the spread of these noxious plants.  The prolific and drought resistant nature of these plants allows them to spread rapidly and create dense plant populations that can cause a significant wildfire hazard during dry seasons. The cost of fighting these fires is substantial, as is the damage to native plant populations, wildlife habitats, valuable farm crops, residences, and businesses.  These invasive plants out-compete our native plant species for nutrients, sunlight, space, and water. Infestations need to be addressed immediately to prevent further and more permanent degradation of our lands.  

"," It can increase the value of private, BLM, state, and forest lands by making them more usable for wildlife, livestock, crops, and recreation. It eases the public tax burden by reducing wildfire risk.  The prolific and drought resistant nature of these plants causes them to spread rapidly and create dense plant populations that cause a significant wildfire hazard during dry seasons.  Eliminating noxious weeds allows native forage to thrive which is beneficial to both livestock and wildlife.  Ranchers benefit from eliminating noxious plants on their private and leased lands by increasing native feeds necessary to provide optimal nutrition to their livestock.   The crops grown by our district’s farmers will receive vital nutrients from soil that is free of noxious weeds.   Recreational activities will reap the benefits of healthier habitats for the wildlife in our area which boosts the local economy by creating jobs and increasing the revenue of local businesses. ",".  Private landowners, public land users, and local governments and organizations must work together to implement this plan.  We will work closely with the Luna County Cooperative Extension Service, Luna County, the City of Deming, and the BLM.

",Deming SWCD and the Luna County CES implemented a noxious weed control program in 2015.   This additional funding will increase our coverage area.,Sep-24,"According to field research done by New Mexico State University, the most effective treatment and control of African Rue is with foliar active herbicides that can move deep into the plant’s elaborate root system.  While this method is the most effective, it can take up to a year for a plant to die.  Applying the herbicide in the spring and in the fall when the plant is in its growth stages is essential.  Herbicidal treatments have also proven effective for Malta Starthistle, Russian Knapweed, and Saltcedar and it allows for the largest coverage area while remaining cost efficient.

Deming Soil and Water Conservation District will provide a contractor to spray in early spring and late fall.  This contractor will be available to private landowners and public entities.  The contractor will be directed by and work closely with the Luna County Extension Service agent.  The contractor will be providing GPS coordinates of the areas treated to provide the most accurate representation of total acreage covered.  The documented areas of coverage will be assessed after each application to ensure that the treatment is effective.  


Contractor to spray noxious weeds - 50 acres	beginning October 2024 through November 2024
Contractor to spray noxious weeds - 200 acres beginning April 2025 through June 2025
Contractor to spray noxious weeds - 100 acres	beginning September 2025 through November 2025

",All areas that are treated will be monitored by Luna County Extension Services to ensure that reinfestations are addressed.  Pre-treatment and post-treatment pictures will be taken.  Participants are also asked to report on the success of the treatment and any reinfestations that might occur.,(blank),No ,"The most beneficial time to spray noxious weeds is in spring and fall, therefore we would like to spray in the fall of 2025.",No ,"We are a non-profit organization, therefore all work must be funded through grants.",NMDA_Noxious_Weed_Grant_Proposal_Budget_2024.xlsx,55 125,0,"Yes, we would spray fewer acres if we did not receive full funding.",NMDA_Noxious_Weed_Management_Grant_Application_2024.pdf,checked,checked,checked,checked,checked,Amanda Patterson,"A - Applicant gave a clear & concise description of the project, summarizing the,	Objectives, Methods, Timeline, and Partners. All Landowner permissions have already been obtained, OR, a reasonable plan was presented to obtain them  ",20,B - Response gave a fairly clear indication that there is a need for the project as proposed.  ,4,"C - Response indicated benefits to residents of the impacted area, but could have been more compelling or specific. ",3,"B - The project involves one or more partners, but the extent and benefit of these partnerships could be clearer. ",4,"A - The proposed work is clearly part of, or the start of, a broader comprehensive effort towards noxious weed management.  The proposed activities are clearly informed by past experience, even if this experience derives from outside the applicant organization or entity. ",5,B ,15,No match provided. AND No (or insufficient) explanation provided. ,0,B ,23,Yes - Partial Funding ,Yes ,"For the requested amount of funding, this is a very ambitious project! Lots of interesting information as well about the specific issues each species presents. ","A few smaller criticisms of this application could be distilled into the single criticism, that there are points where this application shies away from providing specific detail about the specific project. The project map, for example, is the entire Deming SWCD boundary, but one assumes that there's a specific 350 acres of project area in mind. And if there isn't a specific area in mind, but some sort of process for identifying where the contractor will be applied, then that process should be described. Similarly, the need and benefits are well written, but are described in very general terms. They didn't appear to reference a specific tract of land with a specific set of residents in mind. Many grants are reviewed by technical experts, and so while the background information about the species themselves is appreciated, it is often less functionally important than background information about the project itself. The connection to broader science and need is definitely important for selling the project, but the most important thing is for reviewers to understand and buy in to the project. 

Lastly, Deming SWCD is not a non-profit organization. It's is a governmental subdivision of the state (NMSA 73-20-44). Local governments, state governments, and even non-profits regularly find match to make grant applications more competitive so they can receive grant money. If the district doesn't have funds, for lack of grants or a mill levy or tax base (human population is not growing in Luna county), then that is entirely valid and can/should be explained. ",acolin@nmda.nmsu.edu,Anthony Colin,NMDA-APR,TRUE,2024-08-08T21:37:08Z,74,244,81.33,"B- Description was mostly clear, but some required information (See list above) was omitted or could be more specific. Some Landowner permissions have already been obtained AND/OR a reasonable plan was presented to obtain them. ",15,A - Response clearly and concisely conveyed why this project was needed in this grant cycle. No doubt remains. ,5,A - Response clearly explained specific and significant benefits to the residents of the impacted area.  ,5,"B - The project involves one or more partners, but the extent and benefit of these partnerships could be clearer. ",4,"C - The proposed work appears to be a continuation or initialization of noxious weed management efforts, but more detail may be needed to clarify this point.  The applicant does not indicate any past experience informing their proposed work.  ",3,A ,20,No match provided. AND No (or insufficient) explanation provided. ,0,B ,23,Yes - Partial Funding ,No ,"Targets a large area, is collaborative, and builds upon existing efforts",Needs detail on how areas will be selected for treatment and how partnerships enhance project,dburruss@nmda.nmsu.edu,Dylan Burruss,NMDA-APR,TRUE,2024-08-01T22:49:15Z,75,"A - Applicant gave a clear & concise description of the project, summarizing the,	Objectives, Methods, Timeline, and Partners. All Landowner permissions have already been obtained, OR, a reasonable plan was presented to obtain them  ",20,A - Response clearly and concisely conveyed why this project was needed in this grant cycle. No doubt remains. ,5,A - Response clearly explained specific and significant benefits to the residents of the impacted area.  ,5,A - The project involves one or more partner organizations. The benefit of these partnerships has been clearly explained in terms of project outcomes and success.  ,5,"A - The proposed work is clearly part of, or the start of, a broader comprehensive effort towards noxious weed management.  The proposed activities are clearly informed by past experience, even if this experience derives from outside the applicant organization or entity. ",5,A ,20,No match provided. AND Compelling reason given explaining extenuating circumstances. ,5,A  ,30,Yes - Full Funding ,No ,Number of acres treated and building off of an existing program. Detail and effort put into application. The amount of partners and landowners benedfitted.,"no EDRR or Class A species
Anticipated to be done after fiscal year
map doesnt show locations of known proposed treatments just the SWCD boundary",Ashley.Taylor@emnrd.nm.gov,Ash Taylor,Noxious Weed Management Grant Reviewer,TRUE,2024-08-06T20:49:03Z,95,acolin@nmda.nmsu.edu,Anthony Colin,NMDA-APR,TRUE,2024-07-30T22:50:58Z,1,1,1,mhenkels@nmda.nmsu.edu,Max Henkels,(blank),FALSE,dburruss@nmda.nmsu.edu,Dylan Burruss,NMDA-APR,FALSE,(blank),"If necessary, I would propose this application be a runner up for no reason other than the fact that it is generally unspecific. ",It's not clear how / where treatment will occur and no matching fund are provided. Consider reducing funds if funded.
