Submitter Email (Submitter Information),Submitter First Name (Submitter Information),Submitter Last Name (Submitter Information),Submitter Phone (Submitter Information),Submitter Cellphone (Submitter Information),Submitter Address 1 (Submitter Information),Submitter Address 2 (Submitter Information),Submitter City (Submitter Information),Submitter State (Submitter Information),Submitter State Code (Submitter Information),Submitter Region (Submitter Information),Submitter Zipcode (Submitter Information),Submitter Country (Submitter Information),Form Name (Form Attributes),Submission Id (Form Attributes),Status (Form Attributes),date,Archived (Form Attributes),sub_id,Submission URL (Form Attributes),Labels (Form Attributes),Affiliate Id (Form Attributes),Assigned To (Form Attributes),Organization Name (Form Attributes),Organization ID Number (Form Attributes),tot_rev_score,avg_rev_score,rev_stage,Gallery Votes (Form Attributes),Total File Size (Form Attributes),File URL (Form Attributes),Submission Notes (Form Attributes),Payment (Form Attributes),Title (FY26 NMDA's Noxious Weed Management Grant),This application is being submitted on behalf of a... (FY26 NMDA's Noxious Weed Management Grant),What entity will serve as administrative and fiscal agent for the Cooperative Weed Management Area for the administration of this grant? (FY26 NMDA's Noxious Weed Management Grant),Enter your organization's Employer Identification Number (EIN): EIN (FY26 NMDA's Noxious Weed Management Grant),Enter your organization's Employer Identification Number (EIN): Organization Name (FY26 NMDA's Noxious Weed Management Grant),Enter your organization's Employer Identification Number (EIN): Address (FY26 NMDA's Noxious Weed Management Grant),Enter your organization's Employer Identification Number (EIN): Address Line 2 (FY26 NMDA's Noxious Weed Management Grant),Enter your organization's Employer Identification Number (EIN): City (FY26 NMDA's Noxious Weed Management Grant),Enter your organization's Employer Identification Number (EIN): State (FY26 NMDA's Noxious Weed Management Grant),Enter your organization's Employer Identification Number (EIN): Zip Code (FY26 NMDA's Noxious Weed Management Grant),Enter your organization's Employer Identification Number (EIN): Subsection Description (FY26 NMDA's Noxious Weed Management Grant),Enter your organization's Employer Identification Number (EIN): Deductibility Status (FY26 NMDA's Noxious Weed Management Grant),Enter your organization's Employer Identification Number (EIN): Reason for Non-Private Foundation Status (FY26 NMDA's Noxious Weed Management Grant),Enter your organization's Employer Identification Number (EIN): Pub78 Verified (FY26 NMDA's Noxious Weed Management Grant),Enter your organization's Employer Identification Number (EIN): Most Recent IRS Pub78 (FY26 NMDA's Noxious Weed Management Grant),Enter your organization's Employer Identification Number (EIN): Most Recent IRS BMF (FY26 NMDA's Noxious Weed Management Grant),Enter your organization's Employer Identification Number (EIN): Most Recent IRB (FY26 NMDA's Noxious Weed Management Grant),Enter your organization's Employer Identification Number (EIN): OFAC Status (FY26 NMDA's Noxious Weed Management Grant),Enter your organization's Employer Identification Number (EIN): Ruling Date (FY26 NMDA's Noxious Weed Management Grant),Explain how the entity you represent has proven land management capacity. (FY26 NMDA's Noxious Weed Management Grant),name,"Primary point of contact (This is who NMDA will contact about invoices, questions, and other immediate concerns.): First Name (FY26 NMDA's Noxious Weed Management Grant)","Primary point of contact (This is who NMDA will contact about invoices, questions, and other immediate concerns.): Last Name (FY26 NMDA's Noxious Weed Management Grant)",Primary point of contact email address (FY26 NMDA's Noxious Weed Management Grant),Primary point of contact phone number (FY26 NMDA's Noxious Weed Management Grant),What is the physical address of your organization or entity? (FY26 NMDA's Noxious Weed Management Grant),Is this physical address the same as your organization or entity's mailing address? (FY26 NMDA's Noxious Weed Management Grant),Mailing Address: Address 1 (FY26 NMDA's Noxious Weed Management Grant),Mailing Address: Address 2 (FY26 NMDA's Noxious Weed Management Grant),Mailing Address: City (FY26 NMDA's Noxious Weed Management Grant),Mailing Address: Region (FY26 NMDA's Noxious Weed Management Grant),Mailing Address: Country (FY26 NMDA's Noxious Weed Management Grant),Mailing Address: Postal Code (FY26 NMDA's Noxious Weed Management Grant),Mailing Address: Longitude (FY26 NMDA's Noxious Weed Management Grant),Mailing Address: Latitude (FY26 NMDA's Noxious Weed Management Grant),Is your organization or entity applying in this fiscal year to receive any other NMDA grants?  (FY26 NMDA's Noxious Weed Management Grant),"List below the other NMDA grants that your organization or entity has applied for, or are planning to apply for, in this fiscal year. (FY26 NMDA's Noxious Weed Management Grant)",List below the other NMDA grants that your organization or entity is considering applying for. (FY26 NMDA's Noxious Weed Management Grant),title,Which of the following activities do you propose with your project? (Check all that apply) (FY26 NMDA's Noxious Weed Management Grant),acres_map,acres_edrr,acres_trt,summary,Provide your full length Project Summary (FY26 NMDA's Noxious Weed Management Grant),"Which class(es) of Noxious Weeds does your project treat, map, or address?  (FY26 NMDA's Noxious Weed Management Grant)","Select the Class A species your project treats, maps, or addresses. (FY26 NMDA's Noxious Weed Management Grant)","Select the Class B species your project treats, maps, or addresses. (FY26 NMDA's Noxious Weed Management Grant)","Select the Class C species your project treats, maps, or addresses. (FY26 NMDA's Noxious Weed Management Grant)","Select the Watchlist species your project treats, maps, or addresses. (FY26 NMDA's Noxious Weed Management Grant)",Upload at least one (1) map of the project area  (FY26 NMDA's Noxious Weed Management Grant),On what landownership types will the project occur?  (FY26 NMDA's Noxious Weed Management Grant),Explain the other landownership that exists where your project will occur. (FY26 NMDA's Noxious Weed Management Grant),How many acres of your project will occur on private lands? (FY26 NMDA's Noxious Weed Management Grant),How many acres of your project will occur on local governmental lands? (FY26 NMDA's Noxious Weed Management Grant),How many acres of your project will occur on state lands? (FY26 NMDA's Noxious Weed Management Grant),How many acres of your project will occur on federal lands? (FY26 NMDA's Noxious Weed Management Grant),"How many acres of your project will occur on tribe, nation, or pueblo lands? (FY26 NMDA's Noxious Weed Management Grant)",How many acres of your project will occur on lands of other landownership? (FY26 NMDA's Noxious Weed Management Grant),Does your organization or entity currently have all the necessary landowner permissions to implement the project? (FY26 NMDA's Noxious Weed Management Grant),"Explain what landowner permissions you have obtained, and what form they are in (written applications, MOUs, JPAs, verbal agreements, etc.). (FY26 NMDA's Noxious Weed Management Grant)",Explain your plans to obtain the remaining necessary landowner permissions before implementing your project. In what form will permission be collected?   (FY26 NMDA's Noxious Weed Management Grant),"Explain your plans to obtain the necessary landowner permissions before implementing your project. In what form will permission be collected (written applications, MOUs, JPAs, verbal agreements, etc.)? (FY26 NMDA's Noxious Weed Management Grant)",What is the need for this project? (FY26 NMDA's Noxious Weed Management Grant),What economic or environmental benefits would this project have for the residents of the impacted area? (FY26 NMDA's Noxious Weed Management Grant),How does this project build on previous and current projects? (FY26 NMDA's Noxious Weed Management Grant),"If applicable, with which partners will your organization or entity work to complete this project, and how specifically will that partnership enhance the project? (FY26 NMDA's Noxious Weed Management Grant)",What is the earliest date you will be ready to begin project activities? (FY26 NMDA's Noxious Weed Management Grant),"Provide a comprehensive timeline of project activities. Ensure that all of the activity types (Surveying and Mapping, EDRR, etc.) selected above are included here. (FY26 NMDA's Noxious Weed Management Grant)","If applicable, elaborate specifically on your plans for post-treatment monitoring (FY26 NMDA's Noxious Weed Management Grant)","OPTIONAL: If you would like to provide timeline information in a formatted Word or Excel document, you may upload it here. (FY26 NMDA's Noxious Weed Management Grant)",Is your entity providing a 10% match or greater for this project? (FY26 NMDA's Noxious Weed Management Grant),Does your budget include 25% match from private landowners for the work that will occur on their private lands? (FY26 NMDA's Noxious Weed Management Grant),Explain why your organization or entity will be unable to provide matching funds.  (FY26 NMDA's Noxious Weed Management Grant),Upload your completed Budget template. (FY26 NMDA's Noxious Weed Management Grant),amount_req,amount_match,amount_fed,Could your organization or entity effectively scale down this project if only partial funding were awarded?  How so? (FY26 NMDA's Noxious Weed Management Grant),"OPTIONAL: Upload additional files that support your application materials, including photos or letters of support. (FY26 NMDA's Noxious Weed Management Grant)",You are authorized to submit this application on behalf of the specified organization or entity. (FY26 NMDA's Noxious Weed Management Grant),"You, the applicant, consent to providing the New Mexico Department of Agriculture with any and all noxious weed mapping data generated over the course of this project through the EDDMapS Platform.  (FY26 NMDA's Noxious Weed Management Grant)",You understand and accept that reimbursement for project activities is contingent on timely submission of mapping and reporting data. (FY26 NMDA's Noxious Weed Management Grant),"You grant permission for the New Mexico Department of Agriculture to publish certain materials related to your project (photos, videos, information, mapping data, etc.) to promote this grant program. (FY26 NMDA's Noxious Weed Management Grant)",All the information you have entered via this application is true and complete to the best of your knowledge. (FY26 NMDA's Noxious Weed Management Grant),E-Signature (legal name) (FY26 NMDA's Noxious Weed Management Grant),Review 1: Reviewer Email (Eligibility Check),Review 1: Reviewer Name (Eligibility Check),Review 1: Reviewer Title (Eligibility Check),Review 1: Is Review Finalized (Eligibility Check),Review 1: Review Last Updated (Eligibility Check),Review 1: Review Vote (Eligibility Check),Review: Total Review Score (Eligibility Check),Review: Average Review Score (Eligibility Check),Review 1: Project Title and Summary - 20 Points (Scoring),Review 1: Project Title and Summary - 20 Points: Score (Scoring),Review 1: Project Need - (5 Points) (Scoring),Review 1: Project Need - (5 Points): Score (Scoring),Review 1: Project Benefit - (5 Points) (Scoring),Review 1: Project Benefit - (5 Points): Score (Scoring),Review 1: Partners - (5 Points) (Scoring),Review 1: Partners - (5 Points): Score (Scoring),Review 1: Build on Previous Projects - (5 Points) (Scoring),Review 1: Build on Previous Projects - (5 Points): Score (Scoring),Review 1: Project Timeline (Scoring),Review 1: Project Timeline: Score (Scoring),Review 1: Project Match (10 Points) (Scoring),Review 1: Project Match (10 Points): Score (Scoring),Review 1: Budget Template  (Scoring),Review 1: Budget Template : Score (Scoring),Review 1: Do you recommend that this project receives LOE grant funding? (See Rubric descriptions below (Scoring),Review 1: Do you feel it's necessary to discuss this application with other reviewers to explain your vote or clarify any concerns? (Scoring),"Review 1: What were the strongest aspects of this application? I.e. of the application's elements, what most made you want to recommend it for funding? (Scoring)","Review 1: What areas of the application could have been most improved? I.e. which elements of the application lowered your scoring, and how could they have been improved? (Scoring)",Review 1: Reviewer Email (Scoring),Review 1: Reviewer Name (Scoring),Review 1: Reviewer Title (Scoring),Review 1: Is Review Finalized (Scoring),Review 1: Review Last Updated (Scoring),Review 1: Review Vote (Scoring),Review: Total Review Score (Scoring),Review: Average Review Score (Scoring),Review 2: Project Title and Summary - 20 Points (Scoring),Review 2: Project Title and Summary - 20 Points: Score (Scoring),Review 2: Project Need - (5 Points) (Scoring),Review 2: Project Need - (5 Points): Score (Scoring),Review 2: Project Benefit - (5 Points) (Scoring),Review 2: Project Benefit - (5 Points): Score (Scoring),Review 2: Partners - (5 Points) (Scoring),Review 2: Partners - (5 Points): Score (Scoring),Review 2: Build on Previous Projects - (5 Points) (Scoring),Review 2: Build on Previous Projects - (5 Points): Score (Scoring),Review 2: Project Timeline (Scoring),Review 2: Project Timeline: Score (Scoring),Review 2: Project Match (10 Points) (Scoring),Review 2: Project Match (10 Points): Score (Scoring),Review 2: Budget Template  (Scoring),Review 2: Budget Template : Score (Scoring),Review 2: Do you recommend that this project receives LOE grant funding? (See Rubric descriptions below (Scoring),Review 2: Do you feel it's necessary to discuss this application with other reviewers to explain your vote or clarify any concerns? (Scoring),"Review 2: What were the strongest aspects of this application? I.e. of the application's elements, what most made you want to recommend it for funding? (Scoring)","Review 2: What areas of the application could have been most improved? I.e. which elements of the application lowered your scoring, and how could they have been improved? (Scoring)",Review 2: Reviewer Email (Scoring),Review 2: Reviewer Name (Scoring),Review 2: Reviewer Title (Scoring),Review 2: Is Review Finalized (Scoring),Review 2: Review Last Updated (Scoring),Review 2: Review Vote (Scoring),Review 3: Project Title and Summary - 20 Points (Scoring),Review 3: Project Title and Summary - 20 Points: Score (Scoring),Review 3: Project Need - (5 Points) (Scoring),Review 3: Project Need - (5 Points): Score (Scoring),Review 3: Project Benefit - (5 Points) (Scoring),Review 3: Project Benefit - (5 Points): Score (Scoring),Review 3: Partners - (5 Points) (Scoring),Review 3: Partners - (5 Points): Score (Scoring),Review 3: Build on Previous Projects - (5 Points) (Scoring),Review 3: Build on Previous Projects - (5 Points): Score (Scoring),Review 3: Project Timeline (Scoring),Review 3: Project Timeline: Score (Scoring),Review 3: Project Match (10 Points) (Scoring),Review 3: Project Match (10 Points): Score (Scoring),Review 3: Budget Template  (Scoring),Review 3: Budget Template : Score (Scoring),Review 3: Do you recommend that this project receives LOE grant funding? (See Rubric descriptions below (Scoring),Review 3: Do you feel it's necessary to discuss this application with other reviewers to explain your vote or clarify any concerns? (Scoring),"Review 3: What were the strongest aspects of this application? I.e. of the application's elements, what most made you want to recommend it for funding? (Scoring)","Review 3: What areas of the application could have been most improved? I.e. which elements of the application lowered your scoring, and how could they have been improved? (Scoring)",Review 3: Reviewer Email (Scoring),Review 3: Reviewer Name (Scoring),Review 3: Reviewer Title (Scoring),Review 3: Is Review Finalized (Scoring),Review 3: Review Last Updated (Scoring),Review 3: Review Vote (Scoring),Review 2: Reviewer Email (Eligibility Check),Review 2: Reviewer Name (Eligibility Check),Review 2: Reviewer Title (Eligibility Check),Review 2: Is Review Finalized (Eligibility Check),Review 2: Please provide specific budget items or activities that should not be funded or require adjustments (Scoring),Review 1: Please provide specific budget items or activities that should not be funded or require adjustments (Scoring),Review 3: Please provide specific budget items or activities that should not be funded or require adjustments (Scoring)
,,,,,,,,,,,,,,,,,,,,,,,,,4 588,1 145.5,,,78 635 430,,,,,,,,,,,,,,,,,,,,,,,,,,,,321 136 300 646,,,,,,,,,,,,,,,,41 217.5,4 207.5,14 651,,,,,,,,,,,8 326.8,1 312.5,2 806.99,11 607.67,54 137,,,,,,,,,,,,,,,,,,1 088 550.59,567 439.13,331 566,,,,,,,,,,,,,,16,16,16,,330,,81,,78,,80,,66,,300,,150,,428,,,,,,,,,,1 513,4 572,1 524,,325,,80,,82,,80,,68,,315,,140,,435,,,,,,,,,,1 525,,310,,79,,78,,82,,69,,300,,160,,456,,,,,,,,,,1 534,,,,,,,
coddingtontwinspringsranch@gmail.com,Coddington,Twin Springs Ranch,(blank),(blank),(blank),(blank),(blank),(blank),(blank),(blank),(blank),(blank),FY26 NMDA's Noxious Weed Management Grant,50188773,In-Progress,2025-04-05T03:58:38MDT,FALSE,6bc99220-f92e-43db-a9ed-49ed72b70c15,https://grants.nmda.nmsu.edu/submissions/50188773,"Integrated Weed Managemen
Class C
Class B
Private Lands
Planning, Capacity Develo
Education and Outreach
Class A
Early Detection & Rapid R
Surveying and Mapping
",(blank),Dylan Burruss,(blank),(blank),-1,-1,Eligibility Check,,561 714,https://grants.nmda.nmsu.edu/file/download/ee9c63b5-e0d4-4741-a6e2-6edfd849121c,(blank),,2,"Another entity not listed here, but with proven land management capacity ",(blank),(blank),(blank),(blank),(blank),(blank),(blank),(blank),(blank),(blank),(blank),,(blank),(blank),(blank),(blank),(blank),"The Coddington Twin Springs Ranch has been in our family since 1901 and was once an official post office when mail was delivered by horseback. Today, we manage the 640-acre property through sustainable grazing, mechanical and manual noxious weed control, and pasture restoration. We’ve invested in essential equipment and have successfully removed invasive species like bull thistle, musk thistle, and star thistle over several years. Our long-term commitment, consistent stewardship, and proactive community engagement demonstrate our proven capacity to implement and sustain effective land management practices.",Coddington Twin Springs Ranch,Tommy or Kristi,Coddington,coddingtontwinspringsranch@gmail.com,15 054 021 134,"4156 Forest Service Road 50, Ramah, NM 87005",No ,504 N Church St,(blank),Bloomfield,New Mexico,US,87413,-107.9922892,36.7160603,No ,(blank),(blank),Comprehensive Thistle Management Initiative at The Coddington Twin Springs Ranch,"Education and Outreach Early Detection & Rapid Response (EDRR) Surveying and Mapping Integrated Weed Management (On-the-Ground Treatments) Planning, Capacity Development, and Partnership Building ",180,640,180,"We seek support to manage invasive thistles impacting our grasslands through mechanical, chemical, and manual treatments, while also engaging neighboring landowners—many of whom are elderly or infirm—in outreach and education to promote long-term, community-based weed management.","For several years, we have been actively working to combat the infestation of noxious thistles, which continue to impact the health and productivity of our grasslands, which reduce forage for livestock and native wildlife. Several varieties of thistles have been identified on the property, including bull thistles, musk thistles, and star thistles. We have been working to eradicate thistles from our grassland for numerous years, but additional resources are now required to manage this invasive species more effectively. The objective is to restore the ecological balance and productive capacity of the Coddington Twin Springs Ranch through a combination of mechanical, chemical, and manual thistle management methods. An integral part of this effort includes community outreach and education, especially for neighboring elderly and infirm landowners who are less able to manage thistle outbreaks on their own.",Class A Class B Class C ,Purple starthistle (Centaurea calcitrapa) ,Bull thistle (Cirsium vulgare) ,Musk thistle (Carduus nutans) ,(blank),PLSS_Map_for_TSR_topo.pdf,Private Lands ,(blank),180,,,,,(blank),We have all of the necessary permissions ,"We are the owners of The Coddington Twin Springs Ranch, a private 640-acre property. As such, we do not require external landowner permissions. All activities outlined in the proposal will be conducted on our land with full authority.",(blank),(blank),"This project is needed to control the rapid spread of invasive thistle species—specifically bull, musk, and star thistles—which are reducing native plant diversity and forage availability on our ranch. Without intervention, these weeds will continue to threaten the ecological health and productivity of our grasslands, as well as neighboring properties. Additional resources are essential to implement effective, large-scale treatments and engage surrounding landowners in coordinated management and prevention efforts.","This project will improve forage availability for livestock and wildlife by restoring native grasslands, which supports local agricultural productivity and biodiversity. Reducing the spread of invasive thistles also decreases future treatment costs for neighboring landowners and protects the long-term health of shared rangelands.","This project builds on years of manual thistle removal by adding herbicide use, GPS mapping, and community outreach to expand impact and efficiency.","We will engage neighboring landowners—many of whom are elderly or infirm—as informal partners in this project. Through direct outreach and community workshops, we aim to increase awareness, share management strategies, and coordinate thistle removal efforts on adjacent properties. While we do not have formal agreements in place, our collaborative approach is rooted in mutual interest and long-standing relationships within the community. Additionally, we intend to utilize guidance from local agricultural extension resources when needed. These partnerships will enhance the project by expanding the treatment area beyond our own land, encouraging long-term weed management practices among neighbors, and promoting collective responsibility for preserving native grasslands. Supporting others who may not have the resources to act alone strengthens regional impact and reinforces the sustainability of our efforts. This cooperative model also fosters knowledge exchange and strengthens community resilience in managing invasive plant threats across private and public lands.",1-May-25,"Comprehensive Project Timeline: May – November 2025

May 2025: 

Project kickoff and initial team coordination

Conduct Surveying and Mapping using GPS tools to establish baseline infestation data

Begin Early Detection & Rapid Response (EDRR) to manually remove new or isolated thistle patches

Host Community Workshop #1 to educate neighbors and introduce project goals

June – July 2025: 

Implement Integrated Weed Management through targeted herbicide application in high-density areas

Continue EDRR for any new thistle emergence

Begin mechanical and manual removal on accessible acreage

Conduct outreach to neighboring landowners using UTV

August 2025: 

Host Community Workshop #2 with updated mapping data and treatment strategies

Continue weed management treatments and monitoring

September – October 2025: 

Ongoing Surveying and Mapping to track treatment effectiveness

Maintain EDRR response and community support

Begin drafting long-term management and Planning & Capacity Development guide

November 2025: 

Final treatments and monitoring

Host Community Workshop #3 to share results and sustainability strategies

Submit final project report and maps","Post-treatment monitoring will include repeated GPS-based mapping to compare thistle density before and after treatment. We will visually inspect treated areas monthly through November 2025 and track regrowth patterns to assess treatment effectiveness. Monitoring will continue annually during peak growth seasons, with manual removal of any regrowth as needed. All data collected will be documented and shared with neighbors during future outreach efforts to support regional weed management continuity.",(blank),Yes ,Yes ,(blank),noxious-weed-management-grant-budget-template.xlsx,47 673.8,29 120,0,"Yes, we could scale down the project if only partial funding were awarded. We would prioritize critical equipment, such as the UTV and sprayer, and focus treatment efforts on the most impacted 180-acre meadow. Community outreach would still occur, but on a smaller scale. Some activities, like the construction of the metal garage or purchase of mapping technology, could be delayed or funded through future investments.",(blank),checked,checked,checked,checked,checked,Kristi Coddington,dburruss@nmda.nmsu.edu,Dylan Burruss,NMDA-APR,TRUE,2025-04-11T21:09:59Z,-1,-1,-1,(blank),,(blank),,(blank),,(blank),,(blank),,(blank),,(blank),,(blank),,(blank),(blank),(blank),(blank),(blank),(blank),(blank),(blank),(blank),,,,(blank),,(blank),,(blank),,(blank),,(blank),,(blank),,(blank),,(blank),,(blank),(blank),(blank),(blank),(blank),(blank),(blank),(blank),(blank),,(blank),,(blank),,(blank),,(blank),,(blank),,(blank),,(blank),,(blank),,(blank),(blank),(blank),(blank),(blank),(blank),(blank),(blank),(blank),,(blank),(blank),(blank),(blank),(blank),(blank),(blank)
pjmadrid@msn.com,Paul ,Madrid,(blank),(blank),(blank),(blank),(blank),(blank),(blank),(blank),(blank),(blank),FY26 NMDA's Noxious Weed Management Grant,50226007,In-Progress,2025-04-09T15:10:26MDT,FALSE,70609e6e-e210-489a-97f1-1453e5c51096,https://grants.nmda.nmsu.edu/submissions/50226007,"Integrated Weed Managemen
Class C
Federal Lands
Private Lands
State Lands
REVIEW vs other grants
Surveying and Mapping
",(blank),Dylan Burruss,(blank),(blank),-1,-1,Eligibility Check,,16 699 109,https://grants.nmda.nmsu.edu/file/download/ee9c63b5-e0d4-4741-a6e2-6edfd849121c,(blank),,4,"Other Local Government, Special District, or other Political Subdivision of State Government ",(blank),(blank),(blank),(blank),(blank),(blank),(blank),(blank),(blank),(blank),(blank),,(blank),(blank),(blank),(blank),(blank),(blank),San Luis Cabezon Mutual Domesti Water Association,Paul,Madrid,pjmadrid@msn.com,15 052 504 456,"900 HWY 313-
Bernalillo NM 87004",No ,-PO BOX 1794,(blank),BERNALILLO,NM,US,87004,-106.573869,35.256019,Yes ,Noxious Weed Management Grant,(blank),Noxious Weed Management along the RIo Puerco,Surveying and Mapping Integrated Weed Management (On-the-Ground Treatments) ,30 000,,5 000,"Grazing: Can be used with some species to reduce seed production, but often needs to be combined with other methods
Mulching: Creates a barrier to weed growth, preventing seeds from germinating","Grazing is the act of animals, especially livestock like cattle, sheep, and goats, eating grass and other vegetation while roaming freely in a pasture or field.
Cabezon, located in a semi-arid region, has a history of livestock grazing, which is still practiced in many areas.
Noxious Weeds:
In the context of grazing, it's important to consider the presence of noxious weeds, which are plants designated by government entities as harmful to agriculture, wildlife, or property.
Invasive plant control methods, such as herbicides, are sometimes used to manage vegetation in grazing areas, according to DC.gov.
Some of the commonly used herbicides for invasive plant control include glyphosat (the active ingredient in Roundup™ and Rodeo™) and triclopyr (the active ingredient in Brush-BGone™ and Garlon™).",Class C ,(blank),(blank),Saltcedar (Tamarix spp.) Russian olive (Elaeagnus angustifolia) Russian knapweed (Acroptilon repans) ,(blank),Noxious_weed_area_map.pdf,Private Lands Federal Lands State Lands ,(blank),2 500,,1 000,1 500,,(blank),We have some of the necessary permissions ,We have the abilty to work with in improment areas right of ways and private lands with land owners,A meeting with BLM and State land office in the field to identify the areas.,(blank),"water is most precious resource and to help protect it is paramount to our survival.  These species are a direct hindrance to the protection of that resource. 
    
    Noxious weeds often displace native plants, leading to biodiversity loss. Controlling them allows native species to thrive, restoring natural ecosystems and their functions.
    Improved water quality:
    Some noxious weeds can contribute to decreased water quality. Their removal can improve water quality by preventing runoff and erosion.

    Noxious weeds can contribute to soil erosion, particularly on slopes and in areas with poor soil structure. Controlling them can help stabilize the soil and reduce erosion.
    Reduced fire risk:
    Certain noxious weeds can increase the risk of wildfires. Their removal can reduce fire hazards and protect communities and natural areas.
    Improved wildlife habitat:
    By restoring native vegetation, noxious weed control can improve wildlife habitat and support a wider variety of plant and animal species. 
","Reduced agricultural losses:
Noxious weeds can significantly reduce crop yields and forage availability for livestock, leading to economic losses for farmers and ranchers. Controlling these weeds can help restore productivity and reduce these losses. 
Lower herbicide costs:
While herbicide use can be a component of weed control, effective weed management strategies can reduce the overall need for herbicides, lowering costs associated with their purchase and application. 
Increased land productivity:
By removing noxious weeds, more land becomes available for productive activities, increasing the overall carrying capacity of farms and ranches. 
Improved infrastructure:
Noxious weeds can damage infrastructure like roads and buildings. Controlling them can reduce maintenance and repair costs



",We are upgrading and replacing water infrastructure in the area attempting to hold water on the land.   This will allow us to accomplish our goals.,Dawn Till Dusk Construction and Motiva Corp,200 Days to plan and execute.,"30 day to plan and get all administrative in house option in order.
30 Days to select contractor
30 days to mobilize and plan target areas.
110 Days to complete remediation.",We will be on site to follow the effectiveness of the project and be able to report on the success of it.,(blank),Yes ,Yes ,(blank),Noxious_weed_Budget_info_2025.xlsx,60 000,21 000,0,We thing we can work at full scale but if we scaled it down we would lesson the acres covered.,(blank),checked,checked,checked,checked,checked,Paul Madrid,dburruss@nmda.nmsu.edu,Dylan Burruss,NMDA-APR,TRUE,2025-04-11T21:52:41Z,-1,-1,-1,(blank),,(blank),,(blank),,(blank),,(blank),,(blank),,(blank),,(blank),,(blank),(blank),(blank),(blank),(blank),(blank),(blank),(blank),(blank),,,,(blank),,(blank),,(blank),,(blank),,(blank),,(blank),,(blank),,(blank),,(blank),(blank),(blank),(blank),(blank),(blank),(blank),(blank),(blank),,(blank),,(blank),,(blank),,(blank),,(blank),,(blank),,(blank),,(blank),,(blank),(blank),(blank),(blank),(blank),(blank),(blank),(blank),(blank),,(blank),(blank),(blank),(blank),(blank),(blank),(blank)
upperhondo@uhswcd.com,Toni,Griffin,575-354-2220,(blank),PO Box 900,(blank),(blank),New Mexico,NM,(blank),88316,US,FY26 NMDA's Noxious Weed Management Grant,50239760,In-Progress,2025-04-11T09:28:27MDT,FALSE,2a061882-b91c-48be-9cc7-17ea46a97ce3,https://grants.nmda.nmsu.edu/submissions/50239760,"Integrated Weed Managemen
Class C
Class B
Class A
Local Governmental Lands
Early Detection & Rapid R
REVIEW vs other grants
Surveying and Mapping
",(blank),"Gaby Hernandez
Patricia Depner
Michael Purdy",(blank),(blank),191,47.75,Scoring,,2 482 094,https://grants.nmda.nmsu.edu/file/download/ee9c63b5-e0d4-4741-a6e2-6edfd849121c,"2025/04/22 - Gaby Hernandez: Full funding was approved due to the project's underlying objectives; however, the application lacks sufficient detail in certain areas. Additionally, the requested amount is relatively modest, totaling $3,899.09.",,13,Soil and Water Conservation District  ,(blank),(blank),(blank),(blank),(blank),(blank),(blank),(blank),(blank),(blank),(blank),,(blank),(blank),(blank),(blank),(blank),(blank),Upper Hondo SWCD,Toni,Griffin,upperhondo@uhswcd.com,15 753 542 220,"267 Main Road
Capitan, NM 88316",No ,P.O. Box 900,(blank),Capitan,NM,US,88316,-105.5709297,33.5456036,Yes ,Healthy Soils & District Opportunites Grant,(blank),Community Walk Path Noxious Weed Project,Early Detection & Rapid Response (EDRR) Integrated Weed Management (On-the-Ground Treatments) Surveying and Mapping ,2.5,2.5,2.5,Community walk path needs bi-annual chemical treatment for noxious and invasive weeds. This area is well used by the community as well as students. We are in need of an ATV boom sprayer and chemical to effectively treat this area. ,"Our community has a 2 mile paved walk path for public use. Residents, students and athletes utilize this area on a regular basis. There is a problem in the area with noxious weeds on both sides of the path that need to be controlled. Our staff is able to treat the weeds and use our ATV so the main grant expense would be for the ATV boom sprayer and the chemical to treat. ",Class A Class B Class C ,Hoary cress (Cardaria spp.) Dalmation toadflax (Linaria dalmatica) ,Halogeton (Halogeton glomeratus) ,Musk thistle (Carduus nutans) Cheatgrass  (Bromus tectorum) ,(blank),Treatment_map.jpg,"Local Governmental Lands (County, Municipal, etc.) ",(blank),,2.5,,,,(blank),We have all of the necessary permissions ,We have a written MOU with the Village of Capitan and assist them with treatment.,(blank),(blank),"Our community has a 2 mile paved walk path for public use. Residents, students and athletes utilize this area on a regular basis. There is a problem in the area with noxious weeds on both sides of the path that need to be controlled. Our staff is able to treat the weeds and use our ATV so the main grant expense would be for the ATV boom sprayer and the chemical to treat. Control of the overgrowth in this area will also help to reduce fire risk.","WIth a clear and clean walk path available, the community is more likely to utilze this outdoor area for exercise.","As with any noxious weed treatment, staying vigilant and continuing treatment reduces the species.",We will partner with the Village of Capitan and have their permission for treatment.,"If the grant is awarded on July 15, we would be able to order the equipment and chemicals at that time and application could begin as soon as July 25, 2025.","July 15, 2025- survey the area. July 16, 2025-order chemical and boom sprayer. July 25, 2025-chemical application. September/October 2025-chemical application. June 2026-survey and chemical application. September 2026-chemical application","Being local to the area, we see this walk path on a daily basis and will monitor visually for regrowth or new growth.",(blank),No ,(blank),We are unable to fund this particular project at this time.,noxious-weed-management-grant-budget-template_3.xlsx,3 899.09,0,0,Not at this time.,"Capitan_Walk_Path_Photo_1.jpg
Screenshot_2025-04-10_151507.png
Capitan_Walk_Path_Photo_2.jpg",checked,checked,checked,checked,checked,Toni Griffin,dburruss@nmda.nmsu.edu,Dylan Burruss,NMDA-APR,TRUE,2025-04-15T14:16:22Z,1,1,1,"B- Description was mostly clear, but some required information (See list above) was omitted or could be more specific. Some Landowner permissions have already been obtained AND/OR a reasonable plan was presented to obtain them. ",15,"C - Response demonstrated some need, but at a superficial level with missing details. ",3,D - Response indicated benefits very broadly and superficially.  ,2,C - Partnerships could be more specific or there are clearly unrealized opportunities for collaboration.  ,3,F - Applicant did not meaningfully address the prompt. ,1,C ,10,No match provided. AND No (or insufficient) explanation provided. ,0,C ,16,No - No Funding ,Yes ,(blank),(blank),pdepner@nmda.nmsu.edu,Patricia Depner,(blank),TRUE,2025-04-21T19:12:58Z,50,190,63.33,"B- Description was mostly clear, but some required information (See list above) was omitted or could be more specific. Some Landowner permissions have already been obtained AND/OR a reasonable plan was presented to obtain them. ",15,B - Response gave a fairly clear indication that there is a need for the project as proposed.  ,4,"C - Response indicated benefits to residents of the impacted area, but could have been more compelling or specific. ",3,A - The project involves one or more partner organizations. The benefit of these partnerships has been clearly explained in terms of project outcomes and success.  ,5,"D - The project is either uninformed by prior experience, unrelated to existing efforts, or the answer does not contain enough information to discern either way.  ",2,B ,15,No match provided. AND No (or insufficient) explanation provided. ,0,B ,23,Yes - Full Funding ,No ,(blank),(blank),mpurdy@nmda.nmsu.edu,Michael Purdy,(blank),TRUE,2025-04-22T19:35:34Z,67,"B- Description was mostly clear, but some required information (See list above) was omitted or could be more specific. Some Landowner permissions have already been obtained AND/OR a reasonable plan was presented to obtain them. ",15,B - Response gave a fairly clear indication that there is a need for the project as proposed.  ,4,"C - Response indicated benefits to residents of the impacted area, but could have been more compelling or specific. ",3,"B - The project involves one or more partners, but the extent and benefit of these partnerships could be clearer. ",4,"D - The project is either uninformed by prior experience, unrelated to existing efforts, or the answer does not contain enough information to discern either way.  ",2,B ,15,No match provided. AND No (or insufficient) explanation provided. ,0,A  ,30,Yes - Full Funding ,No ,"For answer: What is the need for this project?

* good answer, i can see the need for the project. Communities need good walk paths. But adding details might help other reviewers see the purpose of the project.","For question: What economic or environmental benefits would this project have for the residents of the impacted area?
Giving strong details will give you more points to your application. Reviewers want to see what positive impact the proposed project will do for the community. for example you can say :
The project may contribute to the conservation of local wildlife and plant species, supporting biodiversity and ensuring the long-term health of the environment. (then providing details on how you plan the reach this goal) will make your application strong. ",ghernandez@nmda.nmsu.edu,Gaby Hernandez,NMDA-APR,TRUE,2025-04-22T21:53:32Z,73,acolin@nmda.nmsu.edu,Anthony Colin,NMDA-APR,FALSE,(blank),(blank),(blank)
rjlewis@cswcd.net,Ria,Jarquin-Lewis,(blank),(blank),(blank),(blank),(blank),(blank),(blank),(blank),(blank),(blank),FY26 NMDA's Noxious Weed Management Grant,50240725,In-Progress,2025-04-11T10:59:40MDT,FALSE,8ff56bda-86f0-4a21-a824-5ef377b5a167,https://grants.nmda.nmsu.edu/submissions/50240725,"Integrated Weed Managemen
Class B
Private Lands
Planning, Capacity Develo
Education and Outreach
State Lands
Local Governmental Lands
REVIEW vs other grants
Surveying and Mapping
NO PRIVATE MATCH
",(blank),"Gaby Hernandez
Stephen Baca
Michael Chacon",(blank),(blank),269,67.25,Scoring,,6 156 917,https://grants.nmda.nmsu.edu/file/download/ee9c63b5-e0d4-4741-a6e2-6edfd849121c,"2025/04/22 - Gaby Hernandez: Project was financed through the FY25 Weed Grant. The application is well-prepared; however, it lacks sufficient details regarding prior funding and the justification for additional funding",,18,Soil and Water Conservation District  ,(blank),(blank),(blank),(blank),(blank),(blank),(blank),(blank),(blank),(blank),(blank),,(blank),(blank),(blank),(blank),(blank),(blank),Carlsbad Soil and Water Conservation District,Ria,Jarquin-Lewis,rjlewis@cswcd.net,15 756 281 532,"3219 S Canal St.
Carlsbad, NM 88220",Yes ,(blank),(blank),(blank),(blank),(blank),(blank),(blank),(blank),Yes ,DOG,(blank),African Rue Mapping & Management Project,"Surveying and Mapping Integrated Weed Management (On-the-Ground Treatments) Education and Outreach Planning, Capacity Development, and Partnership Building ",300,,50,"This project aims to improve the mapping and the treatment efficiency of African rue. Our goals for the project are to collect data on infestations, adjust treatment timing, increase treatment efficiency, measure results, and share management resources with our partners. ","The goals of this project are to improve documentation of the extent of African rue infestations in southeastern New Mexico on private land, public land, and leased roadways, to efficiently and strategically treat infestations with our partners twice a year for multiple years to gain control, and increase our management strategies and success. By utilizing EDDMapS to report populations of African rue, infestation density and size, and showing other how to use this mapping program can improve our public awareness to the true extent of this noxious weed in our region. We plan to work with our partners to streamline herbicide treatments to hopefully prevent chemical resistance that has been witnessed at some sites. For this project, the Noxious Weed Coordinator of CSWCD will dedicate time to mapping infestations, checking 50 meters past infestations borders, taking polygons of large infestations, monitoring treatment sites, spot treatments where contractors will not be focused on, and make brochures on identifying African rue and using EDDMapS for noxious weeds reporting while in the field for our partners. Collectively, we will use Arsenal, a non-selective herbicide, at 2.5% to treat African rue twice a year during its growing seasons and before the flowers bloom in hopes of reducing the seed output by applying herbicide early enough to prevent successful development.",Class B ,(blank),African rue (Peganum harmala) ,(blank),(blank),Final_African_rue_projected_treatment_sites_NMDANWMG.png,"Private Lands State Lands Local Governmental Lands (County, Municipal, etc.) ",(blank),30,40,230,,,(blank),We have all of the necessary permissions ,"We have a MOU with the state, verbal agreements with private landowners and the county.

",(blank),(blank),"The need for this project is to begin filling the massive data gap of the extent of African rue infestations and to improve our management tactics to prevent  unmanageable future infestations across southeastern New Mexico. Many ranchers and farmers know about this problematic weed, its resilience in extreme desert habitat, and its toxicity to livestock; however, it is so prevalent, and management efforts are having low success. By utilizing EDDMapS, dedicating time for mapping infestations, measuring population density and percent cover, adjusting herbicide application timing (before bloom rather than after bloom) and making educational materials available, we can better support our ranchers, farmers, wildlife stewards, and industry partners in our fight against African Rue in Southeastern New Mexico. Our partners make the efforts easier by granting us permission to treat and manage on land used for industry work where there is a constant influx of vehicles and materials. ","The residents of southeastern New Mexico will benefit from the African Rue Mapping and Management Project because of the economic and environmental investments that will come from adjusting and emphasize the importance of management and treatment protocols for African rue. Noxious weed management can offset the future costs of potential erosion problems, livestock loss, soil depletion from monoculture infestations and land productivity, that increase radically with unmanaged invasive species spreading unchecked. By having working relationships with industry partners, we can cover more land than with their cooperation and support. Our project also will benefit the residents by promoting the importance of noxious weed management through partnership outreach, education, and conservation of natural resources for the health and well-being of our district’s people and land for current and future generations. ",This project builds on the current efforts of managing African rue by CSWCD that is now my primary focus as the new Noxious Weed Coordinator for them. ,"Our partners in this project are BLM, State Land Office, Eddy County, industry partners, and private landowners who need African rue treatment. Our landowner partners grant us permission to treat African rue on their land, around pipelines, under powerlines, on gas wells, water tanks for livestock, and leased roads between sites. These partners support our goal of treating infestations that have been spread by human, animal and weather movement.","African rue has begun sprouting as of mid-March and is resprouting from senesced individuals across southeastern New Mexico. Mapping has already begun in March and by mid-April and we will begin treating African rue, utilizing last year's NMDA grant funding. We will follow up with a fall treatment, beginning in September, utilizing future funding.","Our spring treatment and mapping for African rue began in March, with Bullseye treating previous known sites and CSWCD mapping new sites, from the funding received last year. We met with our collaborative partners (CSWCD, BLM, Xcel, DOT, MMX, Lake Brantley State Park, and Bullseye) on the management of African rue on April 9, where we established our methods of working together, agreed upon 2.5% Arsenal for our treatment needs, goals of the grant, and possible experiments for higher treatment success. In April or May, treatment sites will have been established for photo monitoring points. Between April and May, I hope to have finalized and reviewed brochures for distribution to our partners, contractors, and anyone else interested in the information. Our noxious weed management grant application will be submitted on April 11 and we will patiently wait for the results while working on our project. Once the funding is dispersed by July, we will purchase Kestrels (Kestrel 3550AG Weather Meter for Spray Applications), the needed Arsenal, indicator, surfactant, water conditioner and schedule with contractors for fall treatments of African Rue. By August, we will plan with our partners and contactors to coordinate fall treatment timing. Depending on weather, we hope to collect post-treatment monitoring before the fall treatment (such as recording associated species, cover density, making polygons of infestations, and doing plant checks for seed development). Another quarterly meeting will be held with out partners at the CSWCD office August 13, 2025. Data will be input during August and September when the weather is unfavorable for field work to improve protocol. Fall treatments of African Rue will begin after they have resprouted and before the blooming period to hopefully prevent seed development, unless protocol needs more adjustments. In 2026, we will begin surveying known sites and mapping infestations for size comparison and begin treatments in March if the weather is stable for herbicide treatments. ","The post-treatment monitoring will consist of data collection at treatment sites throughout the treatments to record changes over time of the habitat. Post-treatment sites will be monitored by recording associated species (native and non-native) over time, cover density (%), comparing treatment sites to polygons of infestations, and dead plant checks for seed development. If seeds are found, we will measure size and development stage.",timeline_for_noxiuous_weed_management_grant.docx,Yes ,No ,(blank),final_noxious_weed_grant_budget.xlsx,60 000,18 375,40 300,The project could be scaled down if only partial funding is awarded by shrinking the total acreage targeted for herbicide treatment. The priority of which sites should be treated would be impacted and would have to prioritize areas that risk spreading (ex. busy roadways that could have seeds being dispersed by vehicles). ,noxious_weed_grant_pictures_for_submission.docx,checked,checked,checked,checked,checked,Ria Jarquin-Lewis,dburruss@nmda.nmsu.edu,Dylan Burruss,NMDA-APR,TRUE,2025-04-15T14:19:42Z,1,1,1,"A - Applicant gave a clear & concise description of the project, summarizing the,	Objectives, Methods, Timeline, and Partners. All Landowner permissions have already been obtained, OR, a reasonable plan was presented to obtain them  ",20,B - Response gave a fairly clear indication that there is a need for the project as proposed.  ,4,"B - Response gave a fairly clear, reasonably specific indication of the project’s benefit to residents of the impacted area. ",4,"B - The project involves one or more partners, but the extent and benefit of these partnerships could be clearer. ",4,"B - It is mostly clear that the proposed work is part of, or the start of, a broader comprehensive effort towards noxious weed management.  The applicant connects the proposed work to at least one past or current noxious weed management project that has informed their proposal.  ",4,A ,20,No match provided. AND No (or insufficient) explanation provided. ,0,A  ,30,Yes - Full Funding ,No ,(blank),(blank),sbaca@nmda.nmsu.edu,Stephen Baca,FY26 Noxious Weeds Reviewer,TRUE,2025-04-22T18:39:08Z,86,268,89.33,"A - Applicant gave a clear & concise description of the project, summarizing the,	Objectives, Methods, Timeline, and Partners. All Landowner permissions have already been obtained, OR, a reasonable plan was presented to obtain them  ",20,A - Response clearly and concisely conveyed why this project was needed in this grant cycle. No doubt remains. ,5,"B - Response gave a fairly clear, reasonably specific indication of the project’s benefit to residents of the impacted area. ",4,"B - The project involves one or more partners, but the extent and benefit of these partnerships could be clearer. ",4,"B - It is mostly clear that the proposed work is part of, or the start of, a broader comprehensive effort towards noxious weed management.  The applicant connects the proposed work to at least one past or current noxious weed management project that has informed their proposal.  ",4,A ,20,10% Match Provided.  OR | partial match provided AND a compelling reason is given explaining extenuating circumstances. | ,10,B ,23,Yes - Full Funding ,No ,"I appreciate the range of activities, and the mix of Private, State and Local lands.","Project Benefit - The meaning of ""investments that will come from adjusting and emphasize the importance of"" is unclear. The meaning of ""By having working relationships with industry partners, we can cover more land than with their cooperation and support"" is unclear.

Partners - The benefits of the partnerships is not clear.

Build on Previous Projects - Needs more detail to connect to previous projects.  Also, ""The applicant does not indicate any past experience informing their proposed work.""

Budget Template - In ""What dollar amount of that match (Cash) comes from federal sources?"", the amount of the federal contribution of the Match is greater then the total of the Match.",michael.chacon@iad.nm.gov,Michael Chacon,FY26 HSP reviewer,TRUE,2025-04-22T22:12:00Z,90,"B- Description was mostly clear, but some required information (See list above) was omitted or could be more specific. Some Landowner permissions have already been obtained AND/OR a reasonable plan was presented to obtain them. ",15,A - Response clearly and concisely conveyed why this project was needed in this grant cycle. No doubt remains. ,5,"B - Response gave a fairly clear, reasonably specific indication of the project’s benefit to residents of the impacted area. ",4,A - The project involves one or more partner organizations. The benefit of these partnerships has been clearly explained in terms of project outcomes and success.  ,5,"C - The proposed work appears to be a continuation or initialization of noxious weed management efforts, but more detail may be needed to clarify this point.  The applicant does not indicate any past experience informing their proposed work.  ",3,A ,20,10% Match Provided.  OR | partial match provided AND a compelling reason is given explaining extenuating circumstances. | ,10,A  ,30,Yes - Full Funding ,Yes ,"For Question: Provide a comprehensive timeline of project activities?
Project timeline was clear.","for question: How does this project build on previous and current projects?

Similar project was funded through the FY25 weed grant. Providing that information and why the project needs to be funded again is important information you should clarify to the reviewer.",ghernandez@nmda.nmsu.edu,Gaby Hernandez,NMDA-APR,TRUE,2025-04-22T21:10:26Z,92,acolin@nmda.nmsu.edu,Anthony Colin,NMDA-APR,FALSE,(blank),(blank),(blank)
lynnae.abarca@swquayswcd.org,Lynnae,Abarca,(blank),(blank),(blank),(blank),(blank),(blank),(blank),(blank),(blank),(blank),FY26 NMDA's Noxious Weed Management Grant,50235120,In-Progress,2025-04-10T16:30:37MDT,FALSE,c0dd6637-380a-45e0-8d7c-129dfb2c6d1a,https://grants.nmda.nmsu.edu/submissions/50235120,"Integrated Weed Managemen
Class C
Class B
Private Lands
Class A
REVIEW vs other grants
",(blank),"Stephen Baca
Janet Nickerman
Patricia Depner",(blank),(blank),250,62.5,Scoring,,131 999,https://grants.nmda.nmsu.edu/file/download/ee9c63b5-e0d4-4741-a6e2-6edfd849121c,(blank),,8,Soil and Water Conservation District  ,(blank),(blank),(blank),(blank),(blank),(blank),(blank),(blank),(blank),(blank),(blank),,(blank),(blank),(blank),(blank),(blank),(blank),SW Quay SWCD,Lynnae,Abarca,lynnae.abarca@swquayswcd.org,15 753 093 357,"1304 CR AB
Melrose NM 88124",Yes ,(blank),(blank),(blank),(blank),(blank),(blank),(blank),(blank),Yes ,"Healthy Soils Grant
Legacy Grant",(blank),Sustainable Noxious Weed Management for Enhanced Agricultural Productivity,Integrated Weed Management (On-the-Ground Treatments) ,,,2 000,"This project focuses on controlling noxious weeds on agricultural land using either mechanical or chemical treatments. By collaborating with producers, we aim to reduce weed populations, improve land productivity, and provide sustainable land management solutions.","This project focuses on managing and controlling noxious weeds on agricultural land to improve land health and productivity. In collaboration with producers, we will implement either mechanical or chemical treatment methods, depending on the specific needs of the land and the extent of the weed infestation. This approach allows for flexibility while ensuring that effective weed control strategies are applied.

The first phase of the project will involve detailed surveying and mapping of the land to assess the spread and density of noxious weeds. Based on this data, we will determine the most appropriate treatment method. Mechanical treatments, such as mowing, tilling, or cutting, will be used to physically remove weeds and limit their ability to spread. Alternatively, chemical treatments will be used in areas where mechanical methods are less effective, applying herbicides in a targeted manner to minimize environmental impact while controlling stubborn weed populations.

Throughout the project, ongoing monitoring will ensure that treatments are effective and that any necessary follow-up actions are identified. The final phase will involve an evaluation of treatment success, including a comprehensive report on the reduction of noxious weeds and the overall improvement of land conditions. This project will provide producers with the tools and knowledge to manage noxious weeds sustainably, ensuring healthier land and more productive agricultural operations in the future.",Class A Class B Class C ,Hoary cress (Cardaria spp.) Spotted knapweed (Centaurea biebersteinii) Yellow starthistle (Centaurea solstitialis) ,Halogeton (Halogeton glomeratus) Spiny cocklebur (Xanthium spinosum) ,Cheatgrass  (Bromus tectorum) Musk thistle (Carduus nutans) Russian knapweed (Acroptilon repans) Russian olive (Elaeagnus angustifolia) Saltcedar (Tamarix spp.) Tree of heaven (Ailanthus altissima) ,(blank),District_Map.pdf,Private Lands ,(blank),2 000,,,,,(blank),We have all of the necessary permissions ,We currently utilize a form that producers complete to grant us permission to perform work on their land prior to the commencement of such activities.,(blank),(blank),"The SW Quay Soil and Water Conservation District (SWCD) is enthusiastic about collaborating with local producers to address the issue of unwanted and noxious weeds in our region. Our expansive landscape, characterized by numerous acres of stunning rangeland, presents a unique opportunity for improvement. Our goal is to enhance the quality of this land for our producers by implementing effective brush control practices aimed at eliminating invasive weed species.
Through these efforts, we aim to foster the growth of beneficial native grasses, which will not only bolster the health of our ecosystems but also support the productivity of agricultural operations in the area. By working together, we can create a sustainable and thriving environment that benefits both our land and the producers who depend on it. We look forward to engaging with our community to ensure the success of these vital conservation initiatives.","The project aimed at controlling unwanted and noxious weeds in the area offers significant economic and environmental benefits for local residents. Economically, enhancing the quality of rangeland will increase agricultural productivity by promoting the growth of native grasses, which improves forage quality for livestock. This can lead to higher farm yields and increased property values, as healthy land is more desirable to potential buyers. Additionally, reducing the need for herbicides can result in cost savings for producers.
Environmentally, the project fosters biodiversity by restoring native plant communities, which supports a diverse range of wildlife. Improved soil health from native grasses enhances soil structure and fertility, reducing erosion and promoting better water retention. Furthermore, healthier rangelands contribute to water quality protection by minimizing runoff and sedimentation in local water bodies. Overall, this initiative enhances agricultural viability while promoting environmental stewardship and sustainability for the entire community.","This project expands our brush control efforts, improving weed management and fostering community collaboration for sustainable land stewardship.","Our organization will collaborate with key partners, including the Natural Resources Conservation Service (NRCS), local agricultural organizations, and conservation groups.
Partnering with NRCS will provide technical assistance and funding opportunities, ensuring our strategies align with best practices for managing noxious weeds and invasive species. Their expertise will enhance the project's effectiveness in promoting sustainable land management.
Local agricultural organizations will offer insights into the specific challenges faced by producers, allowing us to tailor our approaches effectively. Conservation groups will contribute their knowledge in ecological restoration, strengthening our weed control efforts.
These partnerships will foster collaboration and community involvement. By leveraging the strengths of each partner, we can enhance the project's impact, ensuring sustainable outcomes that benefit both the environment and local agriculture, ultimately promoting healthier rangelands.","We will be ready to begin project activities as soon as the grant cycle opens. This timing will allow us to mobilize our resources, finalize partnerships, and implement our strategies promptly. We are prepared to hit the ground running and ensure a smooth start to the project as soon as funding is secured.","Phase 1: Planning and Initial Preparation (Weeks 1-4)

          Week 1-4: Initial project meetings with producers, stakeholders, and team members

                     Activity: Coordination, setting objectives, and defining project scope

                    Deliverable: Finalized project plan, goals, and timelines

        Week 1-4: Surveying and Mapping

                   Activity: Conduct detailed land surveys and aerial mapping using drones for baseline data

                  Deliverable: Aerial maps and geographic data identifying the extent of noxious weed populations

Phase 2: Early Detection and Rapid Response (EDRR) (Weeks 5-8)

        Week 5-8: Identify and assess high-priority areas for treatment

                  Activity: On-the-ground inspection and mapping of early-stage weed infestations

                  Deliverable: EDRR plan outlining areas for immediate treatment

       Week 5-8: Implement Initial Treatment

                 Activity: Begin mechanical and chemical treatments in identified areas

                 Deliverable: Treatment records and progress reports

Phase 3: Ongoing Treatment and Maintenance (Weeks 9-16)

       Week 9-16: Ongoing mechanical or chemical treatment

               Activity: Continue applying treatments to remaining areas, focusing on high-density infestations

               Deliverable: Updated treatment logs and monitoring reports

      Week 12-16: Post-Treatment Monitoring (Drone Imagery)

              Activity: Capture aerial imagery to assess treatment effectiveness

              Deliverable: Pre- and post-treatment imagery comparison

Phase 4: Final Evaluation and Reporting (Weeks 17-20)

     Week 17-18: Final on-the-ground inspection and survey

            Activity: Verify treatment success through visual inspections and drone imagery

            Deliverable: Post-treatment survey data and final project report

Week 19-20: Project Review and Adjustment (if necessary)

Activity: Analyze data, review results with producers, and adjust future management strategies

Deliverable: Final evaluation report, including recommendations for follow-up actions","Post-treatment monitoring will include the use of drone imagery to capture high-resolution aerial photos of the project area before and after treatment. This imagery will allow for detailed comparison of vegetation density, coverage of noxious weeds, and overall land condition. By documenting visual changes over time, we can assess treatment effectiveness, identify areas needing follow-up, and support data-driven reporting and adaptive management.",(blank),Yes ,Yes ,(blank),noxious-weed-management-grant-budget-template_1.xlsx,44 884,16 000,0,"Yes, the district can effectively scale down the project if needed by targeting a reduced number of acres, while still maintaining project goals and impact.",(blank),checked,checked,checked,checked,checked,Lynnae Abarca,dburruss@nmda.nmsu.edu,Dylan Burruss,NMDA-APR,TRUE,2025-04-11T21:58:55Z,1,1,1,"A - Applicant gave a clear & concise description of the project, summarizing the,	Objectives, Methods, Timeline, and Partners. All Landowner permissions have already been obtained, OR, a reasonable plan was presented to obtain them  ",20,B - Response gave a fairly clear indication that there is a need for the project as proposed.  ,4,A - Response clearly explained specific and significant benefits to the residents of the impacted area.  ,5,A - The project involves one or more partner organizations. The benefit of these partnerships has been clearly explained in terms of project outcomes and success.  ,5,"A - The proposed work is clearly part of, or the start of, a broader comprehensive effort towards noxious weed management.  The proposed activities are clearly informed by past experience, even if this experience derives from outside the applicant organization or entity. ",5,A ,20,10% Match Provided.  OR | partial match provided AND a compelling reason is given explaining extenuating circumstances. | ,10,A  ,30,Yes - Full Funding ,No ,(blank),(blank),sbaca@nmda.nmsu.edu,Stephen Baca,FY26 Noxious Weeds Reviewer,TRUE,2025-04-22T20:34:35Z,99,249,83,"B- Description was mostly clear, but some required information (See list above) was omitted or could be more specific. Some Landowner permissions have already been obtained AND/OR a reasonable plan was presented to obtain them. ",15,"C - Response demonstrated some need, but at a superficial level with missing details. ",3,A - Response clearly explained specific and significant benefits to the residents of the impacted area.  ,5,"B - The project involves one or more partners, but the extent and benefit of these partnerships could be clearer. ",4,"A - The proposed work is clearly part of, or the start of, a broader comprehensive effort towards noxious weed management.  The proposed activities are clearly informed by past experience, even if this experience derives from outside the applicant organization or entity. ",5,A ,20,10% Match Provided.  OR | partial match provided AND a compelling reason is given explaining extenuating circumstances. | ,10,B ,23,Yes - Full Funding ,Yes ,Good timeline and budget.,(blank),pdepner@nmda.nmsu.edu,Patricia Depner,(blank),TRUE,2025-04-21T16:35:38Z,85,"B- Description was mostly clear, but some required information (See list above) was omitted or could be more specific. Some Landowner permissions have already been obtained AND/OR a reasonable plan was presented to obtain them. ",15,B - Response gave a fairly clear indication that there is a need for the project as proposed.  ,4,"C - Response indicated benefits to residents of the impacted area, but could have been more compelling or specific. ",3,C - Partnerships could be more specific or there are clearly unrealized opportunities for collaboration.  ,3,"B - It is mostly clear that the proposed work is part of, or the start of, a broader comprehensive effort towards noxious weed management.  The applicant connects the proposed work to at least one past or current noxious weed management project that has informed their proposal.  ",4,C ,10,10% Match Provided.  OR | partial match provided AND a compelling reason is given explaining extenuating circumstances. | ,10,C ,16,No - No Funding ,Yes ,This is a great project. I like the aspect of including both mechanical and chemical. Also including the local community is a great approach. ,This is a good project and I'd like to see it funded. But there needs to be more details and clarity in the budget. It's a bit fuzzy about exactly what the money will be used for. It would also be good to include more partnerships if possible. There was excellent details with the timeline but I don't think there was enough time in the timeline for treatment and mapping of annuals which make up a majority of the target species. ,janet.nickerman@usda.gov,Janet Nickerman,FY26 Noxious Weeds Reviewer,TRUE,2025-04-24T14:17:35Z,65,(blank),(blank),(blank),(blank),(blank),(blank),(blank)
chatfield@plateautel.net,JacknJill,Chatfield,(blank),(blank),(blank),(blank),(blank),(blank),(blank),(blank),(blank),(blank),FY26 NMDA's Noxious Weed Management Grant,50177593,In-Progress,2025-04-03T15:42:29MDT,FALSE,58755188-d805-4daa-acac-fb69d65f8fa1,https://grants.nmda.nmsu.edu/submissions/50177593,"Integrated Weed Managemen
Class C
Federal Lands
State Lands
REVIEW vs other grants
",(blank),"Stephen Baca
Miles Mitchell
Michael Chacon",(blank),(blank),291,72.75,Scoring,,5 129 524,https://grants.nmda.nmsu.edu/file/download/ee9c63b5-e0d4-4741-a6e2-6edfd849121c,(blank),,1,Soil and Water Conservation District  ,(blank),(blank),(blank),(blank),(blank),(blank),(blank),(blank),(blank),(blank),(blank),,(blank),(blank),(blank),(blank),(blank),(blank),Mesa Soil & Water Conservation District,Jill,Chatfield,jill.chatfield@yahoo.com,15 754 470 310,"411 Chicosa Street, Roy, NM 87743",No ,PO Box 68,(blank),Roy,NM,US,87743,-104.1967825,35.9441757,Yes ,District Opportunity Grant-NMDA,(blank),Mesa SWCD Noxious Weed Treatment,Integrated Weed Management (On-the-Ground Treatments) ,,,44.7,"Hand treatment by cut stump method of Siberian Elm and chemical treatment of Saltcedar on the Canadian River. This project is an ongoing effort to restore the Canadian River watershed partnering with landowners, state and federal Agencies and 8 Districts.","Hand Treatment, Cut Stump and Chemical Treatment of Siberian Elm and Saltcedar will be performed along the Canadian River Watershed as needed partnering with US Forest Service, the State Land Office and the Canadian River Riparian Restoration Project. The project is within an area that was previously treated by aerial application of herbicide using a helicopter equipped with GPS applying Amazapere to remove Saltcedar (which is not effective in the treatment of Siberian Elm); this follow up treatment using Cut Stump method and applying Garlon 4 (Triclopyr) to Elm and resprouts of Saltcedar. The Mesa SWCD Noxious Weed Treatment is a small portion of a larger watershed scale project which includes 8 Soil and Water Conservation Districts working together under a Joint Powers Agreement. The timeline for this project is from August 15, 2025 for collecting all data, mapping, contracting, etc. to implementation, inspections and reporting September through December 2025. Completion will be by December 31, 2025.",Class C ,(blank),(blank),Saltcedar (Tamarix spp.) Siberian elm (Ulmus pumila) ,(blank),NMDA_Noxious_Weeds_Grant_Mesa_SWCD.pdf,Federal Lands State Lands ,(blank),,,16.99,27.67,,(blank),We have all of the necessary permissions ,"Land owner agreement-written
Forest Service agreement-written
State Land agreement-written
",(blank),(blank),The funding from this grant will be used to match federal funds to remove noxious weeds in the riparian areas along the Canadian River. This area of the Canadian River has been previously treated (aerial spraying) for non-native invasive species (Saltcedar) and now  requires follow-up treatment for Siberian Elm and resprouts of Saltcedar. ,"This project restores native vegetation to the Canadian River watershed and reduces water usage by non-native invasive species which benefits agricultural use, recreational use and creates additional wild life habitat.
The Canadian River Watershed supplies water downstream to Conchas Lake and the Arch Hurley Irrigation District located in northeastern New Mexico. This in turn adds environmental benefit to the watershed while
adding economic enhancement to all surrounding areas.

",This project provides additional treatment for remaining noxious weeds and ongoing maintenance for resprouts and seedlings of Saltcedar and Elm. ,"Our organization will work with USFS, State Land Office and the Lessee to treat noxious weeds in the Canadian River Watershed.
USFS will provide mapping, surveying, technical help and permission to treat noxious weeds on federal land. The NM State Land Office will provide permission to treat noxious weeds on state land. NRCS is providing matching EQIP funding within this area .
",15-Aug-25,"August 15, 2025
Provide specific project area GIS mapping to contractor, all necessary
surveying, mapping and agreements are completed. Secure Hand
Treatment Contractor to perform Cut stump and chemical application to
Saltcedar and Siberian Elm.

September 2025-December 2025:
44.7 acres will be treated and completed in Project Area. 

September 2025-December 2025
Inspections will be performed by the Project Manager and US Forest
Service Personnel, Administration will submit reports and billing for Project.

Jan 1, 2026:
Project completed.","Infestations on the project have been mapped by the Canadian River Riparian Restoration Project using aerial photography flown at 5000 feet.
Post treatment monitoring will be performed by the Canadian River Riparian Restoration Project and US Forest Service in follow up reports, photos and mapping.",(blank),Yes ,(blank),(blank),noxious-weed-management-grant-budget-template_2.xlsx,59 634.03,223 391,223 391,No,"Letter_of_Collaboration_-_Mesa_SWCD.pdf
Inspct_Report-1-_Ferranti_Elm_Treat_Oct_2024.docx
Mesa_SWCD_letter_of_Support.pdf",checked,checked,checked,checked,checked,Jill H. Chatfield,dburruss@nmda.nmsu.edu,Dylan Burruss,NMDA-APR,TRUE,2025-04-11T21:08:57Z,1,1,1,"A - Applicant gave a clear & concise description of the project, summarizing the,	Objectives, Methods, Timeline, and Partners. All Landowner permissions have already been obtained, OR, a reasonable plan was presented to obtain them  ",20,A - Response clearly and concisely conveyed why this project was needed in this grant cycle. No doubt remains. ,5,"B - Response gave a fairly clear, reasonably specific indication of the project’s benefit to residents of the impacted area. ",4,A - The project involves one or more partner organizations. The benefit of these partnerships has been clearly explained in terms of project outcomes and success.  ,5,"C - The proposed work appears to be a continuation or initialization of noxious weed management efforts, but more detail may be needed to clarify this point.  The applicant does not indicate any past experience informing their proposed work.  ",3,B ,15,10% Match Provided.  OR | partial match provided AND a compelling reason is given explaining extenuating circumstances. | ,10,A  ,30,Yes - Full Funding ,No ,The full-length Project Summary is concise yet provides good detail. ,"In ""How does this project build on previous and current projects?"" I am unclear on what previous and current projects this project builds on.",michael.chacon@iad.nm.gov,Michael Chacon,FY26 HSP reviewer,TRUE,2025-04-22T21:43:44Z,92,290,96.67,"A - Applicant gave a clear & concise description of the project, summarizing the,	Objectives, Methods, Timeline, and Partners. All Landowner permissions have already been obtained, OR, a reasonable plan was presented to obtain them  ",20,B - Response gave a fairly clear indication that there is a need for the project as proposed.  ,4,"B - Response gave a fairly clear, reasonably specific indication of the project’s benefit to residents of the impacted area. ",4,A - The project involves one or more partner organizations. The benefit of these partnerships has been clearly explained in terms of project outcomes and success.  ,5,"A - The proposed work is clearly part of, or the start of, a broader comprehensive effort towards noxious weed management.  The proposed activities are clearly informed by past experience, even if this experience derives from outside the applicant organization or entity. ",5,A ,20,10% Match Provided.  OR | partial match provided AND a compelling reason is given explaining extenuating circumstances. | ,10,A  ,30,Yes - Full Funding ,No ,(blank),(blank),sbaca@nmda.nmsu.edu,Stephen Baca,FY26 Noxious Weeds Reviewer,TRUE,2025-04-22T20:47:49Z,98,"A - Applicant gave a clear & concise description of the project, summarizing the,	Objectives, Methods, Timeline, and Partners. All Landowner permissions have already been obtained, OR, a reasonable plan was presented to obtain them  ",20,A - Response clearly and concisely conveyed why this project was needed in this grant cycle. No doubt remains. ,5,A - Response clearly explained specific and significant benefits to the residents of the impacted area.  ,5,A - The project involves one or more partner organizations. The benefit of these partnerships has been clearly explained in terms of project outcomes and success.  ,5,"A - The proposed work is clearly part of, or the start of, a broader comprehensive effort towards noxious weed management.  The proposed activities are clearly informed by past experience, even if this experience derives from outside the applicant organization or entity. ",5,A ,20,10% Match Provided.  OR | partial match provided AND a compelling reason is given explaining extenuating circumstances. | ,10,A  ,30,Yes - Full Funding ,No ,"Continuation of ongoing projects withing the Canadian River Watershed, managing small acreages or target areas with yearly timelines to provide effective treatment and retreatment.

Ongoing partnerships allow for efficient treatment processes to continue without burdensome delays. ",(blank),mmitchell@nmda.nmsu.edu,Miles Mitchell,(blank),TRUE,2025-04-23T15:10:38Z,100,(blank),(blank),(blank),(blank),(blank),(blank),(blank)
borderswcd@gmail.com,Deena,Kinman,(blank),(blank),(blank),(blank),(blank),(blank),(blank),(blank),(blank),(blank),FY26 NMDA's Noxious Weed Management Grant,50219565,In-Progress,2025-04-08T20:57:01MDT,FALSE,70cb5933-e125-4041-9826-070bf6a77615,https://grants.nmda.nmsu.edu/submissions/50219565,"Integrated Weed Managemen
Class C
Class B
Private Lands
Planning, Capacity Develo
Education and Outreach
Class A
Watchlist 
State Lands
Early Detection & Rapid R
REVIEW vs other grants
Surveying and Mapping
",(blank),"Janet Nickerman
Ash Taylor
Michael Purdy",(blank),(blank),231,57.75,Scoring,,121 630,https://grants.nmda.nmsu.edu/file/download/ee9c63b5-e0d4-4741-a6e2-6edfd849121c,(blank),,3,Cooperative Weed Management Area ,Border Soil & Water Conservation District,(blank),(blank),(blank),(blank),(blank),(blank),(blank),(blank),(blank),(blank),,(blank),(blank),(blank),(blank),(blank),(blank),High Plains Cooperative Weed Management Area,Deena,Kinman,borderswcd@gmail.com,15 757 601 273,"704 State St.
Elida, NM  88116",No ,PO Box 158,(blank),ELIDA,NM,US,88116,-103.59357,33.9369935,Yes ,Border SWCD applied for District Opportunities - A Community Outreach and Education Project to leverage NWM funds.,(blank),Partnering for Noxious Weed Management,"Surveying and Mapping Early Detection & Rapid Response (EDRR) Integrated Weed Management (On-the-Ground Treatments) Education and Outreach Planning, Capacity Development, and Partnership Building ",200,200,170,"All 5 selected activities will be incorporated and all weed classes will be addressed with a focus on African Rue.  Our current Integrated Weed Management project will move forward by leveraging partnerships, developing capacity and expanding education.","Our ultimate objective is fulfilling District Act responsibilities.
  Objectives and methods include: 1) Educate:  Weed identification, mapping and reporting methods, treatment and reclamation options.  Offer CEUs and herbicide application trainings. Offer strategies for EDRR by highlighting how this impacts individuals and our economy.  These needs will be fulfilled with field days, trainings and public engagement.  2) Outreach:  Encourage project participation through Expression of Interest outreach, solicit district resident’s feedback to focus our objectives and prioritize needs.  Compile and update permissions, JPAs and MOUs.  Pursue BSWCD’s boundary modification to enlarge landscape restoration.  3) Integrated treatment plans:  Assess control methods, evaluate treatment areas, offer treatment funds on first-come-first-served basis with deadline of August 15, 2025.  Aid in coordinating commercial applicator(s) as needed to treat, map and share data.  Address all classes of weeds; land managers are specifically requesting help with Locoweed.  4) Establish reclamation plans:  Offer reclamation 70/30 cost-share for seed and soil preparation materials.  Monitor treated areas to implement timely practices.  5) Monitor & report:  Evaluate, document with photos and share date. 6) Partnerships: strengthen collaboration with agencies, SWCDs and CWMAs to strategize how to best leverage our resources and expertise ensuring district resident’s needs are met and project commitments are fully completed.  Future plans to match NMDA funds with EMNRD Invasive Plant Program (IPP) can help achieve greater landscape reclamation.  7) Capacity: Become increasingly self-sufficient with staff trainings, developing expertise and leveraging resources.
",Class A Class B Class C Watchlist  ,Canada thistle (Cirsium arvense) Scotch thistle (Onopordum acanthium) ,African rue (Peganum harmala) Bull thistle (Cirsium vulgare) Spiny cocklebur (Xanthium spinosum) ,Cheatgrass  (Bromus tectorum) Musk thistle (Carduus nutans) Russian knapweed (Acroptilon repans) ,Buffelgrass (Pennisetum ciliaris) ,FY26_NWM_map_04.25.png,Private Lands State Lands ,(blank),170,,10,,,(blank),We have some of the necessary permissions ,Land managers who have been managing infestations with the assistance of CWMA’s and BLM have written agreements.  Agreement updates and completion with HPCWMA and BSWCD are ongoing. ,"Outreach prior to our project's onset will include soliciting Expression of Interest, publicizing funding opportunities with newsletters, email, web and social media advertising, and personal contact.  Written agreements will be completed and updated on a continual basis beginning May 2025.",(blank),"A land manager with large areas of African Rue has agreed to begin treatment!
   BSWCD is a frontline in stopping the spread of Rue further into New Mexico; land managers, SWCDs and agencies are requesting our help.
   Rue management and identification needs to be shared; it demands immediate attention.  Most locations are not well inventoried and have not been treated or mapped.  Rue takes repeated, consistent treatment in spring and fall while in bloom. These are busy times for ranchers. Offering education, herbicides and commercial applicators is encouraging participation.  Access to applicators can help ensure continued cooperation, correct herbicide applications, and consistent treatments to reclaim our land and water. 
  Mapping data is needed for all weed classes.  Land managers are seeking help using mapping applications, managing and identifying new problem plants and herbicide use changes.  Education and tools are necessary to address long-range conservation needs.  
","   Our project provides education and solutions to problems reducing harm to our residents, livestock and resources.  Locating and treating noxious weed infestations for reclamation protects our tax base.  Reclaiming the land is costly and difficult.
Integrated Weed Management practices and education helps ensure proper practices are utilized for the objective of successful reclamation.
   Infestations reduce livestock productivity by overtaking their grazing areas, depleting water sources and can cause sickness and/or death.  Wildlife losses cannot be calculated. A few bites of African Rue can be fatal to humans or animals.  Its highly poisonous alkaloids kill quickly allowing little chance of recovery.  
   These funds will speed infestation reporting for EDRR and Integrated Weed Management.  Our outreach highlights problems and provides solutions to increase participation.  Local economy is strengthened as we utilize local applicators, businesses for purchase of reclamation materials and conservation tools to be provided at our events.
","   This section is attached in the Additional Files portion....


  ","   Border SWCD manages the High Plains CWMA which has far-reaching impacts.  Members include: Roosevelt, Border, Central Curry, and Chaves SWCDs, BLM, El Llano Estacado RC&D, Center of Excellence, State Land Office, NMDA, NRCS, Roosevelt County, Curry and Roosevelt County Extension Services, Farmers’ Electric Cooperative, and Roosevelt County Electric Coop.
   Our project will address all weed classes.  SWCD and CWMA partners agree to initially target African Rue to help stop its spread into other districts and because of the threat it poses to livestock and the economy.  
   Our collaborated outreach is consistently educating the public in identifying weeds, managing infestations and mapping to report problem areas.  Renewable energy, oil and gas companies, road departments, and electric co-ops are being educated to identify and report infestations, particularly Rue.  Their travel throughout the districts makes them key in these processes.

",Immediately.  HPCWMA and partners have strategies and procedures in place to continue the mission outlined in this proposal.  Each component of our outlined action plan is progressing and will continue. ,Timeline is attached below...,"   Our project progression will include monitoring treated areas, logged with photo documentation and data-sharing.  Land manager participation in the Healthy Soils Program (HSP) is encouraged to leverage and speed our desired outcome.  Having native grasses establish and overtake noxious weed populations is an important objective.  Reclamation training and guidance will be offered to land managers to help ensure success.
   Proper soil preparation practices will be evaluated to determine reclamation materials needs.
African Rue poses a unique problem in that it prospers in poor soils; areas difficult for grasses to establish.  Land managers facing this problem will be encouraged to pursue HSP funding for resources to transition these soil types into grass-friendly areas.  Additionally, Rue flourishes on oil well pads and in livestock pens where grass typically does not have opportunity to establish.  In these situations, continual monitoring for herbicide treatment can be recommended. 
",FY26_NWM_Timeline_HPCWMA_04.25.xlsx,Yes ,Yes ,(blank),FY26_NWM_Budget_HPCWMA-BSWCD_04.25.xlsx,59 812.5,16 300,0,"   Yes, we could scale down our project without impeding our forward progress. Our current strategies will remain in place to meet the needs of district residents and continue to pursue funds.  Outreach, education and treatments will continue.  The actual treatment of infestations would be limited without these funds.  
",Build_Previous_Current_Projects_HPCWMA_FY26_NWM_grant_application.docx,checked,checked,checked,checked,checked,Deena Kinman,dburruss@nmda.nmsu.edu,Dylan Burruss,NMDA-APR,TRUE,2025-04-11T21:13:39Z,1,1,1,"B- Description was mostly clear, but some required information (See list above) was omitted or could be more specific. Some Landowner permissions have already been obtained AND/OR a reasonable plan was presented to obtain them. ",15,A - Response clearly and concisely conveyed why this project was needed in this grant cycle. No doubt remains. ,5,A - Response clearly explained specific and significant benefits to the residents of the impacted area.  ,5,"B - The project involves one or more partners, but the extent and benefit of these partnerships could be clearer. ",4,"B - It is mostly clear that the proposed work is part of, or the start of, a broader comprehensive effort towards noxious weed management.  The applicant connects the proposed work to at least one past or current noxious weed management project that has informed their proposal.  ",4,B ,15,10% Match Provided.  OR | partial match provided AND a compelling reason is given explaining extenuating circumstances. | ,10,B ,23,Yes - Full Funding ,No ,(blank),(blank),mpurdy@nmda.nmsu.edu,Michael Purdy,(blank),TRUE,2025-04-22T19:21:48Z,81,230,76.67,"A - Applicant gave a clear & concise description of the project, summarizing the,	Objectives, Methods, Timeline, and Partners. All Landowner permissions have already been obtained, OR, a reasonable plan was presented to obtain them  ",20,A - Response clearly and concisely conveyed why this project was needed in this grant cycle. No doubt remains. ,5,A - Response clearly explained specific and significant benefits to the residents of the impacted area.  ,5,A - The project involves one or more partner organizations. The benefit of these partnerships has been clearly explained in terms of project outcomes and success.  ,5,"A - The proposed work is clearly part of, or the start of, a broader comprehensive effort towards noxious weed management.  The proposed activities are clearly informed by past experience, even if this experience derives from outside the applicant organization or entity. ",5,A ,20,10% Match Provided.  OR | partial match provided AND a compelling reason is given explaining extenuating circumstances. | ,10,B ,23,Yes - Partial Funding ,Yes ,"knowledge of African Rue Treatments and post treatment reclamation, trainings and events",Potentially treating areas that should be the responsibility of the oil and gas companies?,Ashley.Taylor@emnrd.nm.gov,Ash Taylor,Noxious Weed Management Grant Reviewer,TRUE,2025-04-23T16:51:11Z,93,C - Summary was adequate but more information is needed for a clear understanding of the project. Some OR No landowner permissions have been obtained. A mostly reasonable plan was presented to obtain the rest. ,10,B - Response gave a fairly clear indication that there is a need for the project as proposed.  ,4,"C - Response indicated benefits to residents of the impacted area, but could have been more compelling or specific. ",3,C - Partnerships could be more specific or there are clearly unrealized opportunities for collaboration.  ,3,"D - The project is either uninformed by prior experience, unrelated to existing efforts, or the answer does not contain enough information to discern either way.  ",2,B ,15,10% Match Provided.  OR | partial match provided AND a compelling reason is given explaining extenuating circumstances. | ,10,D ,9,No - No Funding ,No ,There are many aspects to the proposal that are positive. I love the outreach and education as well as the treatment ideas. ,"Established partnerships would be a benefit to this project. Also, there needs to be more details in the budget. ",janet.nickerman@usda.gov,Janet Nickerman,FY26 Noxious Weeds Reviewer,TRUE,2025-04-24T05:02:21Z,56,(blank),(blank),(blank),(blank),"outreach events include ""conservation-related gift certificates, giveaways, meal (if needed)""",(blank),(blank)
Carol.Vatlestad@nm.nacdnet.net,Kareyl,Vatlestad,(blank),(blank),(blank),(blank),(blank),(blank),(blank),(blank),(blank),(blank),FY26 NMDA's Noxious Weed Management Grant,50231915,In-Progress,2025-04-10T11:02:52MDT,FALSE,c5c4d1bd-ee31-4933-8cb6-318fa8999c41,https://grants.nmda.nmsu.edu/submissions/50231915,"Integrated Weed Managemen
Class C
Class B
Class A
State Lands
REVIEW vs other grants
Surveying and Mapping
",(blank),"Gaby Hernandez
Anthony Colin
Patricia Depner",(blank),(blank),243,60.75,Scoring,,2 697 864,https://grants.nmda.nmsu.edu/file/download/ee9c63b5-e0d4-4741-a6e2-6edfd849121c,"2025/04/22 - Gaby Hernandez: The project timeline is unclear and details to project are missing. The proposed timeline indicates that work would extend beyond the grant period, which raises concerns about the feasibility of completing the project within the designated timeframe.",,5,Soil and Water Conservation District  ,(blank),(blank),(blank),(blank),(blank),(blank),(blank),(blank),(blank),(blank),(blank),,(blank),(blank),(blank),(blank),(blank),(blank),Colfax Soil And Water Conservation District,Kareyl,Vatlestad,Carol.vatlestad@nm.nacdnet.net,15 754 459 471,"245 Park Ave.
Ste. 206
Raton, NM 87740",Yes ,(blank),(blank),(blank),(blank),(blank),(blank),(blank),(blank),Possibly ,(blank),Unknown,Black Lake Invasive Thistle Mapping and Treatment,Surveying and Mapping Integrated Weed Management (On-the-Ground Treatments) ,450,,450,"Colfax SWCD proposes mapping and treatment of noxious thistle across 450 acres near Black Lake, NM. Rocky Mountain Ecology (RME) would implement project activities and has successfully teamed with both the NMSLO and CSWCD in the past.","The New Mexico State Land Office (NMSLO) has conducted targeted forest restoration and fuels reduction treatments in the Black Lake area since 2007.   Active forest management including forest thinning, prescribed fire, and removal of forest products have been essential to increasing the area’s ecosystem resilience to wildfire and reduce detrimental impacts of wildfire to the surrounding communities and watershed. Forest treatments have unfortunately propagated substantial populations of noxious weeds in the area, such as Canada thistle (Cirsium arvense), musk thistle (Carduus nutans) and bull thistle (Cirsium vulgare).  

The Colfax SWCD seeks funding to continue the effort of treating noxious weeds in the area. CSWCD has identified RME to implement the monitoring and treatments in the 450 acre project area. RME has a proven track record in the area, as they have assisted the NMSLO in monitoring and conducting treatments in the area. As such, they are intimately familiar with the general area which will assist with efficient project completion. RME will map AND treat thistles concurrently. The area will be treated with a team of up to 7 crew members equipped with backpack sprayers. Each team member will be familiar with local botany, and will utilize a mobile mapper to document thistle populations size and location. Following treatment, RME will return to the project area to map the area again, which will provide results for the monitoring. 

*Please note: this funding request is for a different treatment area than was previously applied and awarded for the FY25 NMDA grant program. 
",Class A Class B Class C ,Canada thistle (Cirsium arvense) ,Bull thistle (Cirsium vulgare) ,Musk thistle (Carduus nutans) ,(blank),"BlackLake_Vicinity.pdf
BlackLake2025_Treatment.pdf",State Lands ,(blank),,,450,,,(blank),We have all of the necessary permissions ,"The New Mexico State Land Office is in support of the proposed project, and has granted verbal permission to access the project area.",(blank),(blank),"The purpose of the project is to improve landscape health and wildfire resiliency to the surrounding communities and watersheds. These noxious weeds hinder the recovery of native grass and forb species, which are well adapted to frequent, low intensity fires. The presence of non-native, noxious plants shifts the competitive balance and creates a more undesirable understory composition following prescribed fires. Additionally, disturbance from forest management activities can cause an increase in undesirable weed populations. With NMSLO identifying this area as a high priority for restoration it will be crucial to implement weed monitoring and treatment to create a landscape wide approach.","Implementing thistle treatments throughout the project area will increase range productivity by reducing noxious weeds and in turn increasing native upland flora which would provide higher quality forage for wildlife and livestock. In addition to increased range quality, reducing thistle populations treatments may show an increase in aesthetic and recreation value by promoting native flowering species and supporting insect populations. Herbicide treatments are highly cost effective and will yield a large treatment area as well as a high success rate in select thistle species, including Canada thistle which is prevalent in the project area. Additionally, residents within surrounding communities may see a decrease in wildfire potential with decreased understory fuel loading due to reduced populations of dense thistle. ",Not enough words allowed in this section to provide anything meaningful looks like a program error. ,"CSWCD intends to work with the NMSLO for land use permissions and project match. CSWCD has already engaged the NMSLO in regard to best use these funds, which has been identified in the attached map above. CSWCD has identified RME  to perform on the ground treatments and post implementation success monitoring. RME has been engaged with similar project efforts in the area and is thus highly familiar with access, project challenges, and has a solid track-record with staff with both the CSWCD and the NMSLO. The Black Lake area has remained a high priority treatment area for NMSLO since 2007. These three entities have a successful and reliable long term working relationship that demonstrates ensured results for this effort.","Mapping and on-the-ground treatments could begin as soon as a notice to proceed is given, hopefully in early summer 2025. Given the minimal snowfall received over Winter 2024-2025, project area entry is likely accessible as soon as May 2025, and it is expected that thistles will be bolted and eligible for treatment in early June. Weather will be closely monitored to ensure herbicide will follow proper application techniques given precipitation, temperature, and wind conditions. 

After commencement of on the ground treatments the project will enter a monitoring phase in which contractor staff will make a follow-up visit to determine the effectiveness of treatments. The follow-up visit will take place late Summer 2025 with NMSLO staff to determine effectiveness of treatments. Reporting will take place in late Summer or Fall of 2025. 
","With a Notice to Proceed, RME would begin procuring herbicide (likely Tordon 22k or similar), surfactant, and dye. Following all necessary procurement, RME would begin mapping and treatment in June 2025. It is anticipated that one complete treatment across all 450 acres would require up to 25 working days.

RME would return to the project area in late July or early August 2025 to re-visit all treatment areas to document the success of the effort (monitoring).","As indicated above, each RME applicator will carry a mobile mapper device that allows mapping while the treatment effort is underway. This will serve as baseline pre-treatment data, including species identification, location, and extent. After the June treatment effort has taken place, RME staff will revisit the project and conduct the same mapping effort as before. This will act as the post-treatment mapping effort. The result of the two mapping efforts will be plotted in GIS and will serve as the monitoring component of this project. Should additional efforts be completed in subsequent years, this data can be continually used to build a long-term monitoring database. ",(blank),No ,(blank),"While Colfax SWCD will not provide match, the New Mexico State Land Office has agreed to $10k in match.",BlackLakenoxious-weed-management-grant-budget.xlsx,59 999.5,10 000,0,Project work can be scaled down by reducing the number of treated acres throughout the project area. ,20250410_LTR_Colfax_SWCD_funding_support.pdf,checked,checked,checked,checked,checked,Carol Vatlestad,dburruss@nmda.nmsu.edu,Dylan Burruss,NMDA-APR,TRUE,2025-04-11T21:56:47Z,1,1,1,"B- Description was mostly clear, but some required information (See list above) was omitted or could be more specific. Some Landowner permissions have already been obtained AND/OR a reasonable plan was presented to obtain them. ",15,A - Response clearly and concisely conveyed why this project was needed in this grant cycle. No doubt remains. ,5,"B - Response gave a fairly clear, reasonably specific indication of the project’s benefit to residents of the impacted area. ",4,A - The project involves one or more partner organizations. The benefit of these partnerships has been clearly explained in terms of project outcomes and success.  ,5,F - Applicant did not meaningfully address the prompt. ,1,B ,15,10% Match Provided.  OR | partial match provided AND a compelling reason is given explaining extenuating circumstances. | ,10,C ,16,Yes - Partial Funding ,Yes ,"Budget for project was well written,  will help to include dates in budget to show timeline alignment for your project.","In the question: Provide a comprehensive timeline of project activities, it would help to give more specific details to understand your project.",ghernandez@nmda.nmsu.edu,Gaby Hernandez,NMDA-APR,TRUE,2025-04-21T22:00:56Z,71,242,80.67,"A - Applicant gave a clear & concise description of the project, summarizing the,	Objectives, Methods, Timeline, and Partners. All Landowner permissions have already been obtained, OR, a reasonable plan was presented to obtain them  ",20,B - Response gave a fairly clear indication that there is a need for the project as proposed.  ,4,"B - Response gave a fairly clear, reasonably specific indication of the project’s benefit to residents of the impacted area. ",4,A - The project involves one or more partner organizations. The benefit of these partnerships has been clearly explained in terms of project outcomes and success.  ,5,"C - The proposed work appears to be a continuation or initialization of noxious weed management efforts, but more detail may be needed to clarify this point.  The applicant does not indicate any past experience informing their proposed work.  ",3,A ,20,10% Match Provided.  OR | partial match provided AND a compelling reason is given explaining extenuating circumstances. | ,10,A  ,30,Yes - Full Funding ,No ,(blank),(blank),acolin@nmda.nmsu.edu,Anthony Colin,NMDA-APR,TRUE,2025-04-24T06:32:59Z,96,"B- Description was mostly clear, but some required information (See list above) was omitted or could be more specific. Some Landowner permissions have already been obtained AND/OR a reasonable plan was presented to obtain them. ",15,A - Response clearly and concisely conveyed why this project was needed in this grant cycle. No doubt remains. ,5,A - Response clearly explained specific and significant benefits to the residents of the impacted area.  ,5,A - The project involves one or more partner organizations. The benefit of these partnerships has been clearly explained in terms of project outcomes and success.  ,5,"A - The proposed work is clearly part of, or the start of, a broader comprehensive effort towards noxious weed management.  The proposed activities are clearly informed by past experience, even if this experience derives from outside the applicant organization or entity. ",5,D ,5,No match provided. AND Compelling reason given explaining extenuating circumstances. ,5,A  ,30,No - No Funding ,Yes ,This s a good project with clear timeline and budget. ,The timeline begins before the start of the grant. ,pdepner@nmda.nmsu.edu,Patricia Depner,(blank),TRUE,2025-04-21T16:22:01Z,75,(blank),(blank),(blank),(blank),(blank),"Project timeline is unclear, need more details to see if it will align with grant Fiscal Year.",(blank)
mollie@nmwild.org,Mollie,Fullerton,505-843-8696,(blank),PO Box 25464,(blank),Albuquerque,New Mexico,NM,(blank),87125,US,FY26 NMDA's Noxious Weed Management Grant,50234198,In-Progress,2025-04-10T14:45:33MDT,FALSE,54d0671b-72e2-4be5-8fae-bcf014e4dd7f,https://grants.nmda.nmsu.edu/submissions/50234198,"Integrated Weed Managemen
Class C
Federal Lands
Class B
Education and Outreach
Class A
Early Detection & Rapid R
Surveying and Mapping
",(blank),"Gaby Hernandez
Michael Chacon
Ash Taylor",(blank),(blank),293,73.25,Scoring,,1 940 062,https://grants.nmda.nmsu.edu/file/download/ee9c63b5-e0d4-4741-a6e2-6edfd849121c,"2025/04/22 - Gaby Hernandez: The application was well-crafted, and the project’s details and objectives were clearly outlined. However, for future submissions, it would be beneficial to include more specific information regarding the work done from FY25 grant funds, as well as a clearer description of the new work planned for FY26. This would help to demonstrate continued funding of the project is for a meaningful and impactful purpose.",,6,Nonprofit or other Non-Governmental Organization with proven land management capacity ,(blank),85-0457916,NEW MEXICO WILDERNESS ALLIANCE,317 Commercial St NE,Ste 300,Albuquerque,NM,87102,501(c)(3) Public Charity,A public charity (50% deductibility limitation).,Section 509(a)(1) organization as referred to in Section 170(b)(1)(A)(vi),,2025-03-10T00:00:00,2025-03-10T00:00:00,2025-04-07T00:00:00,This organization was not included in the Office of Foreign Assets Control Specially Designated Nationals(SDN) list.,"('1999',)/('08',)",(blank),New Mexico Wilderness Alliance (New Mexico Wild),Mollie ,Fullerton,mollie@nmwild.org,15 058 438 696,"6000 Uptown Blvd NE, Ste. 350, Albuquerque, NM 87110",No ,PO Box 25464,(blank),Albuquerque,NM,US,87125,-106.642952,35.092408,No ,(blank),(blank),Gila Wilderness- Invasive Species Field Team,Surveying and Mapping Early Detection & Rapid Response (EDRR) Integrated Weed Management (On-the-Ground Treatments) Education and Outreach ,160,320,1 600,New Mexico Wild will expand a current project that uses previously mapped infestations to target noxious weeds on the Gila NF for physical removal. We’ll expand the project’s current footprint and increase efficacy of previous treatments with monitoring and re-treatments. ,"Our partner Heart of the Gila has completed 512 miles of invasive species survey in the Gila in recent years. We have initiated a project under a FY2025 NMDA grant, primarily in the Gila Wilderness, to use these previous, spatially mapped infestations to target the following species for physical removal: Class A (yellow toadflax, camelthorn), Class B (bull thistle, poison hemlock), Class C (Siberian Elm, Eurasian watermilfoil, cheat grass). Where new infestations are found, we are collecting new survey data with the Forest Service TESP-IS application and treating these new infestations in an EDRR protocol. New infestations that can’t be immediately treated will be mapped. We will follow removal, EDRR, and survey guidelines laid out by the Forest Service. The project also includes education activities consisting of four volunteer projects. Volunteers will help remove priority invasives. These projects will include sharing information from NMDA about detecting and treating early infestations of invasive plants, plus information about identifying priority noxious weeds. This project proposed for FY2026 NMDA funds is an expansion and continuation of our FY2025 project, targeting the same species listed above. This is needed due to the vast scale of the existing survey, which will not all be possible to treat in FY2025; there is also urgency to conducting treatments using existing survey data before it becomes outdated. Additionally, there is a need to monitor and re-treat treatment actions conducted under our FY2025 activities as needed to ensure efficacy of treatments. ",Class A Class B Class C ,Camelthorn (Alhagi psuedalhagi) Yellow toadflax (Linaria vulgaris) ,Bull thistle (Cirsium vulgare) Poison hemlock (Conium maculatum) ,Cheatgrass  (Bromus tectorum) Eurasian watermilfoil (Myriophyllum spicatum) Siberian elm (Ulmus pumila) ,(blank),NMDA_Noxious_Weeds_Grant_Project_Maps-NMW-HOTG.pdf,Federal Lands ,(blank),,,,2 080,,(blank),We have all of the necessary permissions ,"New Mexico Wild has cooperative agreements to assist the Forest Service with a wide array of project work, including work related to invasive species/noxious weeds, in Wilderness and wildlands on all five of the National Forests in New Mexico, including the Gila National Forest. One of the cooperative agreements is with the Gila National Forest and the second is with the Forest Service Regional Office, which allows work on National Forest System lands across NM. We also have verbal agreements and numerous email communications documenting this permission, as well as a support letter for from the Gila National Forest. This project is a continuation of the project for which they provided support.",(blank),(blank),"The noxious weeds identified for removal in this project spread aggressively in riparian landscapes and areas of disturbance such as burn scars. Most known infestations are in riparian areas, in the Whitewater Baldy burn scar, and likely in the Black Fire footprint. It is critical to put resources into treating infestations of target Class A, B, and C species before they spread throughout waterways and large disturbance areas. Providing funding for this effort will allow us to continue momentum from FY2025 treatments, increase efficacy of these treatments, and keep noxious weed infestations from becoming too large to feasibly manage. Maintaining the biodiversity of the Gila National Forest and Wilderness is a national, state, and local priority. Controlling invasive species in the upper watersheds of the river will help prevent movement of noxious weeds downstream into the farming communities of Gila and Cliff, NM, and support the outdoor recreation economy. ","The Gila River watershed is one of the most biodiverse networks of riparian areas in New Mexico that supports seven endangered species. Protecting the native riparian flora is critical to maintaining the habitat structure that supports these species.  It also provides one of the highest breeding bird concentrations in North America, including rare species such as the Gila Woodpecker and the threatened Southwestern Willow Flycatcher. Keeping this unique, biodiverse landscape intact aids in our efforts to combat climate change and stabilize New Mexico’s ecosystems. The characteristics of the Gila region contribute substantially to the regional tourist economy and maintaining wilderness character helps preserve the reasons people visit the area. This grant itself will generate new seasonal jobs that benefit young New Mexicans entering the work force. Controlling noxious weed infestations in headwaters areas will also prevent infestations downstream in agricultural areas, thereby avoiding potential economic impacts in agricultural communities.  ",Currently (FY25 grant) treating previously surveyed weeds. FY26 project expands current effort footprint and increases previous treatment efficacy.,"Heart of the Gila (HOTG) will be our primary partner on this project to help provide training, technical support, data management, logistical support, and engagement in educational events. HOTG has been working on invasive species management with the Gila since 2016 and recently completed a multi-year effort of 512 miles invasive species survey in the Gila. This will complement New Mexico Wild’s extensive experience managing backcountry crews and hosting educational events. 
We will also partner closely with the GNF. We expect Forest staff in the wilderness and botany programs to be involved in various aspects of the project. GNF staff will also play a large role in prioritizing infestation targets and in data storage and support.
For logistical support, we will partner with local outfitter/guides like Gila Backcountry Services to provide implementation support in remote areas such as equipment and water drops, and where necessary, removal of noxious weed material. ",25-Jul,"July-October 2025 – Assess existing staff capacity against other stewardship commitments and continue treatments of Class A, B, and C noxious weed species as possible. 
October-November 2025 – Fully compile data, hitch/project reports, and identify potential 2026 field season treatment priorities.
February 2026 – Meet with Gila National Forest Botanist to finalize project areas for treatment in 2026 field season and any areas that need follow-up monitoring and/or additional surveys and mapping. 
March 2026 - Plan out logistics for each treatment area/ranger hitch; line up outfitter/guides for packing support; plan specific dates for outreach/educational volunteer events; hire Wilderness Ranger crew. 
April 2026 – Onboard and train Wilderness Rangers on identification, treatment, and TESP survey and mapping protocols. Hold first treatment hitch. 
May 2026-October 2026 - Implement an additional ten 8-day treatment hitches, targeting different previously surveyed and mapped infestations. During these field days, perform EDRR treatment on any additional infestations of target species listed above, as well as additional survey and mapping where species that cannot be treated under EDRR protocol are identified; host four additional volunteer/educational projects. 
October 2026 - Complete data analysis and submit final spatial data to NMDA and the Gila National Forest.","This project will specifically allow for and incorporate post-treatment monitoring of treatments conducted in 2025. In addition, the Gila National Forest (GNF) has stated an intent to conduct post-treatment monitoring. Further, both New Mexico Wild and HOTG have longstanding partnerships with the GNF. HOTG in particular has a strong emphasis on working with the GNF on noxious weed issues and New Mexico Wild has a strong track record of working on a wide array of back country stewardship projects, including noxious weed removals. We therefore expect that between our two organizations that we will find future resources to assist with post-treatment monitoring, as both organizations routinely work across the project area (e.g. post-treatment monitoring may be feasible during other project activities) and the success of these treatments is important to the mission of both organizations. ",(blank),Yes ,(blank),(blank),2026_NMDA_noxious-weed-management-grant-budget-template_New_Mexico_Wild.xlsx,59 990.92,23 839.9,0,"We could scale down this project if needed if only partial funding were awarded. The implications of a scaled down project would be fewer hitches worked, meaning that we would have a lesser impact on the removal of target noxious weed populations (e.g. fewer noxious weeds removed), fewer education/outreach events, and the amount of EDRR and survey/mapping work would also be reduced. The specific extent to which need to scale down hiring or field hitches would depend on the amount of funding granted. ","NMDA_Noxious_Weeds_Grant_Support_Letter-HOTG.pdf
Letter_of_Support_for_NMDA_Noxious_Weed_Management_Grant.pdf",checked,checked,checked,checked,checked,Mollie Fullerton,dburruss@nmda.nmsu.edu,Dylan Burruss,NMDA-APR,TRUE,2025-04-11T21:57:13Z,1,1,1,"A - Applicant gave a clear & concise description of the project, summarizing the,	Objectives, Methods, Timeline, and Partners. All Landowner permissions have already been obtained, OR, a reasonable plan was presented to obtain them  ",20,A - Response clearly and concisely conveyed why this project was needed in this grant cycle. No doubt remains. ,5,A - Response clearly explained specific and significant benefits to the residents of the impacted area.  ,5,"B - The project involves one or more partners, but the extent and benefit of these partnerships could be clearer. ",4,"B - It is mostly clear that the proposed work is part of, or the start of, a broader comprehensive effort towards noxious weed management.  The applicant connects the proposed work to at least one past or current noxious weed management project that has informed their proposal.  ",4,A ,20,10% Match Provided.  OR | partial match provided AND a compelling reason is given explaining extenuating circumstances. | ,10,A  ,30,Yes - Full Funding ,No ,The overall level of detail is excellent.,"In Partners, ""We expect Forest staff in the wilderness and botany programs to be involved in various aspects of the project."" I would rather see specifics of what Forest staff will do.",michael.chacon@iad.nm.gov,Michael Chacon,FY26 HSP reviewer,TRUE,2025-04-22T21:49:39Z,98,292,97.33,"B- Description was mostly clear, but some required information (See list above) was omitted or could be more specific. Some Landowner permissions have already been obtained AND/OR a reasonable plan was presented to obtain them. ",15,A - Response clearly and concisely conveyed why this project was needed in this grant cycle. No doubt remains. ,5,A - Response clearly explained specific and significant benefits to the residents of the impacted area.  ,5,A - The project involves one or more partner organizations. The benefit of these partnerships has been clearly explained in terms of project outcomes and success.  ,5,"B - It is mostly clear that the proposed work is part of, or the start of, a broader comprehensive effort towards noxious weed management.  The applicant connects the proposed work to at least one past or current noxious weed management project that has informed their proposal.  ",4,A ,20,10% Match Provided.  OR | partial match provided AND a compelling reason is given explaining extenuating circumstances. | ,10,A  ,30,Yes - Full Funding ,No ,"For question: What economic or environmental benefits would this project have for the residents of the impacted area?
Great response was provided on how project helps with weeds and birds.","For question: How does this project build on previous and current projects?
More details on how the project activities from FY25 help build your grant for FY26 would help the reviewer see they are not funding the same project.",ghernandez@nmda.nmsu.edu,Gaby Hernandez,NMDA-APR,TRUE,2025-04-22T17:16:25Z,94,"A - Applicant gave a clear & concise description of the project, summarizing the,	Objectives, Methods, Timeline, and Partners. All Landowner permissions have already been obtained, OR, a reasonable plan was presented to obtain them  ",20,A - Response clearly and concisely conveyed why this project was needed in this grant cycle. No doubt remains. ,5,A - Response clearly explained specific and significant benefits to the residents of the impacted area.  ,5,A - The project involves one or more partner organizations. The benefit of these partnerships has been clearly explained in terms of project outcomes and success.  ,5,"A - The proposed work is clearly part of, or the start of, a broader comprehensive effort towards noxious weed management.  The proposed activities are clearly informed by past experience, even if this experience derives from outside the applicant organization or entity. ",5,A ,20,10% Match Provided.  OR | partial match provided AND a compelling reason is given explaining extenuating circumstances. | ,10,A  ,30,Yes - Full Funding ,No ,backcountry invasive work in an important NF,(blank),Ashley.Taylor@emnrd.nm.gov,Ash Taylor,Noxious Weed Management Grant Reviewer,TRUE,2025-04-23T16:40:40Z,100,(blank),(blank),(blank),(blank),(blank),(blank),(blank)
victoria.milne@nm.nacdnet.net,Victoria,Milne,(blank),(blank),(blank),(blank),(blank),(blank),(blank),(blank),(blank),(blank),FY26 NMDA's Noxious Weed Management Grant,50234498,In-Progress,2025-04-10T15:13:18MDT,FALSE,7ee4bf0d-7101-4373-ac58-1b68e819d533,https://grants.nmda.nmsu.edu/submissions/50234498,"Federal Lands
Class B
Private Lands
State Lands
Local Governmental Lands
REVIEW vs other grants
Surveying and Mapping
NO PRIVATE MATCH
",(blank),"Miles Mitchell
Anthony Colin
Michael Purdy",(blank),(blank),237,59.25,Scoring,,1 122 176,https://grants.nmda.nmsu.edu/file/download/ee9c63b5-e0d4-4741-a6e2-6edfd849121c,"2025/04/23 - Miles Mitchell: I recommend partial match.  I not sure of the pricing on unit values/per acre., seem really high?
The matching funds provided, I am not sure this is a direct match?  It is notes funding for treatment but not mapping.  Just a question?",,7,Soil and Water Conservation District  ,(blank),(blank),(blank),(blank),(blank),(blank),(blank),(blank),(blank),(blank),(blank),,(blank),(blank),(blank),(blank),(blank),(blank),Otero Soil and Water Conservation District,Victoria,Milne,victoria.milne@nm.nacdnet.net,15 754 373 100,"3501 Mesa Village Drive, Alamogordo, NM  88310",Yes ,(blank),(blank),(blank),(blank),(blank),(blank),(blank),(blank),Yes ,District Opportunities,(blank),Precision Ag Mapping of African Rue,Surveying and Mapping ,9 000,,,Otero SWCD has added drone mapping to our noxious weed management program.  Additional funding is required to adequately map the African Rue populations within Otero County.,"Otero SWCD has a very active noxious weed management program.  The only component we do not have staff for is the surveying/mapping of weed populations.  African Rue is known to occur across the rangelands in Otero County.  Twenty-seven Bureau of Land Management allotments are being monitored and treated for African Rue.  
We have secured SkyView2U as the contractor that will begin a drone mapping project on 1,000 acres where African Rue is present this spring.  This will help us pinpoint any satellite locations for treatment.  It will also allow us to fine tune the data collection process before implementing this project.
This project will allow for a landscape scale view of 9,000 additional acres utilizing SkyView2U.  The contractor will finalize the schedule with the Department of Defense in September and begin mapping in October.   An ongoing contract with the BLM will cover the cost of treatments this fall as match.  African Rue will be dormant in the winter before it reappears in the spring.  In March the contractor will schedule the mapping with the Department of Defense and finish mapping in April.  Our BLM contract will cover the cost of treatments in the spring.
This comprehensive mapping of African Rue will tell us how effective our program has been and provide direction on how we can improve the program going forward.    ",Class B ,(blank),African rue (Peganum harmala) ,(blank),(blank),Precision_Weed_Mapping_Project_Map.docx,"Private Lands State Lands Federal Lands Local Governmental Lands (County, Municipal, etc.) ",(blank),500,500,1 000,7 000,,(blank),We have all of the necessary permissions ,"We have contracts with the Bureau of Land Management, NM State Forestry and Otero County to treat noxious weeds.  Surveying/mapping is a component of those contracts.  We have worked with the Department of Defense to obtain the necessary protocols/permissions to do the mapping.",(blank),(blank),"Adequate mapping of the noxious weeds is essential to the success of the treatment.  We have used visual methods in the past to document the locations of the weeds, but drones provide a way to get large parcels mapped more efficiently.  ",The residents would benefit by having the whole property mapped so that satellite populations of noxious weeds are not missed.  Even a few plants outside the known area of treatment can limit the success of the treatments.,The project will increase the accuracy of our weed treatment program.  We anticipate adding this type of mapping into future funding applications.,"We will be working with the Otero County Cooperative Weed Management Area partners to implement the project. The objective would be to utilize the partnerships so that we can expand the project to cross land management boundaries in the future. This requires scheduling with the Department of Defense (White Sands Missile Range, Holloman AFB, and Fort Bliss) to use the drone in restricted air space.  We have a five-year agreement with the Bureau of Land Management to treat African Rue.  The US Forest Service is finalizing their Non-Native Invasive Plant EIS and hopes to work with us in 2026 on treatments to include mapping.  ",25-Sep,September 2025 - project start with contracting and scheduling with the Department of Defense.  Mapping will begin in October until first frost. Treatments will occur simultaneously.   March 2026 we will begin scheduling with the Department of Defense.  Mapping will begin in April until completed.  Treatments will occur simultaneously.,Not applicable.,(blank),Yes ,No ,(blank),Otero_SWCD_Drone_Mapping_4_9_2025.xlsx,58 117.5,10 595,10 595,"Yes, we can scale down the project.  The cost is on a per acre basis.  This allows us to make any necessary changes to the project.",(blank),checked,checked,checked,checked,checked,Victoria Milne,dburruss@nmda.nmsu.edu,Dylan Burruss,NMDA-APR,TRUE,2025-04-11T21:58:34Z,1,1,1,"A - Applicant gave a clear & concise description of the project, summarizing the,	Objectives, Methods, Timeline, and Partners. All Landowner permissions have already been obtained, OR, a reasonable plan was presented to obtain them  ",20,B - Response gave a fairly clear indication that there is a need for the project as proposed.  ,4,"B - Response gave a fairly clear, reasonably specific indication of the project’s benefit to residents of the impacted area. ",4,A - The project involves one or more partner organizations. The benefit of these partnerships has been clearly explained in terms of project outcomes and success.  ,5,"A - The proposed work is clearly part of, or the start of, a broader comprehensive effort towards noxious weed management.  The proposed activities are clearly informed by past experience, even if this experience derives from outside the applicant organization or entity. ",5,B ,15,10% Match Provided.  OR | partial match provided AND a compelling reason is given explaining extenuating circumstances. | ,10,B ,23,Yes - Full Funding ,No ,(blank),(blank),acolin@nmda.nmsu.edu,Anthony Colin,NMDA-APR,TRUE,2025-04-24T06:32:50Z,86,236,78.67,"A - Applicant gave a clear & concise description of the project, summarizing the,	Objectives, Methods, Timeline, and Partners. All Landowner permissions have already been obtained, OR, a reasonable plan was presented to obtain them  ",20,A - Response clearly and concisely conveyed why this project was needed in this grant cycle. No doubt remains. ,5,"B - Response gave a fairly clear, reasonably specific indication of the project’s benefit to residents of the impacted area. ",4,A - The project involves one or more partner organizations. The benefit of these partnerships has been clearly explained in terms of project outcomes and success.  ,5,"D - The project is either uninformed by prior experience, unrelated to existing efforts, or the answer does not contain enough information to discern either way.  ",2,B ,15,10% Match Provided.  OR | partial match provided AND a compelling reason is given explaining extenuating circumstances. | ,10,C ,16,Yes - Partial Funding ,No ,"The need is definitely identified and reasonable moving forward for collecting data on noxious weed areas of concern.
Many partners included in the process that can help collect data outside the hire contractor to do the mapping.","I would like economic and environment benefits in more detail.

Timeline is reasonable in general but would like to see a more detailed timeline to help with reaching goals or priorities more effectively.  This can also be tied directly to the budget request.",mmitchell@nmda.nmsu.edu,Miles Mitchell,(blank),TRUE,2025-04-23T15:10:00Z,77,"B- Description was mostly clear, but some required information (See list above) was omitted or could be more specific. Some Landowner permissions have already been obtained AND/OR a reasonable plan was presented to obtain them. ",15,B - Response gave a fairly clear indication that there is a need for the project as proposed.  ,4,"B - Response gave a fairly clear, reasonably specific indication of the project’s benefit to residents of the impacted area. ",4,"B - The project involves one or more partners, but the extent and benefit of these partnerships could be clearer. ",4,"A - The proposed work is clearly part of, or the start of, a broader comprehensive effort towards noxious weed management.  The proposed activities are clearly informed by past experience, even if this experience derives from outside the applicant organization or entity. ",5,B ,15,10% Match Provided.  OR | partial match provided AND a compelling reason is given explaining extenuating circumstances. | ,10,C ,16,Yes - Partial Funding ,Yes ,(blank),(blank),mpurdy@nmda.nmsu.edu,Michael Purdy,(blank),TRUE,2025-04-22T19:22:27Z,73,(blank),(blank),(blank),(blank),"The Budget items seemed to be questionable on unit pricing for mapping.  
I thing the budget could provide more details on acreages since this includes many partners with private, state and federal lands.",(blank),"$58,000 seems like an excessive amount for a project the only includes mapping. I also question the benefit of using drone mapping on 9,000 acres as opposed to already existing GIS maps. Applicant is also claiming 10k in match that is going to be used for weed treatment but the application is only for mapping?"
c.allen@centralcurry.com,Central Curry ,SWCD,(blank),(blank),(blank),(blank),(blank),(blank),(blank),(blank),(blank),(blank),FY26 NMDA's Noxious Weed Management Grant,50235253,In-Progress,2025-04-10T16:46:55MDT,FALSE,9dbbb772-3919-4e88-832c-e082c82c5562,https://grants.nmda.nmsu.edu/submissions/50235253,"Integrated Weed Managemen
Class C
Class B
Private Lands
Class A
REVIEW vs other grants
",(blank),"Michael Chacon
Anthony Colin
Michael Purdy",(blank),(blank),241,60.25,Scoring,,128 448,https://grants.nmda.nmsu.edu/file/download/ee9c63b5-e0d4-4741-a6e2-6edfd849121c,(blank),,9,Soil and Water Conservation District  ,(blank),(blank),(blank),(blank),(blank),(blank),(blank),(blank),(blank),(blank),(blank),,(blank),(blank),(blank),(blank),(blank),(blank),Central Curry SWCD,Cory,Allen,c.allen@centralcurry.com,15 755 209 394,"918 Parkland Dr
Clovis NM 88101",Yes ,(blank),(blank),(blank),(blank),(blank),(blank),(blank),(blank),Yes ,"Healthy Soils Grant
Legacy Grant",(blank),Sustainable Noxious Weed Management for Enhanced Agricultural Productivity,Integrated Weed Management (On-the-Ground Treatments) ,,,2 490,"This project focuses on controlling noxious weeds on agricultural land using either mechanical or chemical treatments. By collaborating with producers, we aim to reduce weed populations, improve land productivity, and provide sustainable land management solutions.","This project focuses on managing and controlling noxious weeds on agricultural land to improve land health and productivity. In collaboration with producers, we will implement either mechanical or chemical treatment methods, depending on the specific needs of the land and the extent of the weed infestation. This approach allows for flexibility while ensuring that effective weed control strategies are applied.

The first phase of the project will involve detailed surveying and mapping of the land to assess the spread and density of noxious weeds. Based on this data, we will determine the most appropriate treatment method. Mechanical treatments, such as mowing, tilling, or cutting, will be used to physically remove weeds and limit their ability to spread. Alternatively, chemical treatments will be used in areas where mechanical methods are less effective, applying herbicides in a targeted manner to minimize environmental impact while controlling stubborn weed populations.

Throughout the project, ongoing monitoring will ensure that treatments are effective and that any necessary follow-up actions are identified. The final phase will involve an evaluation of treatment success, including a comprehensive report on the reduction of noxious weeds and the overall improvement of land conditions. This project will provide producers with the tools and knowledge to manage noxious weeds sustainably, ensuring healthier land and more productive agricultural operations in the future.",Class A Class B Class C ,Hoary cress (Cardaria spp.) Spotted knapweed (Centaurea biebersteinii) Yellow starthistle (Centaurea solstitialis) ,Halogeton (Halogeton glomeratus) Spiny cocklebur (Xanthium spinosum) ,Cheatgrass  (Bromus tectorum) Musk thistle (Carduus nutans) Russian knapweed (Acroptilon repans) Russian olive (Elaeagnus angustifolia) Saltcedar (Tamarix spp.) Tree of heaven (Ailanthus altissima) ,(blank),District_Map.pdf,Private Lands ,(blank),2 490,,,,,(blank),We have all of the necessary permissions ,We currently utilize a form that producers complete to grant us permission to perform work on their land prior to the commencement of such activities.,(blank),(blank),"The Central Curry Soil and Water Conservation District (SWCD) is enthusiastic about collaborating with local producers to address the issue of unwanted and noxious weeds in our region. Our expansive landscape, characterized by numerous acres of stunning rangeland, presents a unique opportunity for improvement. Our goal is to enhance the quality of this land for our producers by implementing effective brush control practices aimed at eliminating noxious weed species.
Through these efforts, we aim to foster the growth of beneficial native grasses, which will not only bolster the health of our ecosystems but also support the productivity of agricultural operations in the area. By working together, we can create a sustainable and thriving environment that benefits both our land and the producers who depend on it. We look forward to engaging with our community to ensure the success of these vital conservation initiatives.","The project aimed at controlling unwanted and noxious weeds in the area offers significant economic and environmental benefits for local residents. Economically, enhancing the quality of rangeland will increase agricultural productivity by promoting the growth of native grasses, which improves forage quality for livestock. This can lead to higher farm yields and increased property values, as healthy land is more desirable to potential buyers. Additionally, reducing the need for herbicides can result in cost savings for producers.
Environmentally, the project fosters biodiversity by restoring native plant communities, which supports a diverse range of wildlife. Improved soil health from native grasses enhances soil structure and fertility, reducing erosion and promoting better water retention. Furthermore, healthier rangelands contribute to water quality protection by minimizing runoff and sedimentation in local water bodies. Overall, this initiative enhances agricultural viability while promoting environmental stewardship and sustainability for the entire community.","This new project uses targeted treatments to manage noxious weeds, building on previous land management practices to improve land health.","Our organization will collaborate with key partners, including the Natural Resources Conservation Service (NRCS), local agricultural organizations, and conservation groups.
Partnering with NRCS will provide technical assistance and funding opportunities, ensuring our strategies align with best practices for managing noxious weeds and invasive species. Their expertise will enhance the project's effectiveness in promoting sustainable land management.
Local agricultural organizations will offer insights into the specific challenges faced by producers, allowing us to tailor our approaches effectively. Conservation groups will contribute their knowledge in ecological restoration, strengthening our weed control efforts.
These partnerships will foster collaboration and community involvement. By leveraging the strengths of each partner, we can enhance the project's impact, ensuring sustainable outcomes that benefit both the environment and local agriculture, ultimately promoting healthier rangelands.","We will be ready to begin project activities as soon as the grant cycle opens. This timing will allow us to mobilize our resources, finalize partnerships, and implement our strategies promptly. We are prepared to hit the ground running and ensure a smooth start to the project as soon as funding is secured.","Phase 1: Planning and Initial Preparation (Weeks 1-4)

          Week 1-4: Initial project meetings with producers, stakeholders, and team members

                     Activity: Coordination, setting objectives, and defining project scope

                    Deliverable: Finalized project plan, goals, and timelines

        Week 1-4: Surveying and Mapping

                   Activity: Conduct detailed land surveys and aerial mapping using drones for baseline data

                  Deliverable: Aerial maps and geographic data identifying the extent of noxious weed populations

Phase 2: Early Detection and Rapid Response (EDRR) (Weeks 5-8)

        Week 5-8: Identify and assess high-priority areas for treatment

                  Activity: On-the-ground inspection and mapping of early-stage weed infestations

                  Deliverable: EDRR plan outlining areas for immediate treatment

       Week 5-8: Implement Initial Treatment

                 Activity: Begin mechanical and chemical treatments in identified areas

                 Deliverable: Treatment records and progress reports

Phase 3: Ongoing Treatment and Maintenance (Weeks 9-16)

       Week 9-16: Ongoing mechanical or chemical treatment

               Activity: Continue applying treatments to remaining areas, focusing on high-density infestations

               Deliverable: Updated treatment logs and monitoring reports

      Week 12-16: Post-Treatment Monitoring (Drone Imagery)

              Activity: Capture aerial imagery to assess treatment effectiveness

              Deliverable: Pre- and post-treatment imagery comparison

Phase 4: Final Evaluation and Reporting (Weeks 17-20)

     Week 17-18: Final on-the-ground inspection and survey

            Activity: Verify treatment success through visual inspections and drone imagery

            Deliverable: Post-treatment survey data and final project report

Week 19-20: Project Review and Adjustment (if necessary)

Activity: Analyze data, review results with producers, and adjust future management strategies

Deliverable: Final evaluation report, including recommendations for follow-up actions","Post-treatment monitoring will include the use of drone imagery to capture high-resolution aerial photos of the project area before and after treatment. This imagery will allow for detailed comparison of vegetation density, coverage of noxious weeds, and overall land condition. By documenting visual changes over time, we can assess treatment effectiveness, identify areas needing follow-up, and support data-driven reporting and adaptive management.",(blank),Yes ,Yes ,(blank),CC_noxious-weed-management-grant-budget-template_2.xlsx,58 905.44,14 250,0,"Yes, the district can effectively scale down the project if needed by targeting a reduced number of acres, while still maintaining project goals and impact.",(blank),checked,checked,checked,checked,checked,Cory Allen,dburruss@nmda.nmsu.edu,Dylan Burruss,NMDA-APR,TRUE,2025-04-11T21:59:43Z,1,1,1,"B- Description was mostly clear, but some required information (See list above) was omitted or could be more specific. Some Landowner permissions have already been obtained AND/OR a reasonable plan was presented to obtain them. ",15,A - Response clearly and concisely conveyed why this project was needed in this grant cycle. No doubt remains. ,5,A - Response clearly explained specific and significant benefits to the residents of the impacted area.  ,5,A - The project involves one or more partner organizations. The benefit of these partnerships has been clearly explained in terms of project outcomes and success.  ,5,"B - It is mostly clear that the proposed work is part of, or the start of, a broader comprehensive effort towards noxious weed management.  The applicant connects the proposed work to at least one past or current noxious weed management project that has informed their proposal.  ",4,B ,15,10% Match Provided.  OR | partial match provided AND a compelling reason is given explaining extenuating circumstances. | ,10,A  ,30,Yes - Full Funding ,No ,(blank),(blank),mpurdy@nmda.nmsu.edu,Michael Purdy,(blank),TRUE,2025-04-22T19:22:52Z,89,240,80,"B- Description was mostly clear, but some required information (See list above) was omitted or could be more specific. Some Landowner permissions have already been obtained AND/OR a reasonable plan was presented to obtain them. ",15,B - Response gave a fairly clear indication that there is a need for the project as proposed.  ,4,"B - Response gave a fairly clear, reasonably specific indication of the project’s benefit to residents of the impacted area. ",4,C - Partnerships could be more specific or there are clearly unrealized opportunities for collaboration.  ,3,"D - The project is either uninformed by prior experience, unrelated to existing efforts, or the answer does not contain enough information to discern either way.  ",2,B ,15,(blank),,C ,16,Yes - Partial Funding ,Yes ,(blank),(blank),acolin@nmda.nmsu.edu,Anthony Colin,NMDA-APR,TRUE,2025-04-24T06:32:37Z,59,"A - Applicant gave a clear & concise description of the project, summarizing the,	Objectives, Methods, Timeline, and Partners. All Landowner permissions have already been obtained, OR, a reasonable plan was presented to obtain them  ",20,B - Response gave a fairly clear indication that there is a need for the project as proposed.  ,4,A - Response clearly explained specific and significant benefits to the residents of the impacted area.  ,5,A - The project involves one or more partner organizations. The benefit of these partnerships has been clearly explained in terms of project outcomes and success.  ,5,"C - The proposed work appears to be a continuation or initialization of noxious weed management efforts, but more detail may be needed to clarify this point.  The applicant does not indicate any past experience informing their proposed work.  ",3,B ,15,10% Match Provided.  OR | partial match provided AND a compelling reason is given explaining extenuating circumstances. | ,10,A  ,30,Yes - Full Funding ,No ,"Good detail, and would be a benefit to a large number of producers.","Project Need does not explain ""why this project was needed in this grant cycle."" 

Build on Previous Projects detail is lacking.

In Project Timeline, ""more detail (dates) would be helpful for understanding the work to be conducted. ""

",michael.chacon@iad.nm.gov,Michael Chacon,FY26 HSP reviewer,TRUE,2025-04-22T21:51:04Z,92,(blank),(blank),(blank),(blank),"This project requires internal discussion in APR, along with related projects from other programs. 
[NOT for TRC DISCUSSION] Line item 3 names a company for which the applicant has a vested financial interest. [/N4TRC] 
[FOR TRC] The line items are uncomfortably vague. [/TRC]",(blank),(blank)
tyler@tswcd.org,Tyler,Zander,(blank),(blank),(blank),(blank),(blank),(blank),(blank),(blank),(blank),(blank),FY26 NMDA's Noxious Weed Management Grant,50238417,In-Progress,2025-04-11T06:20:18MDT,FALSE,3966eb8a-8aff-4d73-884e-171524b3c9f6,https://grants.nmda.nmsu.edu/submissions/50238417,"Integrated Weed Managemen
Class C
Private Lands
Education and Outreach
REVIEW vs other grants
Surveying and Mapping
",(blank),"Gaby Hernandez
Miles Mitchell
Patricia Depner",(blank),(blank),288,72,Scoring,,13 393 634,https://grants.nmda.nmsu.edu/file/download/ee9c63b5-e0d4-4741-a6e2-6edfd849121c,(blank),,10,Soil and Water Conservation District  ,(blank),(blank),(blank),(blank),(blank),(blank),(blank),(blank),(blank),(blank),(blank),,(blank),(blank),(blank),(blank),(blank),(blank),Taos Soil and Water Conservation District,Tyler,Zander,tyler@tswcd.org,19 283 800 241,"220 Chamisa Rd
Taos, NM 87571",Yes ,(blank),(blank),(blank),(blank),(blank),(blank),(blank),(blank),Yes ,"NMDA Healthy Soils Grant Program
NMDA District Opportunities Education Grant",(blank),Mechanical Removal and Follow Up Treatment for Russian Olives In Taos County,Integrated Weed Management (On-the-Ground Treatments) Education and Outreach Surveying and Mapping ,80,,40,This project will focus on mechanical removal of Russian Olive trees on Taos County private agricultural land and follow up treatments to address tree resprouting.    ,"Taos SWCD will be working with private landowners in its district who seek assistance in removing Russian Olives and maintaining desirable vegetation in the treated areas.  The project's focus is particularly Russian Olives, but this species often presents along two other woody noxious weeds able to be controlled in a similar manner: Siberian Elm and Saltcedar.  Because of the scope of the problem, landowners will continue to apply for assistance and potential project sites will be evaluated by Taos SWCD staff to record acreage and density of infestation so as to get a specific sense of the scope of work involved to employ contractors in mechanically removing the Russian Olives.

Applicant parcels will be visited and mapped and ranked for suitability for district assistance in helping landowners remove the invasive species.  Taos SWCD will partner with contractors to mechanically remove Russian Olives and conduct managed goat grazing activities to deal with invasive species regrowth.  Alternatively, landowners will be provided technical assistance, equipment rental, and PPE for self-application of follow up herbicide treatments to deal with regrowth after initial treatment.   

For those who have already worked with Taos SWCD and had their property treated through mastication (scheduled for August 2025 with other funding) and cut stump treatment, there are opportunities in later 2025 for follow up treatment based on landowner preference and circumstance, whether that be a repeat herbicide basal bark treatment or a targeted goat grazing treatment.


     ",Class C ,(blank),(blank),Russian olive (Elaeagnus angustifolia) Siberian elm (Ulmus pumila) Saltcedar (Tamarix spp.) ,(blank),"Russian_Olive_Removal_Sites_2025.pdf
Taos_SWCD_Russian_Olive_Areas_of_Interest.pdf",Private Lands ,(blank),40,,,,,(blank),We have all of the necessary permissions ,"Interested eligible landowners in the Taos SWCD apply to that entity for assistance in addressing noxious weed infestations on land they own or formally lease.  Once site visits and infestation inventories are performed and landowners agree to the project terms, a written contract is established between the landowner/land manager and the soil and water conservation district.  ",(blank),(blank),"Over the last several decades since its introduction, Russian Olives have become established in riparian agricultural areas, taking over in riparian areas in which the noxious weeds are able to tap into shallow groundwater.   As Russian Olive populations have increased, native willows, cottonwoods, and other riparian species have been crowded out by the fast growing and quickly spreading noxious weed species.  Russian olives have continued to creep from stream channels further inward on subirrigated agricultural fields, where they interfere with historic and current land use practices involving domesticated livestock and forage production.  Many landowners have requested assistance from the Taos Soil and Water Conservation District to mitigate the spread of this species and reclaim pastures for agricultural use and improve the overall biodiversity of riparian areas.   ","Local landowners affected by Russian olive (and Siberian Elm and saltcedar) infestations would have improved opportunities for effectively maintaining the viability of their agricultural enterprises, not to mention improving the biodiversity of their landholdings, which has generally decreased as these invasive species have crowded out other desirable species.  

Fencelines and pastures would be easier to maintain and be more productive for traditional agricultural practices, such as haying and grazing beef cattle.  These land managers have specific equipment and knowledge around pursuing these practices, but generally do not have the required expertise or equipment (ie., correct herbicide selection, timing, and application techniques, not to mention heavy equipment suited toward eliminating heavy brush) to effectively manage the invasive species.  ","Taos SWCD cooperated with Claunch-Pinto SWCD and the NM Water Trust Board to begin removing Russian Olives in 2025, treating 75 acres of infestations.","Based on project site requirements and best practices, Taos SWCD will work with contract herbicide applicators, contract heavy equipment operators, and contract livestock graziers to effectively remove targeted invasive species.  These partnerships are necessary for addressing the various stages of invasive species removal and maintenance, and they bring to bear a diversity of perspectives in managing the project as a whole.  The jury is still out regarding best practices for effective removal of the targeted species here in the specific context of Taos County.  

Approaching the removal and land maintenance process holistically, different potential partners (whether they are herbicide applicators, Americorps conservation crews doing chipping and mechanical removal, heavy equipment operators utilizing different machinery types, and goat graziers trained in undesirable woody vegetation management) provide different specialized viewpoints about what techniques are the most effective, given the constraints presented by each landowner's unique context.   ","Materials can begin to be secured in July 2025.  Outreach activities, including advertising, for informing prospective landowners of this cost share invasive species removal program can start then as well.

August of 2025 will present the first opportunity to graze Russian olive resprouts from previous (anticipated summer 2025) Russian olive mechanical removal efforts. 

Further mechanical removal efforts are anticipated, weather-permitting, in November 2025 through March 2026.     ",See attached timeline spreadsheet document. ,"Post treatment monitoring will occur with several onsite visits: at the time of treatment (potentially confirming the effective and accurate use of cut stump herbicide treatments) and after the targeted invasive species have had time to resprout, so as to determine the scope of treatment needed for an effective follow-up intervention.

More broadly and more long-term, Taos SWCD is pursuing other grant funding to assist in hiring a GIS remote specialist contractor to help the district remotely monitor (through software analyzing high resolution NAIP aerial imagery) the population of Russian Olives in particular in Taos County over time.  As such, we will be able to accurately remotely sense (though rather infrequently, every 2 years) the population of this species within our district, to see if our mitigation efforts are effective at keeping pace with or exceeding the growth of untreated Russian Olive populations.      ",NMDA_25-26_Taos_SWCD_Timeline.xlsx,Yes ,Yes ,(blank),Taos_SWCD_25-26_NDMA_Noxious_Weed_Grant.xlsx,59 976.8,13 425,0,"We would scale down each of the prospective practices proportionally.  There is an equal need for initial treatment as well as follow up treatment, whether that includes herbicides or livestock as a means of undesirable regrowth management.  As such, as long as the workload was sizable enough to be appropriate to willing contractors, we would be able to downsize both aspects of the project accordingly.   ",Sample_Parcel_Russian_Olive_Timelapse_2013_to_2023.pdf,checked,checked,checked,checked,checked,Tyler Zander,dburruss@nmda.nmsu.edu,Dylan Burruss,NMDA-APR,TRUE,2025-04-11T22:00:12Z,1,1,1,"B- Description was mostly clear, but some required information (See list above) was omitted or could be more specific. Some Landowner permissions have already been obtained AND/OR a reasonable plan was presented to obtain them. ",15,A - Response clearly and concisely conveyed why this project was needed in this grant cycle. No doubt remains. ,5,A - Response clearly explained specific and significant benefits to the residents of the impacted area.  ,5,"B - The project involves one or more partners, but the extent and benefit of these partnerships could be clearer. ",4,"C - The proposed work appears to be a continuation or initialization of noxious weed management efforts, but more detail may be needed to clarify this point.  The applicant does not indicate any past experience informing their proposed work.  ",3,A ,20,10% Match Provided.  OR | partial match provided AND a compelling reason is given explaining extenuating circumstances. | ,10,A  ,30,Yes - Full Funding ,No ,"for question: What is the need for this project?
good answer was given.","for question: How does this project build on previous and current projects?

giving more details would help reviewers see why this project needs more funding and what new work will be done.",ghernandez@nmda.nmsu.edu,Gaby Hernandez,NMDA-APR,TRUE,2025-04-21T22:45:02Z,92,287,95.67,"A - Applicant gave a clear & concise description of the project, summarizing the,	Objectives, Methods, Timeline, and Partners. All Landowner permissions have already been obtained, OR, a reasonable plan was presented to obtain them  ",20,B - Response gave a fairly clear indication that there is a need for the project as proposed.  ,4,A - Response clearly explained specific and significant benefits to the residents of the impacted area.  ,5,C - Partnerships could be more specific or there are clearly unrealized opportunities for collaboration.  ,3,"A - The proposed work is clearly part of, or the start of, a broader comprehensive effort towards noxious weed management.  The proposed activities are clearly informed by past experience, even if this experience derives from outside the applicant organization or entity. ",5,A ,20,10% Match Provided.  OR | partial match provided AND a compelling reason is given explaining extenuating circumstances. | ,10,A  ,30,Yes - Full Funding ,No ,Good timeline and budget. ,(blank),pdepner@nmda.nmsu.edu,Patricia Depner,(blank),TRUE,2025-04-21T17:47:42Z,97,"A - Applicant gave a clear & concise description of the project, summarizing the,	Objectives, Methods, Timeline, and Partners. All Landowner permissions have already been obtained, OR, a reasonable plan was presented to obtain them  ",20,A - Response clearly and concisely conveyed why this project was needed in this grant cycle. No doubt remains. ,5,A - Response clearly explained specific and significant benefits to the residents of the impacted area.  ,5,"B - The project involves one or more partners, but the extent and benefit of these partnerships could be clearer. ",4,"B - It is mostly clear that the proposed work is part of, or the start of, a broader comprehensive effort towards noxious weed management.  The applicant connects the proposed work to at least one past or current noxious weed management project that has informed their proposal.  ",4,A ,20,10% Match Provided.  OR | partial match provided AND a compelling reason is given explaining extenuating circumstances. | ,10,A  ,30,Yes - Full Funding ,No ,Very complete application with detail and a reasonable timeline to move the project in a timely manner.  Collaboration with landowners to address their needs is well presented and willing to accommodate a variety of applications.,"Maybe share the application process for landowners a little more in detail to show the cost share percentages, flat rates, acreage limitations.

List names of Business name  that will be provide the contract services.",mmitchell@nmda.nmsu.edu,Miles Mitchell,(blank),TRUE,2025-04-23T15:06:29Z,98,(blank),(blank),(blank),(blank),(blank),(blank),(blank)
atenciolawrence573@gmail.com,Lawrence,Atencio,(blank),(blank),(blank),(blank),(blank),(blank),(blank),(blank),(blank),(blank),FY26 NMDA's Noxious Weed Management Grant,50238794,In-Progress,2025-04-11T07:40:35MDT,FALSE,76d58acb-29a3-4f07-84f4-23f39ad67995,https://grants.nmda.nmsu.edu/submissions/50238794,"Integrated Weed Managemen
Class C
Class B
Planning, Capacity Develo
Education and Outreach
Class A
Watchlist 
Tribe, Nation, or Pueblo 
Early Detection & Rapid R
Surveying and Mapping
",(blank),"Stephen Baca
Janet Nickerman
Ash Taylor",(blank),(blank),255,63.75,Scoring,,1 099 102,https://grants.nmda.nmsu.edu/file/download/ee9c63b5-e0d4-4741-a6e2-6edfd849121c,(blank),,11,"Tribe, Nation, or Pueblo ",(blank),(blank),(blank),(blank),(blank),(blank),(blank),(blank),(blank),(blank),(blank),,(blank),(blank),(blank),(blank),(blank),(blank),Santa Clara Pueblo Forestry,Lawrence,Atencio,ldatencio@santaclarapueblo.org,15 055 009 248,"578 Kee Street Espanola, NM 87532",Yes ,(blank),(blank),(blank),(blank),(blank),(blank),(blank),(blank),No ,(blank),(blank),Santa Clara Pueblo Invasive Plant Species Management,"Surveying and Mapping Early Detection & Rapid Response (EDRR) Integrated Weed Management (On-the-Ground Treatments) Education and Outreach Planning, Capacity Development, and Partnership Building ",300,2 500,200,"The project proposes to do a variety of invasive species planning, prevention, and 
implementation activities on Santa Clara Pueblo lands in conjunction with our newly developed Santa Clara Pueblo 
Invasive Species Management Plan.","Santa Clara Pueblo has been invested in post fire restoration efforts while combating invasive species to return native plant communities.  Restoration efforts have made a difference in the control of non-native species: Russian olive, Saltcedar, and Siberian Elm.  These treated areas provide growing space for native cottonwoods and willow species.  However, resprouting continues and other non-native invasive plants are beginning to be a large-scale problem. Vegetation Surveys conducted in 2023 found 25 species of concern.  Six of the 25 species found during surveys are Class A listed species in New Mexico meaning that they are on the most wanted list, these include: Canada Thistle, Purple Loosestrife, Ravenna grass, Scotch Thistle, Spotted Knapweed, and Yellow Starthistle. Four Class B Species and seven Class C species were also detected during surveys along with six listed Troublesome Species and two species that were found to be concerning. Some of the species found, Eurasian watermilfoil, purple loosestrife, and 
whitewater crowfoot, are aquatic invasive species, which will likely require careful planning to successfully remove. 

The Invasive Plant Management Plan prioritizes treatments.  Priorities include eliminating eight localized invasive species outbreaks, treating areas along Santa Clara Creek and within Santa Clara Canyon, treating areas along the Rio Santa Cruz and the Rio Grande, and treating roadsides. Monitoring would be expanded, along with youth and community engagement. It is the hope of the Pueblos Invasive Management Plan that control efforts can reach positive successional vegetational change that will improve Santa Clara Pueblos natural resources health into the future.",Class A Class B Class C Watchlist  ,Canada thistle (Cirsium arvense) Purple loosestrife (Lythrum salicaria) Ravenna grass (Saccharum ravennae) Yellow starthistle (Centaurea solstitialis) Scotch thistle (Onopordum acanthium) Hoary cress (Cardaria spp.) Spotted knapweed (Centaurea biebersteinii) ,Bull thistle (Cirsium vulgare) Teasel (Dipsacus fullonum) Spiny cocklebur (Xanthium spinosum) Perennial pepperweed (Lepidium latifolium) Poison hemlock (Conium maculatum) ,Tree of heaven (Ailanthus altissima) Saltcedar (Tamarix spp.) Russian olive (Elaeagnus angustifolia) Russian knapweed (Acroptilon repans) Musk thistle (Carduus nutans) Eurasian watermilfoil (Myriophyllum spicatum) Siberian elm (Ulmus pumila) Cheatgrass  (Bromus tectorum) Giant cane (Arundo donax) Jointed goatgrass (Aegilops cylindrica) Hydrilla (Hydrilla verticllata) ,Buffelgrass (Pennisetum ciliaris) Crimson fountaingrass (Pennisetum setaceum) Meadow knapweed (Centaurea pratensis) Pampas grass (Cortaderia sellonana) ,SCP_Invasive_Species_ID_Monitoring_2024.pdf,"Tribe, Nation, or Pueblo Lands ",(blank),,,,,54 000,(blank),We have all of the necessary permissions ,We will provide a letter of support from the Governor; the project area is within the Pueblo of Santa Clara.   ,(blank),(blank),"The Santa Clara Pueblo Forestry Department plans to conduct Planning, Prevention, and Implementation of an Invasive Plant Management Plan.  All work will be conducted on Santa Clara Pueblo lands which is located in north central New Mexico. Santa Clara Pueblo has a diverse landscape that reaches over 10,000 feet in elevation on the western end at the tops of the Jemez Mountains and contains a large portion of the Santa Clara Creek Watershed running over 20 miles to the Rio Grande River at just over 5,200 feet in elevation. Over five miles of the Rio Grande River and over two miles of the Santa Cruz River also fall on Pueblo lands.  A recent survey detected 25 different species that the Pueblo hopes to control. The Santa Clara Pueblo Invasive Species Management Plan identifies an Action Plan that outlines future planning, prevention, monitoring, and implementation. ","Providing for native plant communities is vital for the tribal members and local communities in and adjacent to Santa Clara Pueblo.  Majority of the native vegetation provides culturally important resources that have been utilized since time in immemorial.  Healthy native plant communities provide for ecosystem function and provide clean air, water, and natural resources.  Many of the noxious and invasive species create monotypes and are heavy water users impairing native ecosystems and creating heavy fuel loads and degrading rangeland values.  Some of these noxious weeds make impassable areas, taking over open meadows and grasslands that provide for native wildlife and critical pollinator habitat.  ",This project would allow for the implementation of the Santa Clara Pueblo Invasive Plant Species Managment Plan.   ,"The Pueblo has several MOUs with adjacent federal land management agencies, State, USFS, NPS, and another in the making with BLM.  The Pueblo also receives technical assistance from NRCS and NMSU, NMHU, and NGOS Forest Guild, Trees, Water, People, and many others.  With planning and collaborative outreach efforts, the Pueblo would be interested in developing and or participated in a Collaborative Noxious Weed Cooperative Working Group to further manage control efforts of noxious and invasive plant species.  ","We are actively monitoring and mapping Invasive Species, if awarded we would immediately obtain the necessary resources to begin implementation.  The Pueblos Invasive Plant Species Management Plan provides for a year-to-year treatment plan based on Class A, B, And C species currently present while monitoring for any new identified species.  ",Timeline information will be uploaded on a Word document titled Field Activities for 2025.,It is critical to understand that this is a long-term objective and follow up maintenance will be required.  You must know your targeted species and reproductive characteristics.  The soil may contain viable seed for up to ten years.  Noxious Weed Control is just ongoing control.  ,Tentative_Field_Schedule_of_Santa_Clara_Pueblo_Invasive_Plant_Species_Management_Activities_for_2025.docx,Yes ,(blank),(blank),noxious-weed-management-grant-budget-template_NMDA.xlsx,59 981.08,27 280,27 280,We would prioritize main species of concern or new outbreak acres to be treated based on the awarded amount. ,SCP_Gov_Support_Lttr_4_10_25.pdf,checked,checked,checked,checked,checked,Lawrence D. Atencio,dburruss@nmda.nmsu.edu,Dylan Burruss,NMDA-APR,TRUE,2025-04-15T14:14:30Z,1,1,1,"A - Applicant gave a clear & concise description of the project, summarizing the,	Objectives, Methods, Timeline, and Partners. All Landowner permissions have already been obtained, OR, a reasonable plan was presented to obtain them  ",20,A - Response clearly and concisely conveyed why this project was needed in this grant cycle. No doubt remains. ,5,A - Response clearly explained specific and significant benefits to the residents of the impacted area.  ,5,A - The project involves one or more partner organizations. The benefit of these partnerships has been clearly explained in terms of project outcomes and success.  ,5,"A - The proposed work is clearly part of, or the start of, a broader comprehensive effort towards noxious weed management.  The proposed activities are clearly informed by past experience, even if this experience derives from outside the applicant organization or entity. ",5,B ,15,10% Match Provided.  OR | partial match provided AND a compelling reason is given explaining extenuating circumstances. | ,10,C ,16,Yes - Partial Funding ,Yes ,"amount of acres, especially along waterways/riparian areas; part of a management plan","is a unit an acre on the project map?; timeline is for 2025 but not 2026? Also, is there any activity in the winter quarter? Would have liked to see the drafted management plan",Ashley.Taylor@emnrd.nm.gov,Ash Taylor,Noxious Weed Management Grant Reviewer,TRUE,2025-04-23T16:35:01Z,81,254,84.67,"B- Description was mostly clear, but some required information (See list above) was omitted or could be more specific. Some Landowner permissions have already been obtained AND/OR a reasonable plan was presented to obtain them. ",15,B - Response gave a fairly clear indication that there is a need for the project as proposed.  ,4,A - Response clearly explained specific and significant benefits to the residents of the impacted area.  ,5,"B - The project involves one or more partners, but the extent and benefit of these partnerships could be clearer. ",4,"B - It is mostly clear that the proposed work is part of, or the start of, a broader comprehensive effort towards noxious weed management.  The applicant connects the proposed work to at least one past or current noxious weed management project that has informed their proposal.  ",4,B ,15,10% Match Provided.  OR | partial match provided AND a compelling reason is given explaining extenuating circumstances. | ,10,B ,23,Yes - Full Funding ,Yes ,"This project covers many different ecosystems and occurs on Tribe, Nation and Pueblo Lands. ",More description on who will do the projects. ,janet.nickerman@usda.gov,Janet Nickerman,FY26 Noxious Weeds Reviewer,TRUE,2025-04-23T14:40:17Z,80,"A - Applicant gave a clear & concise description of the project, summarizing the,	Objectives, Methods, Timeline, and Partners. All Landowner permissions have already been obtained, OR, a reasonable plan was presented to obtain them  ",20,B - Response gave a fairly clear indication that there is a need for the project as proposed.  ,4,A - Response clearly explained specific and significant benefits to the residents of the impacted area.  ,5,A - The project involves one or more partner organizations. The benefit of these partnerships has been clearly explained in terms of project outcomes and success.  ,5,"B - It is mostly clear that the proposed work is part of, or the start of, a broader comprehensive effort towards noxious weed management.  The applicant connects the proposed work to at least one past or current noxious weed management project that has informed their proposal.  ",4,B ,15,10% Match Provided.  OR | partial match provided AND a compelling reason is given explaining extenuating circumstances. | ,10,A  ,30,Yes - Full Funding ,No ,(blank),(blank),sbaca@nmda.nmsu.edu,Stephen Baca,FY26 Noxious Weeds Reviewer,TRUE,2025-04-22T19:48:26Z,93,acolin@nmda.nmsu.edu,Anthony Colin,NMDA-APR,FALSE,(blank),are the forestry technicians in house? fuel for vehicles in budget; ,(blank)
kebowers@nmsu.edu,Kristen,Bowers,(blank),(blank),(blank),(blank),(blank),(blank),(blank),(blank),(blank),(blank),FY26 NMDA's Noxious Weed Management Grant,50239351,In-Progress,2025-04-11T08:50:17MDT,FALSE,5dc0250e-0f43-4884-b0ea-1124a9e87b4a,https://grants.nmda.nmsu.edu/submissions/50239351,"Integrated Weed Managemen
Class C
Federal Lands
REVIEW vs other grants
",(blank),"Michael Chacon
Anthony Colin
Michael Purdy",(blank),(blank),273,68.25,Scoring,,420 482,https://grants.nmda.nmsu.edu/file/download/ee9c63b5-e0d4-4741-a6e2-6edfd849121c,(blank),,12,Land Grant-Merced ,(blank),(blank),(blank),(blank),(blank),(blank),(blank),(blank),(blank),(blank),(blank),,(blank),(blank),(blank),(blank),(blank),(blank),New Mexico State University,Kristen,Bowers,kebowers@nmsu.edu,18 507 661 278,"Department of Entomology, Plant Pathology, and Weed Science
New Mexico State University
945 College Ave
Las Cruces, NM 88003",No ,P.O. Box 30003,New Mexico State University,Las Cruces,New Mexico,US,88003,-106.7481816,32.2833766,Possibly ,(blank),"We are not aware of other grants being applied for, but it is possible that other departments at NMSU will apply for grants.",Integration of biological control beetles and mowing for improved tamarisk (saltcedar) management. ,Integrated Weed Management (On-the-Ground Treatments) ,,,1 000,We propose integrating use of mowing and existing biological control agents (tamarisk leaf beetles) to reduce populations of tamarisk (saltcedar) at Caballo Reservoir. Green leaf volatiles (GLV) will be used to improve tamarisk leaf beetle efficacy.,"Current management of tamarisk around Caballo New Mexico largely involves mechanical control in the form of mowing. While this reduces the tamarisk canopy temporarily, the trees resprout from the mowed stumps. Tamarisk must be mowed annually to prevent its spread and save water.

Tamarisk leaf beetles (Diorhabda spp.) are four species of approved biological control agents that have been present in New Mexico for nearly 15 years. Diorhabda can cause canopy dieback  but are less effective when large number of beetles are spread across a landscape, rather than concentrated on a single area. However, Diorhabda beetles are responsive to green leaf volatiles (GLV), which are produced naturally when Diorhabda feed on Tamarisk. The compounds that make up these GLV have been identified and can be synthesized. Lures containing GLV compounds are more potent than beetle feeding alone, and cause beetles to congregate on trees with lures, increasing herbivory on those targeted trees. Large numbers Diorhabda can defoliate trees, with repeated defoliation killing tamarisk trees. There is some evidence that late summer or fall defoliation is more detrimental to tamarisk trees than defoliation at other times of year. 

Combining biological control with other weed management techniques such as mowing can improve tamarisk control.  However, mowing can kill the Diorhabda beetles. GLV lures can be used to lure Diorhabda to select trees (i.e., refugia) which will not be mowed. This allows for a greater number of Diorhabda to survive, and these beetles will attack regrowth on mowed trees, increasing damage. 
",Class C ,(blank),(blank),Saltcedar (Tamarix spp.) ,(blank),Map.pdf,Federal Lands ,(blank),,,,1 000,,(blank),We have all of the necessary permissions ,We have been in contact with the Bureau of Reclamation in Albuquerque and at Caballo Reservoir. We have verbal and written (email) confirmation that the project will be welcomed at Caballo Reservoir. ,(blank),(blank),"Tamarisk grows densely along river banks or within reservoirs between the current water level and the high water mark. The plants use water that is designated for beneficial uses downstream. Thus, a goal of management is to remove existing tamarisk to save water. At Caballo Reservoir, as well as other reservoirs in New Mexico, tamarisk has established and has proven difficult to manage. Mowing of tamarisk and a biological control insect (tamarisk leaf beetle, Diorhabda spp.) both provide a means of tamarisk control, each with limited effectiveness. The combination of mowing and biocontrol provide a promising solution; however, little is known about how to implement mowing without damaging beetle populations. This project will test a blend of green leaf volatile compounds (GLVs) which can (1) be used to attract beetles to mature trees to improve control, and (2) aggregate beetles away from mowing operations to increase beetle survival. ","This project seeks to develop procedures to improve tamarisk management. These improvements will save water in the Rio Grande watershed and will save money on tamarisk management. At Caballo Reservoir alone, the Bureau of Reclamation mows approximately 4,000 acres annually at a cost of $40 per acre, for a total of $160,000 annually. Furthermore, these costs will only increase in the future, because the management strategy does not kill tamarisk, but rather only cuts back the current years' growth. Integrating mowing and the tamarisk leaf beetle could results in less mowing required and greater tamarisk mortality. ","Lehnhoff et al (2019) showed that integrating mowing and biological control improves tamarisk management. However, mowing reduces insect numbers.",We will work closely with the Bureau of Reclamation to coordinate and implement the project. The Bureau of Reclamation will provide the equipment and personnel to mow the plots. We will share all results with Bureau of Reclamation personnel. ,"We will be able to start this project on July 15, 2025.","The project is designed to correspond with the lifecycle of the tamarisk leaf beetle. We will acquire chemicals to make GLV lures for 2025 and the rest of the non-perishable consumables for the project in July 2025. In July 2025, we will select individual mature saltcedar trees for targeting with green volatile treatments to increase insect damage. In August 2025 we will establish all plots and select refugia areas. In October 2025, green volatile will be added to these trees. Insect counts will be conducted in late October. Mowing will be done in February through March 2026. Follow-up monitoring on mature trees and on mowed and refugia plots will be done in June 2026. We will analyze data in July through August 2026 and final reporting will be in September 2026. ","While beyond the period of funding, we will likely revisit all plots in the summer of 2027 to document the efficacy of treatments on tamarisk and the impact of mowing with and without refugia on tamarisk leaf beetle populations. ",(blank),No ,(blank),"NMSU cannot provide matching funds. However, our partner, the Bureau of Reclamation, will be providing the equipment and labor necessary to mow the plots. This is a major expense, and the project would not be possible with out this in-kind contribution. ",noxious-weed-management-grant-budget-template_revised.xlsx,55 869.6,0,0,We do not believe that we could adequately answer the scientific and management questions if the project were scaled down.,(blank),checked,checked,checked,checked,checked,Kristen Bowers,dburruss@nmda.nmsu.edu,Dylan Burruss,NMDA-APR,TRUE,2025-04-15T14:15:27Z,1,1,1,"B- Description was mostly clear, but some required information (See list above) was omitted or could be more specific. Some Landowner permissions have already been obtained AND/OR a reasonable plan was presented to obtain them. ",15,B - Response gave a fairly clear indication that there is a need for the project as proposed.  ,4,"B - Response gave a fairly clear, reasonably specific indication of the project’s benefit to residents of the impacted area. ",4,A - The project involves one or more partner organizations. The benefit of these partnerships has been clearly explained in terms of project outcomes and success.  ,5,"A - The proposed work is clearly part of, or the start of, a broader comprehensive effort towards noxious weed management.  The proposed activities are clearly informed by past experience, even if this experience derives from outside the applicant organization or entity. ",5,B ,15,No match provided. AND Compelling reason given explaining extenuating circumstances. ,5,A  ,30,Yes - Full Funding ,No ,"The use of ""existing biological control agents (tamarisk leaf beetles)"" is fascinating.","Project Title and Summary needed timeline and partners (or lack thereof)

Project Need does not address ""why this project was needed in this grant cycle.""

Project Benefit does not mention residents of the area.



",michael.chacon@iad.nm.gov,Michael Chacon,FY26 HSP reviewer,TRUE,2025-04-22T21:52:20Z,83,272,90.67,"A - Applicant gave a clear & concise description of the project, summarizing the,	Objectives, Methods, Timeline, and Partners. All Landowner permissions have already been obtained, OR, a reasonable plan was presented to obtain them  ",20,A - Response clearly and concisely conveyed why this project was needed in this grant cycle. No doubt remains. ,5,A - Response clearly explained specific and significant benefits to the residents of the impacted area.  ,5,"B - The project involves one or more partners, but the extent and benefit of these partnerships could be clearer. ",4,"C - The proposed work appears to be a continuation or initialization of noxious weed management efforts, but more detail may be needed to clarify this point.  The applicant does not indicate any past experience informing their proposed work.  ",3,A ,20,No match provided. AND Compelling reason given explaining extenuating circumstances. ,5,A  ,30,Yes - Full Funding ,No ,(blank),(blank),mpurdy@nmda.nmsu.edu,Michael Purdy,(blank),TRUE,2025-04-22T19:23:20Z,92,"A - Applicant gave a clear & concise description of the project, summarizing the,	Objectives, Methods, Timeline, and Partners. All Landowner permissions have already been obtained, OR, a reasonable plan was presented to obtain them  ",20,B - Response gave a fairly clear indication that there is a need for the project as proposed.  ,4,"B - Response gave a fairly clear, reasonably specific indication of the project’s benefit to residents of the impacted area. ",4,A - The project involves one or more partner organizations. The benefit of these partnerships has been clearly explained in terms of project outcomes and success.  ,5,"B - It is mostly clear that the proposed work is part of, or the start of, a broader comprehensive effort towards noxious weed management.  The applicant connects the proposed work to at least one past or current noxious weed management project that has informed their proposal.  ",4,A ,20,10% Match Provided.  OR | partial match provided AND a compelling reason is given explaining extenuating circumstances. | ,10,A  ,30,Yes - Full Funding ,No ,(blank),(blank),acolin@nmda.nmsu.edu,Anthony Colin,NMDA-APR,TRUE,2025-04-24T06:32:28Z,97,acolin@nmda.nmsu.edu,Anthony Colin,NMDA-APR,FALSE,(blank),(blank),(blank)
chavesswcd@gmail.com,Jennifer,Pierce,(blank),(blank),(blank),(blank),(blank),(blank),(blank),(blank),(blank),(blank),FY26 NMDA's Noxious Weed Management Grant,50239910,In-Progress,2025-04-11T09:43:40MDT,FALSE,41838f5b-d9d3-4f8d-811a-27f7464befad,https://grants.nmda.nmsu.edu/submissions/50239910,"Integrated Weed Managemen
Class C
Class B
Private Lands
Planning, Capacity Develo
Education and Outreach
Class A
Watchlist 
Local Governmental Lands
Early Detection & Rapid R
REVIEW vs other grants
Surveying and Mapping
",(blank),"Stephen Baca
Miles Mitchell
Ash Taylor",(blank),(blank),299,74.75,Scoring,,1 718 699,https://grants.nmda.nmsu.edu/file/download/ee9c63b5-e0d4-4741-a6e2-6edfd849121c,(blank),,14,Soil and Water Conservation District  ,(blank),(blank),(blank),(blank),(blank),(blank),(blank),(blank),(blank),(blank),(blank),,(blank),(blank),(blank),(blank),(blank),(blank),Chaves Soil & Water Conservation District,Jennifer,Pierce,chavesswcd@gmail.com,15 757 557 923,"1703 N Garden Ave. Suite A. Roswell, NM 88201",No ,PO Box 2722,(blank),Roswell,New Mexico,US,88202,-104.526011,33.396708,Yes ,We have also applied for the District Opportunities grant and the Healthy Soil Program grant. ,(blank),Chaves SWCD Salt Cedar Initiative and Noxious Weed Control,"Surveying and Mapping Early Detection & Rapid Response (EDRR) Integrated Weed Management (On-the-Ground Treatments) Education and Outreach Planning, Capacity Development, and Partnership Building ",500,500,54.8,"Salt Cedar has infested riparian habitats and is spreading across our waterways, drainages and native grasslands. This initiative will build off previous salt cedar eradication efforts and include monitoring efforts and outreach with public/ stakeholders to collectively address the issue. ","The focus of this project includes mechanical treatment in conjunction with chemical/ herbicide treatments. The target species for the bulk of this project is Salt Cedar. The most effective treatment for Salt Cedar at this point is cut-stump followed up with a basal/ remedy chemical treatment, which will be safe to use in riparian areas (aquatic friendly). Salt Cedar trees within the defined polygon (46 acres) , that are six (6) inches or more in diameter will be cut with chainsaws and the stumps will be treated with the herbicide mix. Any Salt Cedar less than six (6) inches in diameter will be treated with the specified chemical mixture. This method is very effective, especially in riparian areas, so that the larger trees are removed which will allow native species to re-establish, but the smaller species are killed, yet the skeletons will remain to help with wildlife habitat. Areas outside the defined polygon will be treated with the chemical mixure to help with the overall success of this project (8 acres +/-) approximately 55 acres total.
Other class A, B and C species are included within this project. African Rue, Russian Knapweed, Camelthorn, Purple starthistle, Scotch thistle, Bull Thistle, Malta starthistle, Perennial pepperweed, Spiny Cocklbur, and Russian Olive populations which have been treated with herbicides and mechanically, and will continue to be monitored and treated by CSWCD and assistance from partners and MOU's between other agencies and districts.  Monitoring before and after treatment will determine the effectiveness of the treatments.  ",Class A Class B Class C Watchlist  ,Scotch thistle (Onopordum acanthium) Purple starthistle (Centaurea calcitrapa) Camelthorn (Alhagi psuedalhagi) ,African rue (Peganum harmala) Perennial pepperweed (Lepidium latifolium) Malta starthistle (Centaurea melitensis) Bull thistle (Cirsium vulgare) Spiny cocklebur (Xanthium spinosum) ,Saltcedar (Tamarix spp.) Russian knapweed (Acroptilon repans) Russian olive (Elaeagnus angustifolia) ,Pampas grass (Cortaderia sellonana) ,"Expanded_Map_to_show_the_potential_project_location_for_NWM_FY26_Salt_Cedar_Project.pdf
Priority_location_NWM_FY26.pdf
Chaves_SWCD-CWMA_Noxious_Weed_locations.pdf","Private Lands Local Governmental Lands (County, Municipal, etc.) ",(blank),54.8,0,,,,(blank),We have all of the necessary permissions ,"Verbal permission has given by the landowner of the Red Bluff ranch, Ben Pearce. If this grant is awarded, an agreement/ easement will be signed and notarized. Verbal permission has been given by the private landowner Clint Lynch of Lynch Ranch to do basal bark treatment on areas outside the prior polygon. An easement/agreement has already been signed and notarized. 
Contracts with all landowners have been acquired for the Chaves SWCD and CWMA to administer chemical treatments on producers land within our district and neighboring districts. If a new landowner comes in for noxious weed treatments, a contract will be signed before treatments are executed. 
There are existing agreements/ MOU's with BLM and NMSLO to treat noxious weeds on federal and state lands within our district. ",(blank),(blank),"The need for this project includes financial support to continue Salt Cedar eradication efforts on private lands. This will be done by utilizing mechanical treatment, primarily cut-stump, followed up with chemical treatment, of a basal oil/ Remedy cocktail. The primary location exists North East of Roswell and we will utilize this method as well as the BLM land adjacent to it should funding follow through. The district will cover costs of chemical treatments outside the defined polygon and waypoint areas to treat the other class A, B & C species. This funding will address only the treatment on the defined polygon and waypoints. 
We recognize that the total project cost is significant, and we are actively exploring various funding sources to expand the project area, including other state and federal funding sources. This $60,000 grant will play a vital role in initiating this transformative project and attracting further investment","Treatment of Salt Cedar within this project will reduce the impact of noxious weeds in the environment, promote environmental health, as well as increase livestock and wildlife productivity. Successful treatments and maintaining treated locations will allow native species to re-establish and help prevent livestock from being exposed to toxic forage. Producers are interested in furthering their education with the local problematic species and are open to using alternative methods to treat their noxious weed problems.
The economic benefit of this project shows great promise to our producers, contracted laborers, our direct community as well as the state. Awarding this grant will allow the producer a lesser financial burden, continuing prior salt cedar work. The project will pay local contractors who employ local residents who will the have the ability to put money earned, back into the local economy. ",This project will expand Salt Cedar reduction effort on private land adjacent to previously treated locations and compliment BLM  treated investments. ,"Chaves SWCD will primarily will work with adjoining SWCD's, private landowners, BLM- Pecos District, Pecos Valley Artesian Conservancy District, New Mexico State Land Office and the Bitterlakes Wildlife Refuge. Collaboration with these agencies, and partners, can and will expand the project potential, and extensively increase the success. The previous Salt Cedar project that was carried out utilizing the FY25 NMDA Noxious Weed Management funding, has already enhanced the working relationships within these agencies and have sparked project ideas that far exceed the funding cap within this funding source. Exciting additional project locations and project/ outreach collaboration is in the works with a long term plan of agencies coming together with funding sources to start attacking salt cedar upstream, and working our way down along the Pecos river and addressing Salt Cedar along the drainages. Management of treated locations will be a key component of these partnerships in the future. ","After the grant awards are administered and agreements are signed in July, staff will hold a field day with partners to finalize the project location polygon, and basal treatment locations. The contracted company carrying out the cut-stump, and basal bark treatment of the whips will then meet at the project location with staff to discuss the expectations of the project. Due to weather, and the safety of contractors, the project will be set to begin in November through February or March. Rattle snakes along the river are less likely to be active in the colder months, and the safety of the contractors is one of our top priorities. ","The timeline for this project will begin July 15, 2025 thru October 31, 2026.:
After grant awards are finalized in July, the district will utilize the time between July and October to accurately map the defined treatment polygon with help from the contracted company Western Land Management and other partners. Collaboration on the accuracy of the polygon is crucial so that funding is spent to the best of its ability.

Mapping training will be requested from NMDA Noxious Weed Coordinator- Dylan Burrus, and contracted professional Clay Benton between July and October. Staff and other districts/ agencies could vastly benefit from mapping training particularly on Arc Pro and EddMapS. Both will be used to track the progress of this project and future projects as well as contribute to public available data on noxious weeds. 

During the cool fall and winter months October to February, the mechanical and chemical treatments will be implemented. These months are the most desired by the contractors, as the cooler weather will allow potentially dangerous snakes and other species to be in hibernation. Safety of staff and contractors is a top priority. This is also the timeline where beginning monitoring points will be established to track the success of the project once completed. 

Between March and June, post project monitoring will take place in the monitoring points as discussed above. 

During the entire duration of this project, Class A, B and C species will be mapped and logged into treatment categories based off priority locations and density of the species. Because Chaves SWCD and CWMA cover such a large landscape, this will be a collaborative effort between the district and partnering agencies. 

During the final quarter of this funding cycle, we will compile a start to finish presentation or document to advertise on our website as well as participate in the Eastern New Mexico State Fair with and educational booth for a duration of one week. At this time, our staff is in contact with thousands of public members, and we can share the challenges and successes of this project. 
","Post treatment monitoring will include photo points and line point monitoring to determine the density of the population and effectiveness of the treatments. Collaboration with partners will include the potential to carry out Cottonwood or Black Walnut tree pole planting. Other suggested species will be taken into consideration as well. This information will be discussed with our wildlife partners at BLM and Bitterlakes.  
Private landowners will also be responsible with the long term maintenance of the project locations. While the district wants to maintain and protect the treated areas as investments, we believe the land owner and other partner contributions will be important in the long term success of this project. 
The district does offer cost share programs where producers can apply to get assistance on conservation and healthy soil practices. In this case, a producer could request cost share on chemical, with labor as their match to maintain treated areas, in conjunction with the districts efforts to retreat resprouts and whips. 
The district will also follow up the other Class A, B and C species and treat/ retreat those locations, and monitor the eradication progress. The long term goal in monitoring these projects will be to follow up annually and then semi-annually to ensure the areas are maintained. ",(blank),Yes ,Yes ,(blank),noxious-weed-management-grant-budget-template.xlsx,60 000,60 000,30 000,"If partial funding is awarded, the district will scale down the acres within the polygon and consider cutting back on the basal treatment on locations within the drainages of 25% or less density. The district could also cut back on the funding for the outreach component of mapping training for producers, staff partners and other SWCD's. ","Agronomy_eUpdate_September_25th_2020___Issue_820_KSU.pdf
ARC_GIS_Training_8e01963c-6766-4681-9be9-a6428772ac5a.pdf
FY26_NWM_Supporting_Docs.pdf",checked,checked,checked,checked,checked,Jennifer Pierce,dburruss@nmda.nmsu.edu,Dylan Burruss,NMDA-APR,TRUE,2025-04-15T14:16:50Z,1,1,1,"A - Applicant gave a clear & concise description of the project, summarizing the,	Objectives, Methods, Timeline, and Partners. All Landowner permissions have already been obtained, OR, a reasonable plan was presented to obtain them  ",20,A - Response clearly and concisely conveyed why this project was needed in this grant cycle. No doubt remains. ,5,A - Response clearly explained specific and significant benefits to the residents of the impacted area.  ,5,A - The project involves one or more partner organizations. The benefit of these partnerships has been clearly explained in terms of project outcomes and success.  ,5,"B - It is mostly clear that the proposed work is part of, or the start of, a broader comprehensive effort towards noxious weed management.  The applicant connects the proposed work to at least one past or current noxious weed management project that has informed their proposal.  ",4,A ,20,10% Match Provided.  OR | partial match provided AND a compelling reason is given explaining extenuating circumstances. | ,10,A  ,30,Yes - Full Funding ,No ,"Very thorough application, with well planned processes and timelines to carry out and provide follow up for the project.

I appreciate the mapping efforts for the project and future projects.",Continue to provide historical narrative of previous treatments and efforts with noxious week projects even outside the scope of this project.  This starts to complete the picture of ongoing efforts.,mmitchell@nmda.nmsu.edu,Miles Mitchell,(blank),TRUE,2025-04-23T15:05:33Z,99,298,99.33,"A - Applicant gave a clear & concise description of the project, summarizing the,	Objectives, Methods, Timeline, and Partners. All Landowner permissions have already been obtained, OR, a reasonable plan was presented to obtain them  ",20,A - Response clearly and concisely conveyed why this project was needed in this grant cycle. No doubt remains. ,5,A - Response clearly explained specific and significant benefits to the residents of the impacted area.  ,5,A - The project involves one or more partner organizations. The benefit of these partnerships has been clearly explained in terms of project outcomes and success.  ,5,"A - The proposed work is clearly part of, or the start of, a broader comprehensive effort towards noxious weed management.  The proposed activities are clearly informed by past experience, even if this experience derives from outside the applicant organization or entity. ",5,A ,20,10% Match Provided.  OR | partial match provided AND a compelling reason is given explaining extenuating circumstances. | ,10,A  ,30,Yes - Full Funding ,No ,large scale salt cedar mapping and treatments,(blank),Ashley.Taylor@emnrd.nm.gov,Ash Taylor,Noxious Weed Management Grant Reviewer,TRUE,2025-04-23T16:26:07Z,100,"A - Applicant gave a clear & concise description of the project, summarizing the,	Objectives, Methods, Timeline, and Partners. All Landowner permissions have already been obtained, OR, a reasonable plan was presented to obtain them  ",20,A - Response clearly and concisely conveyed why this project was needed in this grant cycle. No doubt remains. ,5,A - Response clearly explained specific and significant benefits to the residents of the impacted area.  ,5,A - The project involves one or more partner organizations. The benefit of these partnerships has been clearly explained in terms of project outcomes and success.  ,5,"B - It is mostly clear that the proposed work is part of, or the start of, a broader comprehensive effort towards noxious weed management.  The applicant connects the proposed work to at least one past or current noxious weed management project that has informed their proposal.  ",4,A ,20,10% Match Provided.  OR | partial match provided AND a compelling reason is given explaining extenuating circumstances. | ,10,A  ,30,Yes - Full Funding ,No ,(blank),(blank),sbaca@nmda.nmsu.edu,Stephen Baca,FY26 Noxious Weeds Reviewer,TRUE,2025-04-22T19:21:22Z,99,acolin@nmda.nmsu.edu,Anthony Colin,NMDA-APR,FALSE,(blank),(blank),(blank)
CubaSWCD@gmail.com,Lily,Deshnod,(blank),(blank),(blank),(blank),(blank),(blank),(blank),(blank),(blank),(blank),FY26 NMDA's Noxious Weed Management Grant,50240429,In-Progress,2025-04-11T10:33:24MDT,FALSE,c8c12fa7-7d13-482c-afe0-f09e0956402c,https://grants.nmda.nmsu.edu/submissions/50240429,"Integrated Weed Managemen
Class C
Class B
Private Lands
Planning, Capacity Develo
Education and Outreach
Class A
Tribe, Nation, or Pueblo 
State Lands
Local Governmental Lands
",(blank),"Gaby Hernandez
Stephen Baca
Janet Nickerman",(blank),(blank),241,60.25,Scoring,,435 449,https://grants.nmda.nmsu.edu/file/download/ee9c63b5-e0d4-4741-a6e2-6edfd849121c,"2025/04/22 - Gaby Hernandez: The application demonstrates strong intentions but lacks the specific details necessary to show project's overall goals. As a result, it received a moderate score.",,15,Soil and Water Conservation District  ,(blank),(blank),(blank),(blank),(blank),(blank),(blank),(blank),(blank),(blank),(blank),,(blank),(blank),(blank),(blank),(blank),(blank),Cuba Soil and Water Conservation District,Chris,Lucero,CubaSWCD@gmail.com,15 752 893 950,"109 County Road 11
Cuba, New Mexico 87013",No ,P.O. Box 250,(blank),Cuba,NM,US,87013,-107.2943702,35.7750861,No ,(blank),(blank),Cuba SWCD Noxious Weeds ,"Integrated Weed Management (On-the-Ground Treatments) Education and Outreach Planning, Capacity Development, and Partnership Building ",,,500,"We will use funding to hire contractors for spraying, covering landowner costs for up to 100 acres, instead of employing one person. This approach maximizes efficiency and impact. Targeted noxious weeds are hoary cress, Russian knapweed, thistle, and others.","The district will utilize grant funding to contract with multiple independent contractors to develop and implement a noxious weeds program. Rather than hiring a single employee, the district will cover up to 100 acres of weed treatment per landowner by hiring contractors for spraying services. This method increases both efficiency and the program’s overall reach. Target species include hoary cress, Russian knapweed, thistle, African Rue, and other noxious weeds identified in the area. By working with independent contractors, the district avoids the added cost and delay of certifying new hires, allowing the program to launch immediately if funding is awarded. Contractors will not be employees of the Cuba SWCD and will be responsible for their own certifications, insurance, equipment, chemicals, and operations.
The program will begin with landowners submitting an application. Upon receipt, an assessor from the district will evaluate the property. Once approved, the landowner will receive a list of approved contractors to choose from. Each contractor will provide a project estimate, and the landowner will be required to pay their 25% cost share upfront before work begins. The grant will cover the remaining 75% of the project cost. To ensure completion and accountability, the district will require before-and-after photos of each project site. The program will continue until either the funding is exhausted..
",Class C Class A Class B ,Hoary cress (Cardaria spp.) ,African rue (Peganum harmala) ,Russian knapweed (Acroptilon repans) Russian olive (Elaeagnus angustifolia) Saltcedar (Tamarix spp.) ,(blank),CubaSWCDboundary___New_Mexico_Office_of_the_State_Engineer.pdf,"Private Lands State Lands Tribe, Nation, or Pueblo Lands Local Governmental Lands (County, Municipal, etc.) ",(blank),200,100,100,,100,(blank),We have all of the necessary permissions ,"Each landowner must complete an initial application, including necessary permissions and liability waivers, to protect the district. ",(blank),(blank),"Noxious weeds pose a serious threat to agricultural productivity, native plant biodiversity, and overall land health within our district. These invasive species—such as hoary cress, Russian knapweed, and various thistles—outcompete native vegetation, degrade soil quality, reduce forage availability for livestock and wildlife, and increase long-term land management costs for producers and landowners. Many of our constituents lack the equipment, knowledge, or resources to effectively control these invasive weeds on their own.","This project aims to provide timely, cost-effective weed management by contracting qualified professionals to carry out targeted herbicide applications. By offering landowners financial support and access to skilled contractors, the district will improve treatment success, encourage proactive land stewardship, and prevent further spread of noxious weeds. Utilizing independent contractors eliminates the need for costly and time-consuming staff certifications and allows the program to launch quickly upon funding approval. Additionally, requiring landowner cost-share ensures commitment and sustainability while maximizing the reach of available funds. This collaborative, results-driven approach supports both environmental health and agricultural resilience across the district.","This is the district’s first large-scale grant application in years, reviving efforts after previous noxious weed programs were phased out.",We will be partnering with independent contractors to help complete this project. their knowledge and expertise will benefit our district as well as this grant.,Within 2 months of funding. This will give us time for outreach and coordinating contractors.,"Month 1: Program Launch & Outreach
Finalize grant agreement and budget

Develop and print landowner application materials

Notify landowners through outreach (flyers, meetings, social media, etc.)

Assemble list of pre-qualified independent contractors

Train staff on application review and assessment procedures

Month 2: Landowner Applications & Property Assessments
Begin accepting landowner applications

Schedule and conduct site assessments with district staff

Identify targeted noxious weed infestations per property

Approve eligible applications and notify landowners

Provide approved landowners with a list of contractors

Month 3: Contractor Selection & Project Estimating
Landowners select contractors from the approved list

Contractors visit sites to provide estimates

Landowners pay their 25% cost-share upfront

Contracts are signed between the district and the contractors

Months 4–6: Field Treatment Phase
Contractors begin noxious weed spraying and control activities

District staff document progress through scheduled site visits

Capture before-and-after photos for monitoring and compliance

Handle any new or late applications as funding allows

Month 7: Mid-Season Evaluation
Review completed projects and progress toward acreage/funding limits

Assess overall effectiveness and address any issues with contractors or landowners

Continue treatments if funding and acreage remain

Months 8–9: Final Treatments & Program Wrap-Up
Complete any remaining spraying or follow-up treatments

Collect final reports and documentation from contractors

Conduct post-treatment assessments of all project sites

Finalize all landowner files with completion reports and photos

Month 10: Reporting & Reimbursement
Compile program results and treatment data

Submit final grant report with supporting documentation

Process final payments and reimbursements

Evaluate contractor performance and landowner feedback

Month 11–12: Program Close-Out & Planning Ahead
Close out financial records and finalize administrative tasks

Host community meeting to share program outcomes

Begin planning for potential future phases or renewal applications

","Landowner communication, site visits, and outreach to landowners with completed projects to see how the treatment is working.",(blank),Yes ,Yes ,(blank),Cuba_SWCD_budget_grant_request.xlsx,60 000,15 000,0,The project acreage could be scaled down to meet project funding. ,(blank),checked,checked,checked,checked,checked,Christopher Lucero,dburruss@nmda.nmsu.edu,Dylan Burruss,NMDA-APR,TRUE,2025-04-15T14:17:21Z,1,1,1,"A - Applicant gave a clear & concise description of the project, summarizing the,	Objectives, Methods, Timeline, and Partners. All Landowner permissions have already been obtained, OR, a reasonable plan was presented to obtain them  ",20,B - Response gave a fairly clear indication that there is a need for the project as proposed.  ,4,"C - Response indicated benefits to residents of the impacted area, but could have been more compelling or specific. ",3,A - The project involves one or more partner organizations. The benefit of these partnerships has been clearly explained in terms of project outcomes and success.  ,5,"C - The proposed work appears to be a continuation or initialization of noxious weed management efforts, but more detail may be needed to clarify this point.  The applicant does not indicate any past experience informing their proposed work.  ",3,A ,20,10% Match Provided.  OR | partial match provided AND a compelling reason is given explaining extenuating circumstances. | ,10,C ,16,Yes - Partial Funding ,Yes ,(blank),(blank),sbaca@nmda.nmsu.edu,Stephen Baca,FY26 Noxious Weeds Reviewer,TRUE,2025-04-22T18:54:52Z,81,240,80,"A - Applicant gave a clear & concise description of the project, summarizing the,	Objectives, Methods, Timeline, and Partners. All Landowner permissions have already been obtained, OR, a reasonable plan was presented to obtain them  ",20,A - Response clearly and concisely conveyed why this project was needed in this grant cycle. No doubt remains. ,5,A - Response clearly explained specific and significant benefits to the residents of the impacted area.  ,5,"B - The project involves one or more partners, but the extent and benefit of these partnerships could be clearer. ",4,"C - The proposed work appears to be a continuation or initialization of noxious weed management efforts, but more detail may be needed to clarify this point.  The applicant does not indicate any past experience informing their proposed work.  ",3,B ,15,10% Match Provided.  OR | partial match provided AND a compelling reason is given explaining extenuating circumstances. | ,10,C ,16,Yes - Full Funding ,Yes ,I'm recommending this project for funding because there are many lands will be approved. It will also give work to many contractors. The plan gives lots of details.,I like that the lands owners will pay the cost share up front but what will happen if a hand owner can't afford it and they have land filled with invasives which will spread to other lands.,janet.nickerman@usda.gov,Janet Nickerman,FY26 Noxious Weeds Reviewer,TRUE,2025-04-23T13:42:43Z,78,"B- Description was mostly clear, but some required information (See list above) was omitted or could be more specific. Some Landowner permissions have already been obtained AND/OR a reasonable plan was presented to obtain them. ",15,A - Response clearly and concisely conveyed why this project was needed in this grant cycle. No doubt remains. ,5,A - Response clearly explained specific and significant benefits to the residents of the impacted area.  ,5,A - The project involves one or more partner organizations. The benefit of these partnerships has been clearly explained in terms of project outcomes and success.  ,5,"C - The proposed work appears to be a continuation or initialization of noxious weed management efforts, but more detail may be needed to clarify this point.  The applicant does not indicate any past experience informing their proposed work.  ",3,B ,15,10% Match Provided.  OR | partial match provided AND a compelling reason is given explaining extenuating circumstances. | ,10,B ,23,Yes - Full Funding ,No ,"answer for question: What is the need for this project?

Good answer was given.","For question: Provide a comprehensive timeline of project activities.

Provide the actual month that the project activities will start. Do the same with your budget timeline. Gives reviewers better view of your grant timeline.",ghernandez@nmda.nmsu.edu,Gaby Hernandez,NMDA-APR,TRUE,2025-04-22T21:32:12Z,81,acolin@nmda.nmsu.edu,Anthony Colin,NMDA-APR,FALSE,(blank),Assessor time and mileage should be more specific. The overall project plan is to utilize contractors. More funds toward that for the amount of acreage would be better use of the funds.,(blank)
summer.ludwig@belen-nm.gov,Summer,Ludwig,505-966-2686,(blank),100 S Main St,(blank),Belen,New Mexico,NM,NM,87002,US,FY26 NMDA's Noxious Weed Management Grant,50240644,In-Progress,2025-04-11T10:52:15MDT,FALSE,6cca1781-6453-4a76-bf4f-f3a8e6a70ecf,https://grants.nmda.nmsu.edu/submissions/50240644,"Integrated Weed Managemen
Class C
Class B
Planning, Capacity Develo
Class A
Local Governmental Lands
",(blank),"Ash Taylor
Anthony Colin
Patricia Depner",(blank),(blank),246,61.5,Scoring,,348 072,https://grants.nmda.nmsu.edu/file/download/ee9c63b5-e0d4-4741-a6e2-6edfd849121c,(blank),,16,"Other Local Government, Special District, or other Political Subdivision of State Government ",(blank),(blank),(blank),(blank),(blank),(blank),(blank),(blank),(blank),(blank),(blank),,(blank),(blank),(blank),(blank),(blank),(blank),City of Belen,Summer,Ludwig,summer.ludwig@belen-nm.gov,15 059 662 686,"100 S. Main St.
Belen, NM 87002",Yes ,(blank),(blank),(blank),(blank),(blank),(blank),(blank),(blank),No ,(blank),(blank),Belen Noxious Weed Management,"Integrated Weed Management (On-the-Ground Treatments) Planning, Capacity Development, and Partnership Building ",,,650,Roadrunner Public Health will provide public health noxious weed vegetation services for pre and post emergent treatment to clear weeds and reduce mosquito harborage targeting both Winter and Summer weeds on City property and right of way.,"Roadrunner Public Health will implement a comprehensive noxious weed and vegetation management program for the City of Belen, targeting both winter and summer weed growth on City-owned properties and rights-of-way. This public health initiative includes pre-emergent and post-emergent herbicide treatments to control invasive and noxious weed species throughout the year. By clearing overgrown vegetation, the program aims to reduce mosquito breeding grounds, mitigate fire risk, and improve the overall appearance and safety of public spaces.

In addition to protecting public health by limiting potential mosquito-borne illnesses, the vegetation management effort will enhance community well-being and support environmental stewardship. The City will prioritize high-traffic areas, drainage channels, and other sites with high vegetation density or public health concerns. Regular monitoring and follow-up treatments will ensure effectiveness and sustainability. This initiative reflects the City’s commitment to maintaining clean, safe, and healthy public environments for all residents and visitors.

The City will cut down noxious weeds after the summer growing season and then Roadrunner Public Health will use EsplAnade 200 SC and Ranger Pro products or similar for Pre and Post Emergent noxious weed management applications in the fall of 2025. Breakthrough growth will be treated in the summer. This program is our first for noxious weed management; however, the City is committed to carrying it our past the grant performance period and have budgeted for ongoing treatments as needed after this first year.",Class B Class C Class A ,Camelthorn (Alhagi psuedalhagi) Hoary cress (Cardaria spp.) Ravenna grass (Saccharum ravennae) ,Bull thistle (Cirsium vulgare) Perennial pepperweed (Lepidium latifolium) ,Saltcedar (Tamarix spp.) Russian knapweed (Acroptilon repans) Russian olive (Elaeagnus angustifolia) Musk thistle (Carduus nutans) Cheatgrass  (Bromus tectorum) Giant cane (Arundo donax) Parrotfeather  (Myriophyllum aquaticum) Siberian elm (Ulmus pumila) Tree of heaven (Ailanthus altissima) ,(blank),Screenshot_2025-04-10_173018.png,"Local Governmental Lands (County, Municipal, etc.) ",(blank),,650,,,,(blank),We have all of the necessary permissions ,We are proposing to treat only property owned by the municipality.,(blank),(blank),"The City of Belen faces ongoing challenges with noxious weed overgrowth on public property and rights-of-way, particularly during peak growing seasons. These overgrown areas not only create visual blight but also pose significant public health and safety risks. Dense weed growth provides ideal conditions for mosquito breeding, increasing the potential for the spread of mosquito-borne diseases such as West Nile Virus. Additionally, unmanaged vegetation contributes to fire hazards, obstructs sidewalks and roadways, and can damage infrastructure.

Without regular and effective vegetation control, the City struggles to maintain safe, accessible, and healthy public spaces. Current municipal resources are insufficient to address the widespread and seasonal nature of the issue, resulting in inconsistent treatment and long-term regrowth. This project is necessary to establish a proactive and systematic approach to noxious weed management, reduce public health threats, and improve the livability of our community.","This project will provide economic and environmental benefits for residents by improving public health, reducing maintenance costs, and protecting local ecosystems. Environmentally, targeted vegetation management will control the spread of invasive and noxious weed species that threaten native plants and disrupt natural habitats. Reducing mosquito harborage will also help minimize the use of chemical treatments and prevent the spread of mosquito-borne illnesses.

Economically, the project will reduce the need for emergency weed abatement and reactive mosquito control measures, resulting in cost savings. Clean, well-maintained public spaces can also boost property values and encourage economic activity by improving the overall appearance and safety of the community. Additionally, proactive weed control helps protect public infrastructure—such as sidewalks, drainage systems, and roadways—from damage caused by unchecked vegetation growth, avoiding costly repairs over time.

By investing in preventative maintenance, the City creates a more attractive, sustainable, and economically resilient environment for its residents.",We now use cutting and mowing which addresses immediate overgrowth but not the root causes. This program would greatly improve our weed management.,"The City of Belen will partner with Roadrunner Public Health to complete this project. Roadrunner is a trusted local provider with extensive experience in vegetation management and mosquito control. They currently perform mosquito spraying services for the City and are already familiar with Belen’s geography, climate patterns, and the specific noxious weeds that pose recurring challenges in our area.

Their expertise will greatly enhance the effectiveness and efficiency of the City’s weed management efforts. With access to professional-grade herbicides and application methods, Roadrunner will provide targeted pre- and post-emergent treatments that are far more effective than manual removal alone. This partnership will allow us to reduce weed regrowth, improve public health outcomes, and ease the strain on our Street Department.

Currently, 4–5 staff members spend approximately 95% of their time during peak growing seasons physically cutting and removing weeds. ",We anticipate beginning in the fall of 2025 after the summer growing season. ,"Fall of 2025 - City will cut and remove noxious weeds and then when clear, Roadrunner Public Health will apply the pre and post emergent treatment. Breakthrough growth will be treated in the spring/summer as needed. ","The City will work with Roadrunner to monitor all treated areas for breakthrough growth. When heavy, the City will remove by cutting/mowing and then further chemical treatment will be used by Roadrunner. We will continue this program and cut and remove weeds again in the fall of 2026 and then Roadrunner will apply the pre and post emergent treatement again. We plan on this being a program we will utilize as long as needed.",(blank),Yes ,(blank),(blank),noxious-weed-management-grant-budget-City_of_Belen.xlsx,60 000,25 915.65,0,"The City is committed to this program for the betterment of our citizens, businesses, and visitors. If only partial funding is awarded we will seek a Budget Amendment to pay the costs ourselves.",(blank),checked,checked,checked,checked,checked,Summer Ludwig,dburruss@nmda.nmsu.edu,Dylan Burruss,NMDA-APR,TRUE,2025-04-15T14:18:32Z,1,1,1,"A - Applicant gave a clear & concise description of the project, summarizing the,	Objectives, Methods, Timeline, and Partners. All Landowner permissions have already been obtained, OR, a reasonable plan was presented to obtain them  ",20,A - Response clearly and concisely conveyed why this project was needed in this grant cycle. No doubt remains. ,5,A - Response clearly explained specific and significant benefits to the residents of the impacted area.  ,5,A - The project involves one or more partner organizations. The benefit of these partnerships has been clearly explained in terms of project outcomes and success.  ,5,"A - The proposed work is clearly part of, or the start of, a broader comprehensive effort towards noxious weed management.  The proposed activities are clearly informed by past experience, even if this experience derives from outside the applicant organization or entity. ",5,A ,20,10% Match Provided.  OR | partial match provided AND a compelling reason is given explaining extenuating circumstances. | ,10,B ,23,Yes - Full Funding ,No ,"clear, defined need for project. ",(blank),pdepner@nmda.nmsu.edu,Patricia Depner,(blank),TRUE,2025-04-21T20:01:44Z,93,245,81.67,"A - Applicant gave a clear & concise description of the project, summarizing the,	Objectives, Methods, Timeline, and Partners. All Landowner permissions have already been obtained, OR, a reasonable plan was presented to obtain them  ",20,A - Response clearly and concisely conveyed why this project was needed in this grant cycle. No doubt remains. ,5,A - Response clearly explained specific and significant benefits to the residents of the impacted area.  ,5,A - The project involves one or more partner organizations. The benefit of these partnerships has been clearly explained in terms of project outcomes and success.  ,5,"B - It is mostly clear that the proposed work is part of, or the start of, a broader comprehensive effort towards noxious weed management.  The applicant connects the proposed work to at least one past or current noxious weed management project that has informed their proposal.  ",4,B ,15,(blank),,B ,23,Yes - Partial Funding ,No ,(blank),(blank),acolin@nmda.nmsu.edu,Anthony Colin,NMDA-APR,TRUE,2025-04-24T06:32:20Z,77,"B- Description was mostly clear, but some required information (See list above) was omitted or could be more specific. Some Landowner permissions have already been obtained AND/OR a reasonable plan was presented to obtain them. ",15,B - Response gave a fairly clear indication that there is a need for the project as proposed.  ,4,A - Response clearly explained specific and significant benefits to the residents of the impacted area.  ,5,A - The project involves one or more partner organizations. The benefit of these partnerships has been clearly explained in terms of project outcomes and success.  ,5,"A - The proposed work is clearly part of, or the start of, a broader comprehensive effort towards noxious weed management.  The proposed activities are clearly informed by past experience, even if this experience derives from outside the applicant organization or entity. ",5,B ,15,10% Match Provided.  OR | partial match provided AND a compelling reason is given explaining extenuating circumstances. | ,10,C ,16,Yes - Partial Funding ,Yes ,I like the combo of noxious weed and mosquito control,I would have liked to see the budget broken down and not just a lump 60k as well as what invasives are most likely contributing to the mosquito population,Ashley.Taylor@emnrd.nm.gov,Ash Taylor,Noxious Weed Management Grant Reviewer,TRUE,2025-04-23T16:15:43Z,75,acolin@nmda.nmsu.edu,Anthony Colin,NMDA-APR,FALSE,"Great project. Just flagging for basement folks to put eyes on the budget, and guess at whether we will get usable invoices/backup. (i.e. their contractors quote will be greater than the portion they request from the grant). ",(blank),"The budget is a lump sum ask and not broken down into services, goods, or species; also seems if they receive partial funding then there might be other funds they can utilize "
andyyates40@gmail.com,Andy,Yates,(blank),(blank),(blank),(blank),(blank),(blank),(blank),(blank),(blank),(blank),FY26 NMDA's Noxious Weed Management Grant,50240672,In-Progress,2025-04-11T10:54:48MDT,FALSE,00ed2546-e632-4f9d-bec1-9d2c4fb50def,https://grants.nmda.nmsu.edu/submissions/50240672,"Integrated Weed Managemen
Class C
Class B
Private Lands
REVIEW vs other grants
NO PRIVATE MATCH
",(blank),"Miles Mitchell
Michael Chacon
Janet Nickerman",(blank),(blank),225,56.25,Scoring,,15 998 328,https://grants.nmda.nmsu.edu/file/download/ee9c63b5-e0d4-4741-a6e2-6edfd849121c,"2025/04/23 - Miles Mitchell: Budget items seems to be on the really low end for application of herbicides.  

May need to be more engaged with contractors and pricing?",,17,Soil and Water Conservation District  ,(blank),(blank),(blank),(blank),(blank),(blank),(blank),(blank),(blank),(blank),(blank),,(blank),(blank),(blank),(blank),(blank),(blank),Colfax Soil And Water Conservation District,Andy,Yates,andyyates40@gmail.com,15 056 041 251,"P.O. Box 245
Raton, NM 87747",Yes ,(blank),(blank),(blank),(blank),(blank),(blank),(blank),(blank),Yes ,"HSP - Individual
District Opportunities grants
",(blank),Colfax county / Springer community ditches and Lazy S ranch land -- Integrated Weed  Management (on the ground treatments),Integrated Weed Management (On-the-Ground Treatments) ,,,137,"Integrated weed management along Springer community ditch system--approximately 97.23 acres
Integrated weed management within Lazy S ranch (northern Colfax county)--40 acres","Springer community ditch will be treated for noxious weeds in four parts. The first part is the main canal. The main canal diverts water from the Cimarron and Ponil rivers into the Springer ditch system and provides the only source of community water for the town of Springer. This portion is infested with Salt cedar and will be treated after the final town of springer reservoir fill occurs at the end of the year, around Sept-Nov.. The second part will consist of the north ditch of the irrigation system. This ditch provides water for agricultural producers north east of the town of Springer. The third part will be the middle ditch serving the producers due east of Springer. Finally, the fourth part will consist of the south ditch (map added as a follow on document below -- 5.58 acres) which serves agricultural producers southeast of Springer. The ditches will be treated for salt cedar and spiny cocklebur and any other noxious weed encountered. In addition, an aging landowner in the extreme northern part of the county has asked for help on a 40 acre plot to control african rue, bull thistle, hemlock, knapweed, and russian olive. This land owner is trying to bring pastures back from year round grazing to controlled partial year grazing. Essentially trying to repair the high county pasture previously over grazed and to allow for wildlife useage. Irrigation water is limited this year, therefore; stand off timelines can be met within noxious weed non-dormant growth period.",Class C Class B ,(blank),Spiny cocklebur (Xanthium spinosum) African rue (Peganum harmala) Bull thistle (Cirsium vulgare) Poison hemlock (Conium maculatum) ,Saltcedar (Tamarix spp.) Russian knapweed (Acroptilon repans) Russian olive (Elaeagnus angustifolia) ,(blank),"Springer_Ditch_--_North_ditch_8.65_miles.pdf
Lazy_S--_pasture_map_40_acres_weed_grant_fy26_1.png
Springer_Ditch_irrigation_canal9.57_miles.pdf",Private Lands ,(blank),137,,,,,(blank),We have all of the necessary permissions ,#NAME?,(blank),(blank),#NAME?,#NAME?,"- $800K Water trust board grant
- Unfortunately this block is corrupted and is maximizing my character count not allowing for further explanation",#NAME?,"- Based upon herbicide application instructions , early to late fall 
- August - September will be purchase of herbicide timeframe
- September through November will be the application timeframe
- All applications will be installed IAW label recommendations and in coordination with irrigation usage and cattle/wildlife management
- With the small amount of surface water available this season, the usage timeline will be greatly enhanced as canals and ditches will 
  not run for as many months as normal, as such stand off timeframes will coincide with application recommendation
- In short, while unfortunate; the spring runoff will be minimal and thus create a lot less surface water for usage, as such this creates a  
  beneficial scenario for treatment of a surface water delivery system as it allows for dry ditches in a timeframe that noxious weed can 
  still be treated. Typically water runs until treatment is up against dormancy making ground treatment difficult to achieve in these 
  areas. ","( Aug-Sept 25) - Lazy S ranch and Springer ditch system herbicide will purchased and received by contractor
(Sept-Nov 25) - (Integrated Weed Management-Ground application) Springer ditch system herbicide applied, again based upon ending date of irrigation/reservoir top off (ditches will need to remain empty for a minimum of 120 days after application)
(Sept-Nov 25) - (Integrated Weed Management-Ground Application) Lazy S ranch herbicide applied -- this will occur after cattle are removed but also inline with noxious weed application recommendations, in addition; as much attention as possible will be given to wildlife management ",Post treatment monitoring will occur after expected effectiveness timeframe for the particular noxious weeds treated. Land owners will be advised by CSWCD and NRCS office on how to follow up with continued management of the acres treated. If a treated area is considered to not have been effectively treated then contractor utilized will be engage to retreat the acreage of concern. ,(blank),No ,No ,#NAME?,CSWCD_FY_26_noxious_weed_grant_budget.xlsx,40 436.33,0,0,"We can partial out the noxious weed management based upon available funding. Springer Ditch Intake canal (the canal utilized to deliver surface water to the town of Springer water treatment plant and reservoirs) would become the priority with north, middle, and south ditches falling in behind Lazy S ranch, as permitted. ",Springer_Ditch_--_South_Ditch_5.58_miles.pdf,checked,checked,checked,checked,checked,Andy Yates,dburruss@nmda.nmsu.edu,Dylan Burruss,NMDA-APR,TRUE,2025-04-15T14:19:07Z,1,1,1,"A - Applicant gave a clear & concise description of the project, summarizing the,	Objectives, Methods, Timeline, and Partners. All Landowner permissions have already been obtained, OR, a reasonable plan was presented to obtain them  ",20,B - Response gave a fairly clear indication that there is a need for the project as proposed.  ,4,"B - Response gave a fairly clear, reasonably specific indication of the project’s benefit to residents of the impacted area. ",4,D - Work will be completed in isolation despite clear opportunities for beneficial partnership. ,2,"D - The project is either uninformed by prior experience, unrelated to existing efforts, or the answer does not contain enough information to discern either way.  ",2,B ,15,No match provided. AND Compelling reason given explaining extenuating circumstances. ,5,B ,23,No - No Funding ,Yes ,This project improves water quality and quantity through the Springer ditch system. ,This project could be more competitive if there a component which could include work force development. ,janet.nickerman@usda.gov,Janet Nickerman,FY26 Noxious Weeds Reviewer,TRUE,2025-04-23T04:43:35Z,75,224,74.67,C - Summary was adequate but more information is needed for a clear understanding of the project. Some OR No landowner permissions have been obtained. A mostly reasonable plan was presented to obtain the rest. ,10,B - Response gave a fairly clear indication that there is a need for the project as proposed.  ,4,"B - Response gave a fairly clear, reasonably specific indication of the project’s benefit to residents of the impacted area. ",4,"B - The project involves one or more partners, but the extent and benefit of these partnerships could be clearer. ",4,"D - The project is either uninformed by prior experience, unrelated to existing efforts, or the answer does not contain enough information to discern either way.  ",2,C ,10,No match provided. AND Compelling reason given explaining extenuating circumstances. ,5,A  ,30,Yes - Full Funding ,No ,"The main section of work is for the ""only source of community water for the town of Springer.""","Project Title and Summary lacks Methods, timeline and Partners.

Project Need - the third point is confusingly worded

Project Benefit does not clearly describe any environmental benefits.

Partners does not describe how specifically the partnerships enhance the project.

Build on Previous Projects is incomplete.

Project Timeline - ""What is the earliest date you will be ready to begin project activities?"" is excessively vague.",michael.chacon@iad.nm.gov,Michael Chacon,FY26 HSP reviewer,TRUE,2025-04-22T21:53:59Z,69,"A - Applicant gave a clear & concise description of the project, summarizing the,	Objectives, Methods, Timeline, and Partners. All Landowner permissions have already been obtained, OR, a reasonable plan was presented to obtain them  ",20,A - Response clearly and concisely conveyed why this project was needed in this grant cycle. No doubt remains. ,5,A - Response clearly explained specific and significant benefits to the residents of the impacted area.  ,5,A - The project involves one or more partner organizations. The benefit of these partnerships has been clearly explained in terms of project outcomes and success.  ,5,"B - It is mostly clear that the proposed work is part of, or the start of, a broader comprehensive effort towards noxious weed management.  The applicant connects the proposed work to at least one past or current noxious weed management project that has informed their proposal.  ",4,A ,20,No match provided. AND Compelling reason given explaining extenuating circumstances. ,5,C ,16,Yes - Partial Funding ,No ,"The social and economic need for project is clearly identified.  Multiple partnerships to help with mitigation of project and compliance of herbicides and application procedures.
Time lines are realistic and clearly explained.",Budget items seem to be left out.  The names of the business that will service the application.  No Herbicide names are included.,mmitchell@nmda.nmsu.edu,Miles Mitchell,(blank),TRUE,2025-04-23T15:04:54Z,80,acolin@nmda.nmsu.edu,Anthony Colin,NMDA-APR,FALSE,(blank),(blank),"Services are not identified with business names.  Rates for applications seem to be low?
No names of herbicide that will be use for treatment."
darien@taoslandtrust.org,Darien,Fernandez,575-751-3138,(blank),PO Box 376,(blank),Taos,New Mexico,NM,(blank),87571,US,FY26 NMDA's Noxious Weed Management Grant,50240860,In-Progress,2025-04-11T11:11:39MDT,FALSE,cc973c64-1ac7-4769-a46f-5347d37a3a0d,https://grants.nmda.nmsu.edu/submissions/50240860,"Integrated Weed Managemen
Class C
Class B
Private Lands
Planning, Capacity Develo
Education and Outreach
Class A
Local Governmental Lands
Early Detection & Rapid R
REVIEW vs other grants
Surveying and Mapping
",(blank),"Ash Taylor
Anthony Colin
Patricia Depner",(blank),(blank),260,65,Scoring,,6 527 072,https://grants.nmda.nmsu.edu/file/download/ee9c63b5-e0d4-4741-a6e2-6edfd849121c,(blank),,19,Nonprofit or other Non-Governmental Organization with proven land management capacity ,(blank),85-0373099,Taos Land Trust,PO Box 376,(blank),Taos,NM,87571,501(c)(3) Public Charity,A public charity (50% deductibility limitation).,Section 509(a)(1) organization as referred to in Section 170(b)(1)(A)(vi),,2025-03-10T00:00:00,2025-03-10T00:00:00,2025-04-07T00:00:00,This organization was not included in the Office of Foreign Assets Control Specially Designated Nationals(SDN) list.,"('1990',)/('11',)",(blank),Taos Land Trust,Darien,Fernandez,darien@taoslandtrust.org,15 757 513 138,"410 La Posta Road
Taos, NM 87571",No ,PO Box 376,(blank),Taos,New Mexico,US,87571-0376,-105.5699764,36.3887712,Yes ,Healthy Soils,(blank),Rio Fernando Park and Vigil y Romo Acequia Invasive Species Mitigation Phase 2,"Surveying and Mapping Early Detection & Rapid Response (EDRR) Integrated Weed Management (On-the-Ground Treatments) Education and Outreach Planning, Capacity Development, and Partnership Building ",45,45,45,"Building on information from phase 1 of mapping, treatment, and pre/post assessments, we prioritize physical and cultural treatments and conduct additional public workshops on the threat of noxious weeds to productive lands, while leveraging other funds to re-establish  soil health.","We own a 20 acre public park in Taos, adjacent to a 20 acre Taos municipal open space. We are parciantes on the Vigil y Romo Acequia, which includes the Town of Taos and property owners of 5 additional acres in the project area. 

We've mapped and addressed Class A, Class B, and Class C species within the project area. For each species of concern, we laid out two 30m X 30m plots with 3m X 3m subplots to monitor pre-and-post treatment inventory. We will continue to treat and inventory with a seasonal youth conservation corps crew as part of our long term ecological monitoring program. Phase 2 treatment methods include physical, mechanical, cultural with contracted goat grazing, fire with individual blow torch applications, and chemical with high strength vinegar application. In Phase 2 we seek equipment such as a rotary cutter and a portable sawmill to scale up our treatments. We also plan to rent this equipment to community to support treatment efforts in the Taos area. 

We will host additional public workshops to share our results. We will continue to mill suitable material for use on the property. We have built two park benches with Russian olive and received a $21,000 grant to purchase tools to create a wood shop to expand our capacity to repurpose materials. Work will take place between July 2025 and June 2026. Partners include the Town of Taos, Taos Land Trust, and the Vigil y Romo Acequia.",Class A Class B Class C ,Canada thistle (Cirsium arvense) Hoary cress (Cardaria spp.) Oxeye daisy (Leucanthemum vulgare) Scotch thistle (Onopordum acanthium) ,Perennial pepperweed (Lepidium latifolium) Teasel (Dipsacus fullonum) ,Cheatgrass  (Bromus tectorum) Musk thistle (Carduus nutans) Russian olive (Elaeagnus angustifolia) Siberian elm (Ulmus pumila) ,(blank),"Vigil_y_Romo_map_1.pdf
Workplan_2_-_Map.pdf","Private Lands Local Governmental Lands (County, Municipal, etc.) ",(blank),25,20,,,,(blank),We have all of the necessary permissions ,"Taos Land Trust owns 20 acres of property that will be treated. Vigil y Romo Acequia bylaws allow for access to property for acequia cleaning, which will include invasives treatment along the acequia corridor and along the Rio Fernando and we have the support of the Acequia Commission to pursue this grant. Additionally, we have an active formal partnership with the Town of Taos and Vigil y Romo Acequia commission for work to be done under a NMDA Healthy Soils Grant.",(blank),(blank),"This project is a component of a long-term collaborative effort to restore the Rio Fernando watershed that includes the subject properties. Additionally, Taos Land Trust is one of several local groups working together to revitalize local agriculture, and the treatment methods we study and use are shared with farmers and ranchers, to inform their land management practices. The subject properties are similar in soil composition and invasive plant inventory to many properties in Taos County and northern New Mexico that are at risk of reduced biodiversity and soil health caused by Class A, B, and C invasive species. The work we do will improve the health of the land and watershed and serve as a showcase project for integrated invasive species treatment methods. Additionally, we rent out our equipment to community members who want to keep lands in production but cannot afford to purchase tractors or seeders.","The Taos Land Trust Rio Fernando Park and Town of Taos municipal park and open space are enjoyed by community members and visitors of all ages. Numerous special interest participants such as bird watchers also frequent the sites. Work to remove invasive species in these areas will provide an enhanced visitor experience for residents and tourists, contributing to an improved quality of life for residents and increased tax revenues from tourists spending more time in Taos. 

Treatment of invasive species will help to restore the native flora and fauna of the area. Additionally, the methods we study and employ are shared with the community, so that other landowners can apply effective treatments to their lands, including agricultural lands in production and at risk of invasive monocropping. This supports our community's agricultural heritage and provides an opportunity for farm-based economic diversification.","This project expands on work under NMDA Healthy Soils and Noxious Weeds grants, and the data collected will inform current and future best practices.","Town of Taos staff will ensure site access on their 20 acres of the project area, and support with up to 80 hours of staff time in removing invasives from the Vigil y Romo Acequia, Rio Fernando, and associated laterals. Vigil y Romo Acequia Commission will commit 80 hours of volunteer time to invasive species removal on the associated properties. Rio Fernando de Taos Revitalization Collaborative will commit 80 hours of volunteer time. Taos County Cooperative Weed Management Association will assist in promoting the workshops. These volunteer hours and networking efforts will supplement Taos Land Trust staff time, allowing us to focus on managing, coordinating, and implementing the treatment methods and data collection within the expected project timeline of July 2025-June 2026.",15-Jul-25,"See attached document ""TLT FY 26 NW Timeline"" for more detailed information.

July 2025	Staff to survey Class A, B, and C invasive species in the treatment area and monitor control and test plots. Update mapping and EDDR
July 2025	Cultural treatment with goat grazing
July 2025	Purchase 3 point rotary cutter
July 2025	Purchase Portable Sawmill
August 2025	Staff time to physically and mechanically treat affected areas, and survey and map.
September 2025	Staff time to physically and mechanically treat affected areas, and survey and map
October 2025	Workshop prep and delivery
November 2025	Spring project planning
December 2025	Spring project planning
January 2026	Spring project planning
February 2026	Spring project planning
March 2026	Staff time to physically and mechanically treat affected areas, and collect data, Cultural treatment with goat grazing
April 2026	Staff time to physically and mechanically treat affected areas, and collect data
May 2026	Staff time to physically and mechanically treat affected areas, and collect data
June 2026	Staff time to physically and mechanically treat affected areas, and collect data
June 2026	Workshop prep and delivery","We will continue to monitor test and control plots with our seasonal New Mexico Youth Conservation Corps crew, and oversight from staff. Data will be updated on our website so public can access it. We also will update plot and mapping information on Google Earth Pro and ArcGIS.",TLT_FY26_NW_Timeline_.docx,Yes ,Yes ,(blank),noxious-weed-management-Taos_Land_Trust_2026.xlsx,59 730,23 067.6,0,"Yes. we would reduce the acres to be treated, and the subsequent staff
time involved.","ODonnell_NM_Taos_TLT_Cornelio_Basin_CB8_314NW.jpg
IMG_2339.jpeg
TOT_Letter_of_Support_for_Invasives_Project_FY26.pdf",checked,checked,checked,checked,checked,Darien Fernandez,dburruss@nmda.nmsu.edu,Dylan Burruss,NMDA-APR,TRUE,2025-04-15T14:20:53Z,1,1,1,"A - Applicant gave a clear & concise description of the project, summarizing the,	Objectives, Methods, Timeline, and Partners. All Landowner permissions have already been obtained, OR, a reasonable plan was presented to obtain them  ",20,B - Response gave a fairly clear indication that there is a need for the project as proposed.  ,4,"B - Response gave a fairly clear, reasonably specific indication of the project’s benefit to residents of the impacted area. ",4,A - The project involves one or more partner organizations. The benefit of these partnerships has been clearly explained in terms of project outcomes and success.  ,5,"B - It is mostly clear that the proposed work is part of, or the start of, a broader comprehensive effort towards noxious weed management.  The applicant connects the proposed work to at least one past or current noxious weed management project that has informed their proposal.  ",4,B ,15,10% Match Provided.  OR | partial match provided AND a compelling reason is given explaining extenuating circumstances. | ,10,C ,16,Yes - Partial Funding ,Yes ,"This is a great project, and it's great to hear that the current funds are being put to thoughtful use!",(blank),acolin@nmda.nmsu.edu,Anthony Colin,NMDA-APR,TRUE,2025-04-24T06:32:07Z,78,259,86.33,"A - Applicant gave a clear & concise description of the project, summarizing the,	Objectives, Methods, Timeline, and Partners. All Landowner permissions have already been obtained, OR, a reasonable plan was presented to obtain them  ",20,B - Response gave a fairly clear indication that there is a need for the project as proposed.  ,4,A - Response clearly explained specific and significant benefits to the residents of the impacted area.  ,5,A - The project involves one or more partner organizations. The benefit of these partnerships has been clearly explained in terms of project outcomes and success.  ,5,"A - The proposed work is clearly part of, or the start of, a broader comprehensive effort towards noxious weed management.  The proposed activities are clearly informed by past experience, even if this experience derives from outside the applicant organization or entity. ",5,A ,20,10% Match Provided.  OR | partial match provided AND a compelling reason is given explaining extenuating circumstances. | ,10,B ,23,Yes - Partial Funding ,Yes ,"pre and post treatment monitoring plots, acequia cleaning, continued work from other grants",I would have liked to see what species were already inventoried and how they were going to prioritize this preexisting list based on season/treatment/etc,Ashley.Taylor@emnrd.nm.gov,Ash Taylor,Noxious Weed Management Grant Reviewer,TRUE,2025-04-23T15:55:48Z,92,"B- Description was mostly clear, but some required information (See list above) was omitted or could be more specific. Some Landowner permissions have already been obtained AND/OR a reasonable plan was presented to obtain them. ",15,"C - Response demonstrated some need, but at a superficial level with missing details. ",3,"C - Response indicated benefits to residents of the impacted area, but could have been more compelling or specific. ",3,A - The project involves one or more partner organizations. The benefit of these partnerships has been clearly explained in terms of project outcomes and success.  ,5,"C - The proposed work appears to be a continuation or initialization of noxious weed management efforts, but more detail may be needed to clarify this point.  The applicant does not indicate any past experience informing their proposed work.  ",3,A ,20,10% Match Provided.  OR | partial match provided AND a compelling reason is given explaining extenuating circumstances. | ,10,A  ,30,Yes - Full Funding ,No ,Good timeline/budget. Many partners. ,Project benefit and expansion of previous projects are vague-could have more detail. ,pdepner@nmda.nmsu.edu,Patricia Depner,(blank),TRUE,2025-04-21T20:14:58Z,89,acolin@nmda.nmsu.edu,Anthony Colin,NMDA-APR,FALSE,Curious about the hourly staff time rate and if its high or accounting for other benefits built into the position? Compared to hourly rate of volunteer hours in match tab,"Insufficient detail to justify the staff time (e.g. four months of planning for $14k???). The rest of the project is more or less two durable goods, one of which feels pretty far outside the scope of the program (sawmill), and the other of which is suspiciously close to the limit on durable goods. It's a huge cost for the number of acres treated, and I would have selected ""No funding"" if I had left myself anywhere to explain why in writing (sorry). ",(blank)
tdominick@conservationlegacy.org,Ticika,Dominick,3607082029,(blank),7851 C 2nd St SW,(blank),Albuquerque,New Mexico,NM,(blank),87105,US,FY26 NMDA's Noxious Weed Management Grant,50240998,In-Progress,2025-04-11T11:24:42MDT,FALSE,69b2bf02-6d7b-46e2-86b0-aa1a24388d7a,https://grants.nmda.nmsu.edu/submissions/50240998,"Integrated Weed Managemen
Class C
Tribe, Nation, or Pueblo 
",(blank),"Miles Mitchell
Janet Nickerman
Michael Purdy",(blank),(blank),257,64.25,Scoring,,1 523 055,https://grants.nmda.nmsu.edu/file/download/ee9c63b5-e0d4-4741-a6e2-6edfd849121c,"2025/04/23 - Miles Mitchell: Good application!  
I am just concerned with budget and how it is presented in weekly units.  The timeline and type of work is listed but lumped into one entry.  Just needs some adjustments and clarity to help understanding of the pricing.",,20,Nonprofit or other Non-Governmental Organization with proven land management capacity ,(blank),84-1450808,Conservation Legacy,701 Camino Del Rio Ste 101,(blank),Durango,CO,81301-5597,501(c)(3) Public Charity,A public charity (50% deductibility limitation).,Section 509(a)(1) organization as referred to in Section 170(b)(1)(A)(vi),,2025-03-10T00:00:00,2025-03-10T00:00:00,2025-04-07T00:00:00,This organization was not included in the Office of Foreign Assets Control Specially Designated Nationals(SDN) list.,"('1998',)/('04',)",(blank),"Ancestral Lands Conservation Corps, a program of Conservation Legacy",Chas,Robles,chas@conservationlegacy.org,19 702 165 988,"7851 C 2nd St SW, Albuquerque, NM 87105",No ,701 Camino del Rio,Ste 101,Durango,CO,US,81301,-107.884377,37.272446,No ,(blank),(blank),Tribal Riparian and Forestry Restoration of the Bosque,Integrated Weed Management (On-the-Ground Treatments) ,,,37,"Ancestral Lands Conservation Corps will partner with the Pueblo of Sandia to address critical conservation needs along the Bosque, treating priority invasive woody species that have severe negative impacts on the health of the Rio Grande and its surrounding forest. ","Ancestral Lands Conservation Corps (ALCC), a program of Conservation Legacy, engages Indigenous youth in conservation projects that reconnect them to the land, mentorship, and economic opportunity. The proposed project will recruit youth in restoring the Rio Grande’s Bosque in the Pueblo of Sandia that is endangered by Class C noxious weeds including Siberian elm, Russian olive, saltcedar, and tree of heaven. Each species drastically affects the ecology of the Bosque by sapping water resources, providing excessive wildfire fuel, and outcompeting native species. The project area was treated over 10 years ago. The goal is to retreat and eradicate new and resprouts of non-native trees. 

ALCC will recruit a crew of six youth to restore 37 acres. Youth will gain industry-recognized certifications and skills including herbicide application, tool safety and handling, chainsaw operations, and Wilderness First Aid. The crew's treatments will begin in August and follow the treatment plan for the area. The project will meet immediate needs while increasing the future land management capacity of the Pueblo and other agencies by training the next generation of land managers.  

On-the-ground treatment methods for tree of heaven will be spray only - trees up to chest height will be foliar sprayed and larger trees will receive the hack & squirt method. All other species will be cut & sprayed. Smaller trees will be chipped and larger trees will be hauled off-site to be utilized as biochar as soil amendment in the Pueblo. The herbicide will be triclopyr (Garlon 4 or equivalent).",Class C ,(blank),(blank),Russian olive (Elaeagnus angustifolia) Siberian elm (Ulmus pumila) Tree of heaven (Ailanthus altissima) Saltcedar (Tamarix spp.) ,(blank),NMDA_Nox_Weeds_Proposed_Unit.pdf,"Tribe, Nation, or Pueblo Lands ",(blank),,,,,37,(blank),We have all of the necessary permissions ,"As a long-standing partner with the Pueblo of Sandia, ALCC has received multiple letters of support and entered several contractual agreements. Attached is a letter of support for the proposed project in this application. ",(blank),(blank),"The project will meet critical conservation goals as detailed in the Pueblo’s management plan. Each of the identified invasive noxious weeds have devasting ecological effects such as changing the riverbed landscape, outcompeting native species, absorbing an abundance of critical water resources, and providing excessive catastrophic wildfire fuels. Sediment from upstream dams and these invasive species have pushed the Bosque into a monospecific stand with a homogenous canopy, making the forest more at risk of disease and catastrophic fire. In addition to the depth of conservation needs, the Pueblo has limited capacity to address them. The target area of the project was last treated over 10 years ago, and a quick response while new and resprouted non-native trees are small to medium in size is ideal for their eradication and the health of the area. ","The project site is also the area of a channel specifically constructed to benefit the endangered silvery minnow. The prescribed treatments will reduce the pressure of invasive species and allow native species to flourish, increasing the biodiversity and resilience of the forest and riparian habitat. Overall, the project activities will address critical natural resources issues for the Pueblo of Sandia around water scarcity, invasive species management, and the risk for catastrophic wildfire while also providing innovative opportunities for competitive workforce development opportunities where few exist. ALCC provides a minimum living stipend of $16.25/hr with the ability to advance with professional development to $23.75/hr so participants can support themselves and their families while they gain skills for long-term success such as chainsaw operations, Wilderness First Aid, and herbicide application.",This project will build on the Pueblo’s current treatment and management plan for the 800 acres of managed Bosque lands.,"Ancestral Lands Conservation Corps has a positive working relationship with the Pueblo of Sandia which has led to the design of this project that will help the Pueblo meet critical conservation goals while providing youth with impactful learning and service opportunities. While the Pueblo has a Bosque Program with a crew to manage the Bosque, partnerships like those formed with ALCC are necessary in helping to manage the over 800 acres that are in the program’s care. Due to high propagation and how widespread Class C noxious weeds are, regular treatment is required to maintain a healthy forest and watershed. This project will continue the efforts to restore the health and resilience of the Bosque and retreat an area that was first treated over 10 years ago to eradicate new and resprouted non-native trees. ","Due to migratory birds, weather, and training schedules, the earliest on-the-ground treatment could begin is September 2025.  ","August: Recruitment, onboarding & training 

August-September: Meet project partners, familiarize youth with project site history 

September - December: Integrated Weed Management (On-the-Ground Treatments) project activities

December-January: Summarize outcomes & report final deliverables to partners 

 ",The project is part of the Pueblo’s current treatment and management plan of the area and the Bosque program of the Pueblo will handle post-treatment monitoring. Ancestral Lands Conservation Corps will continue to support the Pueblo of Sandia as funding and capacity allows. ,(blank),Yes ,(blank),(blank),ALCC_noxious-weed-management-grant-budget-template.xlsx,59 640,19 879.98,0,"Yes, Ancestral Lands Conservation Corps uses a cost allocation method that includes personnel, fringe, and supplies that is charged at a weekly rate. ALCC can scale the project weeks and treatment area to the awarded funding.  ","NMDA_Noxious_Weeds_Program_LoS_from_Pueblo_of_Sandia.pdf
501c3_IRS_Letter_dated_7.17.2019.pdf",checked,checked,checked,checked,checked,Ticika Dominick,dburruss@nmda.nmsu.edu,Dylan Burruss,NMDA-APR,TRUE,2025-04-15T14:24:14Z,1,1,1,"A - Applicant gave a clear & concise description of the project, summarizing the,	Objectives, Methods, Timeline, and Partners. All Landowner permissions have already been obtained, OR, a reasonable plan was presented to obtain them  ",20,A - Response clearly and concisely conveyed why this project was needed in this grant cycle. No doubt remains. ,5,A - Response clearly explained specific and significant benefits to the residents of the impacted area.  ,5,"B - The project involves one or more partners, but the extent and benefit of these partnerships could be clearer. ",4,"B - It is mostly clear that the proposed work is part of, or the start of, a broader comprehensive effort towards noxious weed management.  The applicant connects the proposed work to at least one past or current noxious weed management project that has informed their proposal.  ",4,B ,15,10% Match Provided.  OR | partial match provided AND a compelling reason is given explaining extenuating circumstances. | ,10,C ,16,Yes - Partial Funding ,Yes ,(blank),(blank),mpurdy@nmda.nmsu.edu,Michael Purdy,(blank),TRUE,2025-04-22T19:35:59Z,79,256,85.33,"A - Applicant gave a clear & concise description of the project, summarizing the,	Objectives, Methods, Timeline, and Partners. All Landowner permissions have already been obtained, OR, a reasonable plan was presented to obtain them  ",20,A - Response clearly and concisely conveyed why this project was needed in this grant cycle. No doubt remains. ,5,A - Response clearly explained specific and significant benefits to the residents of the impacted area.  ,5,A - The project involves one or more partner organizations. The benefit of these partnerships has been clearly explained in terms of project outcomes and success.  ,5,"A - The proposed work is clearly part of, or the start of, a broader comprehensive effort towards noxious weed management.  The proposed activities are clearly informed by past experience, even if this experience derives from outside the applicant organization or entity. ",5,B ,15,10% Match Provided.  OR | partial match provided AND a compelling reason is given explaining extenuating circumstances. | ,10,C ,16,Yes - Partial Funding ,No ,"On going project from 10 years ago and a continued effort to provide follow-up treatment.
Partnerships show major support for the project.",Just need to break down timeline more for reviewers to understand a complete picture of the work to be done.  This needs to match a budget that is clearly reimbursable.,mmitchell@nmda.nmsu.edu,Miles Mitchell,(blank),TRUE,2025-04-23T15:01:39Z,81,"A - Applicant gave a clear & concise description of the project, summarizing the,	Objectives, Methods, Timeline, and Partners. All Landowner permissions have already been obtained, OR, a reasonable plan was presented to obtain them  ",20,B - Response gave a fairly clear indication that there is a need for the project as proposed.  ,4,"B - Response gave a fairly clear, reasonably specific indication of the project’s benefit to residents of the impacted area. ",4,"B - The project involves one or more partners, but the extent and benefit of these partnerships could be clearer. ",4,"B - It is mostly clear that the proposed work is part of, or the start of, a broader comprehensive effort towards noxious weed management.  The applicant connects the proposed work to at least one past or current noxious weed management project that has informed their proposal.  ",4,A ,20,10% Match Provided.  OR | partial match provided AND a compelling reason is given explaining extenuating circumstances. | ,10,A  ,30,Yes - Full Funding ,Yes ,Restoration of the Bosque is important because of the water quality and quantity. The endangered silvery minnow will also benefit. This will provide workforce development ,"More details involving the budget. One example if Imazapyr is a line item, but Triclopyr is not. It's not clear if Triclopyr is included in a separate contract or if it's part of the grant request.  ",janet.nickerman@usda.gov,Janet Nickerman,FY26 Noxious Weeds Reviewer,TRUE,2025-04-23T04:28:12Z,96,acolin@nmda.nmsu.edu,Anthony Colin,NMDA-APR,FALSE,Budget is very general and doesn't outline expenditures of services other than cost by week.  Not very clear on the template.  The narrative and answers to question seem to provide some clarity but doesn't match up completely with an description of details in budget.,The per acre cost for treatment may need to be adjusted. ,(blank)
